code1,code2,label
"import java.util.*;
import java.io.*;
public class C {
	public static void main(String[]args) throws FileNotFoundException {
		Scanner in = new Scanner(System.in);
		PrintWriter writer = new PrintWriter(""c-large.out"");
		int inputs = in.nextInt();
		for(int caseNum = 1; caseNum <= inputs; caseNum++) {
			int row = in.nextInt();
			int col = in.nextInt();
			int total = row*col;
			int mines = in.nextInt();
			int spaces = total - mines;
			boolean poss = false;
			char[][] grid = new char[row][col];
			for(int i = 0;  i< row; i++) {
				Arrays.fill(grid[i], '*');
			}
			boolean special = false;
			int ans = 0;
			if(spaces == 1) {
				ans = 1;
				special = true;
				grid[0][0] = '.';
				poss = true;
			}
			
			
			if(col == 1) {
				ans = spaces;
				poss = true;
				for(int i = 0 ; i <spaces; i++) {
					grid[i][0] = '.';
				}
				special = true;
			}
			
			if(row == 1) {
				ans = 1;
				poss = true;
				for(int i = 0 ; i <spaces; i++) {
					grid[0][i] = '.';
				}
				special = true;
			}
			
			if(mines == 0) {
				poss = true;
				ans = col;
				for(int i = 0;  i< row; i++) {
					Arrays.fill(grid[i], '.');
				}
				special = true;
			}
			
			for(int i = 2; i <= row; i++) {
				//System.out.println(i + "" "" + spaces/i + "" "" + spaces % i);
				if((spaces/i == col && spaces% i != 0) || (spaces/i == 2 && spaces%i == 1) || spaces / i > col || spaces/i<2) {
					continue;
				} else if(i != 2 || spaces%i != 1) {
					//System.out.println(spaces + "" ""+ i);
					ans = i","#!/usr/bin/env python
#coding=utf-8

def pm(l,tf):
    if tf:
        ln=zip(*l)
    else:
        ln=l
    for li in ln:
        print ''.join(li)

def main():
    t=int(raw_input())
    for ti in range(t):
        print ""Case #%d:""%(ti+1)
        r,c,m1=map(int,raw_input().split())
        m=r*c-m1
        if r>c:
            r,c=c,r
            tf=1
        else:
            tf=0
        if r==1:
            l=[['c']+['.']*(m-1)+['*']*(c-m)]
            pm(l,tf)
        elif r==2:
            if m==1:
                l=[['c']+['*']*(c-1),['*']*c]
                pm(l,tf)
            elif m%2==1 or m==2:
                print ""Impossible""
            else:
                l=[['c']+['.']*(m/2-1)+['*']*(c-m/2),['.']*(m/2)+['*']*(c-m/2)]
                pm(l,tf)
        elif m==1:
            l=[]
            for ri in range(r):
                l.append(['*']*c)
            l[0][0]='c'
            pm(l,tf)
        elif m==2 or m==3 or m==5 or m==7:
            print ""Impossible""
        else:
            if m>=r*2:
                r1=r
                c1=m/r
            else:
                r1=m/2
                c1=2
            y1=m-r1*c1;y2=0
            if y1==1:
                if c1==2:
                    r1-=1
                    y1+=2
                else:
                    y1+=1
                    y2=1
            l1=[]
            for ri in range(r1):
                l1.append(['.']*(c1+1 if ri<y1 else c1))
            l1[0][0]='c'
            if y2:",1
"import java.util.Scanner;

class Main {
	public static void main(String[] args) {
		Scanner sc = new Scanner(System.in);
		int N = sc.nextInt(), len, i, j = 0, k;
		sc.close();
		String tmp;
		for (i = 1; j < N; ++i) {
			tmp = Integer.toString(i);
			len = tmp.length();
			for (k = 1; k < len; ++k) {
				if (tmp.charAt(k - 1) != tmp.charAt(k)) break;
			}
			if (k == len) ++j;
		}
		System.out.println(i - 1);
	}
}","rl = raw_input
T = int(rl())

def count_served_by(time):
    if time < 0: return 0
    served_cnt = 0
    for m in M:
        served_cnt += (time + m) / m
    return served_cnt


for c in xrange(T):
    B, N = map(int, rl().strip().split())
    M = map(int, rl().strip().split())

    cant_be_served = -1
    will_be_served = 100000 * N + 1

    while cant_be_served + 1 < will_be_served:

        cand = (cant_be_served + will_be_served) / 2

        if count_served_by(cand) >= N:
            will_be_served = cand
        else:
            cant_be_served = cand

    # print 'will be served at time %d' % will_be_served

    remaining = N - count_served_by(will_be_served - 1)
    # print 'remaining %d' % remaining
    for i, m in enumerate(M):
        if will_be_served % m == 0:
            if remaining == 1:
                print 'Case #%d: %d' % (c+1, i+1)
                break
            else:
                remaining -= 1",0
"import java.util.Scanner;

class Main{
	public static void main(String[] args) {
		Scanner sc=new Scanner(System.in);
		String unko=sc.next();
		String[] buri=new String[unko.length()+1];
		for(int i=1; i<=unko.length(); i++) {
			buri[i]=unko.charAt(i-1)+"""";
		}
		int sousa=sc.nextInt();
		for(int i=0; i<sousa; i++) {
			int f=sc.nextInt();
			int t=sc.nextInt();
			for(int j=f; j<=f+(t-f)/2; j++) {
				String tmp=buri[j];
				buri[j]=buri[t+f-j];
				buri[t+f-j]=tmp;
			}
		}
		String moto="""";

		for(int i=1; i<=unko.length();i++) {
			moto=moto+buri[i];
		}
		System.out.println(moto);
	}
}","import numpy as np

N = int(input())
H = np.zeros(N, dtype=np.int)
S = np.zeros(N, dtype=np.int)
th = np.arange(N)

for i in range(N):
    H[i], S[i] = map(int, input().split())
 
def check_P(p):
    #???P????????????????
    #p???????????????????????
    T = np.floor((p - H) / S)
    return np.all(np.sort(T) >= th)
 
#p?2??????
P_low = np.int(0)
P_high = np.int(0)
for i in range(N):
    p = H[i]
    if (P_low < p):
        P_low = p
    p = H[i] + S[i]*(N-1)
    if (P_high < p):
        P_high = p
P_low -= 1
 
while((P_high - P_low) > 1):
    P_now = np.int((P_low + P_high) / 2)
    #print(P_low, P_now, P_high)
 
    if (check_P(P_now)):
        P_high = P_now
    else:
        P_low = P_now
print(P_high)",0
"import java.io.OutputStream;
import java.io.IOException;
import java.io.InputStream;
import java.io.PrintWriter;
import java.util.InputMismatchException;
import java.io.IOException;
import java.io.InputStream;

/**
 * Built using CHelper plug-in
 * Actual solution is at the top
 */
public class Main {
    public static void main(String[] args) {
        InputStream inputStream = System.in;
        OutputStream outputStream = System.out;
        FastScanner in = new FastScanner(inputStream);
        PrintWriter out = new PrintWriter(outputStream);
        TaskA solver = new TaskA();
        solver.solve(1, in, out);
        out.close();
    }

    static class TaskA {
        public void solve(int testNumber, FastScanner in, PrintWriter out) {
            out.println((18 - in.nextInt()) * 60 - in.nextInt());
        }

    }

    static class FastScanner {
        private InputStream in;
        private byte[] buffer = new byte[1024];
        private int bufPointer;
        private int bufLength;

        public FastScanner(InputStream in) {
            this.in = in;
            this.bufPointer = 0;
            this.bufLength = 0;
        }

        private int readByte() {
            if (bufPointer >= bufLength) {
                if (bufLength == -1)
                    throw new InputMismatchException();

                bufPointer = 0;
                try {
                    bufLength = in.read(buffer);
                } catch (IOException e) {
                    throw","H,M=map(int,input().split())
print(60*(17-H)+(60-M))",1
"import java.util.*;

public class Main {
    private static int count = 0;

    public static void main(String[] args) {
        Scanner sc = new Scanner(System.in);
        int n = sc.nextInt();
        dfs(0, n);
        System.out.println(count);
    }

    private static void dfs (long l, int n){
        if (l > n){
            return;
        }

        String str = String.valueOf(l);
        if (str.contains(""3"") && str.contains(""5"") && str.contains(""7"")){
            count++;
        }

        dfs(10 * l + 3, n);
        dfs(10 * l + 5, n);
        dfs(10 * l + 7, n);
    }


}","def main():
	n = int(input())
	def dfs(s):
		if int(s) > n:
			return 0
		ret = 1 if all(s.count(c) > 0 for c in ""753"") else 0
		for c in ""753"":
			ret += dfs(s+c)
		return ret
	print(dfs(""0""))

if __name__ == '__main__':
    main()",1
"import java.io.BufferedReader;
import java.io.IOException;
import java.io.InputStreamReader;
import java.util.Arrays;
class Main{
	public static void main(String[] args) throws NumberFormatException, IOException {
		BufferedReader br=new BufferedReader(new InputStreamReader(System.in));
		int N=Integer.parseInt(br.readLine());
		int[] stat=new int[6];
		Arrays.fill(stat,0);
		for(int i=0; i<N; i++) {
			String a=br.readLine();
			//pl(a);
			String[] mn=a.split("" "");
			if(mn[0].contains(""."")) {
				mn[0]=mn[0].replaceAll(""\\."", """");
			}
			else {
				mn[0]=mn[0]+""0"";
			}

			if(mn[1].contains(""."")) {
				mn[1]=mn[1].replaceAll(""\\."", """");
			}
			else {
				mn[1]=mn[1]+""0"";
			}
			//pl(mn[0]+"" ""+mn[1]);
			if(Integer.parseInt(mn[0])>=350) {
				stat[0]++;
			}
			if(Integer.parseInt(mn[0])<350 && Integer.parseInt(mn[0])>=300) {
				stat[1]++;
			}
			if(Integer.parseInt(mn[0])<300 && Integer.parseInt(mn[0])>=250) {
				stat[2]++;
			}
			if(Integer.parseInt(mn[1])>=250) {
				stat[3]++;
			}
			if(Integer.parseInt(mn[0])>=0 && Integer.parseInt(mn[1])<0) {
				stat[4]++;
			}
			if(Integer.parseInt(mn[0])<0) {
				stat[5]++;
			}
		}
		pl(stat[0]+"" ""+stat[1]+"" ""+stat[2]+"" ""+stat[3]+"" ""+stat[4]+"" ""+stat[5]);
	}
	public static void pl(Object o) {
		System.out.println(o);
	}
	public static void pl() {
		System.out.println();
	}
	public static void p(Object o) {
		System.out.print(o);
	}
}","n = int(input())
l = [0 for _ in range(6)]
for _ in range(n):
  a, b = map(float, input().split())
  if a >= 35:
    l[0] += 1
  elif a >= 30:
    l[1] += 1
  elif a >= 25:
    l[2] += 1
  if b >= 25:
    l[3] += 1
  if b < 0 <= a:
    l[4] += 1
  if a < 0:
    l[5] += 1
print("" "".join(list(map(str, l))))",1
"import java.math.BigInteger;
import java.util.*;
import java.io.*;

public class A {
    FastScanner in;
    PrintWriter out;

    int n;
    long ans;
    long[] sum;

    void relax(int a, int b) {
        long s1 = sum[a];
        long s2 = sum[b + 1] - sum[a];
        long s3 = sum[n] - sum[b + 1];
        long v = sum[n] - Math.max(s1, Math.max(s2, s3));
        if (v > ans) {
            ans = v;
        }
    }

    public void solve() throws IOException {
        int testNo = in.nextInt();
        for (int test = 1; test <= testNo; test++) {
            n = in.nextInt();
            long p = in.nextLong();
            long q = in.nextLong();
            long r = in.nextLong();
            long s = in.nextLong();
            long[] v = new long[n];
            for (int i = 0; i < n; i++) {
                v[i] = (i * p  + q) % r + s;
            }
            sum = new long[n + 1];
            for (int i = 0; i < n; i++) {
                sum[i + 1] = sum[i] + v[i];
            }
            int b = 0;
            ans = 0;
            for (int a = 0; a < n; a++) {
                relax(a, b);
                while (b < n && sum[b + 1] - sum[a] < sum[n] - sum[b + 1]) {
                    b++;
                    relax(a, b);
                }
            }

            out(""Case #%d: %.20f\n"", test, 1.0 * ans / sum[n]);
        }
    }

    void out(String format, Object... s) {
        System.out.printf(format, s);
        out.printf(format, s);
        out.flush();","import sys
import bisect


def compute(N, p, q, r, s):
    a = [0]
    last = 0
    for i in xrange(N):
        x = (i * p + q) % r + s
        last += 2 * x
        a.append(last)
    best = 0.0
    if a[-1] == 0:
        return 0.0
    q = (0,0,0)
    for i in xrange(len(a)):
        first = a[i]
        need = first + (a[-1] - first) / 2
        pos = bisect.bisect_left(a, need)
        second = a[pos] - first
        third = a[-1] - first - second
        m = a[-1] - max(first, second, third)
        if float(m) / float(a[-1]) > best:
            q = (i, pos)
            best = float(m) / float(a[-1])
        if pos - 1 > i:
            second = a[pos - 1] - first
            third = a[-1] - first - second
            m = a[-1] - max(first, second, third)
            if float(m) / float(a[-1]) > best:
                best = float(m) / float(a[-1])
                q = (i, pos - 1)
    return best


def parse():
    N, p, q, r, s = map(int, sys.stdin.readline().strip().split())
    return N, p, q, r, s


if __name__ == ""__main__"":
    sys.setrecursionlimit(100000)
    T = int(sys.stdin.readline().strip())
    for i in xrange(T):
        data = parse()
        result = compute(*data)
        print ""Case #%d: %s"" % (i + 1, result)",1
"import java.util.Scanner;
public class Main{
	static int b;
	static int[][] c;
	public static void main(String[] args){
		Scanner sc = new Scanner(System.in);
		int a = sc.nextInt();
		 b = sc.nextInt();
		 c =new int[a][b];
		for(int i = 0; i < a; i++){
			for(int j = 0; j < b; j++){
				c[i][j] = sc.nextInt();
			}
		}
		System.out.println(judge(a-1,0)?""Found"":""Nothing"");
	}
	 public static boolean judge(int a,int r){
		if(a<0){
				return r==0;
		}
		for(int i = 0; i < b; i++){
			if(judge(a-1,r^c[a][i])){
				return true;
			}
		}
		return false;
	}
}","# https://qiita.com/_-_-_-_-_/items/34f933adc7be875e61d0
# abcde	s=input()	s='abcde'
# abcde	s=list(input())	s=['a', 'b', 'c', 'd', 'e']
# 5(1???)	a=int(input())	a=5
# 1 2	| x,y = s_inpl()   |	x=1,y=2
# 1 2 3 4 5 ... n ?	li = input().split()	li=['1','2','3',...,'n']
# 1 2 3 4 5 ... n ?	li = inpl()	li=[1,2,3,4,5,...,n]
# FFFTFTTFF ?	li = input().split('T')	li=['FFF', 'F', '', 'FF']

# INPUT
# 3
# hoge
# foo
# bar
# ANSWER
# n=int(input())
# string_list=[input() for i in range(n)]

import math
import copy
from collections import defaultdict, Counter
from itertools import product
from bisect import bisect_left, bisect_right
# import numpy as np

def s_inpl(): return map(int,input().split())
def inpl(): return list(map(int, input().split()))
INF = float(""inf"")

N, K = s_inpl()

T = []
for _ in range(N):
    row = inpl()
    T.append(row)

flag = True
for row in product(*T):
    tmp = None
    for i in row:
        if tmp is None:
            tmp = i
        else:
            tmp = tmp ^ i
    if tmp == 0:
        flag = False
        break

if flag:
    print(""Nothing"")
else:
    print(""Found"")",1
"import java.util.*;

public class Main {
  public static void main(String args[]){
		Scanner scanner = new Scanner(System.in);
    String name = scanner.next();
    boolean flag = true;
    for(int i = 0; i < name.length()/2; i++){
      if(name.charAt(i) != name.charAt(name.length()-1-i)){
        flag = false;
        break;
      }
    }
    if(flag){
      System.out.println(""YES"");
    }else{
      System.out.println(""NO"");
    }
  }
}","def main():
    s = input()
    if s == s[::-1]:
        print(""YES"")
    else:
        print(""NO"")


if __name__ == ""__main__"":
    main()",1
"import java.io.*;
import java.util.*;

public class Packing {

	class Circle {
		int r, id;

		public Circle(int r, int id) {
			this.r = r;
			this.id = id;
		}

	}

	Circle[] c;
	double[] x, y;
	int n, w, l;
	Random rnd;

	final int MAX_COUNT = 50;
	final double EPS = 1e-8;

	boolean go(int k) {
		if (k == n) {
			return true;
		}
		for (int IT = 0; IT < MAX_COUNT; IT++) {
			double xx = rnd.nextDouble() * w;
			double yy = rnd.nextDouble() * l;
			int rr = c[k].r;
			boolean ok = true;
			for (int i = 0; i < k; i++) {
				double d = (xx - x[i]) * (xx - x[i]) + (yy - y[i])
						* (yy - y[i]);
				long dist = rr + c[i].r;
				dist *= dist;
				if (d < dist) {
					ok = false;
					break;
				}
			}
			if (ok) {
				x[k] = xx;
				y[k] = yy;
				if (go(k + 1)) {
					return true;
				}
			}
		}
		return false;
	}

	void solve() throws Exception {
		n = nextInt();
		w = nextInt();
		l = nextInt();
		rnd = new Random();
		c = new Circle[n];
		for (int i = 0; i < n; i++) {
			c[i] = new Circle(nextInt(), i);
		}
		Arrays.sort(c, new Comparator<Circle>() {
			@Override
			public int compare(Circle o1, Circle o2) {
				return o2.r - o1.r;
			}
		});
		x = new double[n];
		y = new double[n];
		if (!go(0)) {
			System.err.println(""FAIL "" + testN);
		}
		double[] ansx = new double[n], ansy = new double[n];
		for (int i = 0; i < n; i++) {
			ansx[c[i].id] = x[i];
			ansy[c[i].id] = y[i];
		}
		for (int i = 0; i < n; i++) {
//			out.print(ansx[i] + "" "" + ansy[i] + "" "");
			out.printf(","#
# Google Code Jam 2010
# Roaund 2: D. Grazing Google Goats
# submission by EnTerr
#

import sys
from time import clock

from math import acos, sin
import psyco
psyco.full()

f = open(sys.argv[1])
def input(): return f.readline().strip();

def getSegmentArea(p, q, t):
    # return the area of circular segment w/center p1, radius determined by q and half-angle by q and p2
    #r = ((p1[0]-q[0])**2 + (p1[1]-q[1])**2) ** .5
    pq = ((p[0]-q[0])**2 + (p[1]-q[1])**2) ** .5
    qt = ((q[0]-t[0])**2 + (q[1]-t[1])**2) ** .5
    pt = ((p[0]-t[0])**2 + (p[1]-t[1])**2) ** .5
    ang = 2*acos((qt**2 - pt**2 - pq**2)/(-2*pq*pt))
    area = pq**2 * (ang - sin(ang))/2
    return area        

def doCase():
    N, M = map(int, input().split())
    p1,p2 = [map(int, input().split()) for _ in range(N)]
    Q = [map(int, input().split()) for _ in range(M)]
    for q in Q:
        print getSegmentArea(p1, q, p2) + getSegmentArea(p2, q, p1),
    print


clk = clock()
for caseNo in xrange(1, int(input())+1):
    print 'Case #%d:' % caseNo,
    doCase()
print >>sys.stderr, 'time= %.1f seconds' % (clock()-clk )",0
"import java.io.OutputStream;
import java.io.IOException;
import java.io.InputStream;
import java.io.OutputStream;
import java.io.PrintWriter;
import java.util.Iterator;
import java.io.BufferedWriter;
import java.util.InputMismatchException;
import java.io.IOException;
import java.io.Writer;
import java.io.OutputStreamWriter;
import java.math.BigInteger;
import java.util.NoSuchElementException;
import java.io.InputStream;
/**
 * Built using CHelper plug-in
 * Actual solution is at the top
 */
public class Main {
    public static void main(String[] args) {
        InputStream inputStream = System.in;
        OutputStream outputStream = System.out;
        InputReader in = new InputReader(inputStream);
        OutputWriter out = new OutputWriter(outputStream);
        C solver = new C();
        solver.solve(1, in, out);
        out.close();
    }

    static class C {
        public void solve(int testNumber, InputReader in, OutputWriter out) {
            int n = in.readInt();
            int[] a = IOUtils.readIntArray(in, n);
            int sum = (int) ArrayUtils.sumArray(a);
            BigInteger bigInteger = BigInteger.ONE;
            for (int val : a) {
                bigInteger = bigInteger.or(bigInteger.shiftLeft(val));
            }
            int best = sum;
            for (int can = (sum + 1) / 2; can <= sum; can++) {
                if (bigInteger.testBit(can)) {
                    best = can;
                    break;
                }
            }","N=int(input())
A=[int(x) for x in input().split()]

#1????????list???????????????????
#???1->4???????????????1->10000->???1???????10001?
#?????????????5??????10001->1000100000->?????1000110001?
#?????????1?????5,6,10???bit?????????
#?????????????????????n+1???bit??????????????????
#????[4,5]??????5,6,10???bit???????4,5,9????????????
bits=1
for b in A:
  bits|=bits<<b

#?????????sum(list)/2??????????????
#??bits???????bits?sum(list)/2??????????
#??????bit???????????sum(list)/2?
#???1??????????????+1???????????
ans=sum(A)
ans=(ans+1)//2
bits >>= ans
while True:
  if bits&1:
    break
  else:
    bits>>=1
    ans+=1
print(ans)",1
"import java.io.*;
import java.util.Arrays;
import java.util.StringTokenizer;

public class D {

    int n, m, k;
    char[][] a;
    int[] dx = new int[]{-1, 1, 0, 0};
    int[] dy = new int[]{0, 0, -1, 1};
    int[][] aa;
    int[] r;
    int sn;
    int tn;
    private boolean[] z;
    private String ans;
    private int[] pp;
    private int[] l;

    private String solveTest() throws IOException {
        m = nextInt();
        n = nextInt();
        k = nextInt();
        a = new char[n][];
        int[] sx = new int[n * m];
        int[] sy = new int[n * m];
        sn = 0;
        int[] tx = new int[n * m];
        int[] ty = new int[n * m];
        tn = 0;
        for (int i = 0; i < n; i++) {
            a[i] = next().toCharArray();
            for (int j = 0; j < m; j++) {
                if (a[i][j] == 'S') {
                    sx[sn] = i;
                    sy[sn] = j;
                    sn++;
                }
                if (a[i][j] == 'T') {
                    tx[tn] = i;
                    ty[tn] = j;
                    tn++;
                }
            }
        }
        int[][] d = new int[n][m];
        int[] qx = new int[n * m];
        int[] qy = new int[n * m];
        aa = new int[sn][tn];
        for (int i = 0; i < tn; i++) {
            for (int[] ints : d) {
                Arrays.fill(ints, Integer.MAX_VALUE);
            }
            int t = 0;
            int h = 0;
            for (int dd = 0; dd < 4; dd++) {
                int x","from sys import stdin, stderr

def getInts():
    return tuple(int(z) for z in stdin.readline().split())

(T,)=getInts()

discreteLog = {1<<i:i for i in xrange(100)}

for tc in xrange(1,1+T):
    (C,R,M) = getInts()
    grid = [stdin.readline().strip() for i in xrange(R)]
    soldiers = [(i,j) for i in xrange(R) for j in xrange(C) if grid[i][j] == 'S']
    turrets = [(i,j) for i in xrange(R) for j in xrange(C) if grid[i][j] == 'T']
    ns = len(soldiers)
    nt = len(turrets)
    print >>stderr, tc, ns, nt, R, C
    states = set([(0,0)])
    statesq = [(0,0)]
    parents = {}
    reach = [set([]) for i in xrange(nt)]
    for i in xrange(nt):
        (tx,ty) = turrets[i]
        reach[i].add((tx,ty))
        for (dx,dy) in [(1,0),(0,1),(-1,0),(0,-1)]:
            (bx,by) = (tx+dx,ty+dy)
            while bx >= 0 and bx < R and by >= 0 and by < C and grid[bx][by] != '#':
                reach[i].add((bx,by))
                (bx,by) = (bx+dx,by+dy)
    rdir = {}
    for i in xrange(nt):
        for (rx,ry) in reach[i]:
            if (rx,ry) in rdir:
                rdir[(rx,ry)].append(i)
            else:
                rdir[(rx,ry)] = [i]
    for (sm,tm) in statesq:
        active = set([])
        for i in xrange(nt):
            if (tm >> i) & 1:
                pass
            else:
                active.add(i)
        for i in xrange(ns):
            if (sm >> i) & 1 == 0:
                (sx,sy) = soldiers[i]
                sq = [(sx,sy,0)]
                sr = set([",1
"import java.util.Scanner;

public class Main {
  public static void main(String[] args) {
    Scanner scanner = new Scanner(System.in);

    int N = scanner.nextInt();
    int Ma = scanner.nextInt();
    int Mb = scanner.nextInt();
    int[] a = new int[N + 1];
    int[] b = new int[N + 1];
    int[] c = new int[N + 1];

    for (int i = 1; i <= N; i++) {
      a[i] = scanner.nextInt();
      b[i] = scanner.nextInt();
      c[i] = scanner.nextInt();
    }

    int INF = 1_000_000;
    int M = 400;
    int[][] dp1 = new int[M + 1][M + 1];
    int[][] dp2 = new int[M + 1][M + 1];
    for (int i = 0; i <= M; i++) for (int j = 0; j <= M; j++) dp1[i][j] = INF;
    dp1[0][0] = 0;
    for (int j = 0; j <= M; j++) System.arraycopy(dp1[j], 0, dp2[j], 0, M + 1);

    for (int i = 1; i <= N; i++) {
      for (int j = 1; j <= M; j++) {
        for (int k = 1; k <= M; k++) {
          if(j >= a[i] && k >= b[i]) {
            dp2[j][k] = Math.min(dp2[j][k], dp1[j - a[i]][k - b[i]] + c[i]);
          }
        }
      }
      for (int j = 0; j <= M; j++) System.arraycopy(dp2[j], 0, dp1[j], 0, M + 1);
    }

    //for (int i = 1; i <= M; i++) {
    //  for (int j = 1; j <= M; j++) {
    //    if (dp2[i][j] >= INF) System.out.print(""? "");
    //    else System.out.printf(""%d "", dp2[i][j]);
    //  }
    //  System.out.println();
    //}

    int min = INF;
    for (int i = 1; i <= M; i++)
      for (int j = 1; j <= M; j++)
        if (Ma * j == Mb * i) min = Math.min(min, dp2[i][j]);

    if","n, ma, mb = list(map(int, input().split()))
negs, poss, ans = [], [], 100 * n + 1
for _ in range(n):
    a, b, c = list(map(int, input().split()))
    sub = a * mb - b * ma
    if sub > 0:
        poss.append((sub, c))
    elif sub < 0:
        negs.append((-sub, c))
    else:
        ans = min(c, ans)

def sums(tups):
    ret = {0: 0}
    for x, c in tups:
        tmp = ret.copy()
        for x0, c0 in tmp.items():
            if x + x0 in ret:
                ret[x + x0] = min(c + c0, ret[x + x0])
            else:
                ret[x + x0] = c + c0
    del ret[0]
    return ret

nsum = sums(negs)
psum = sums(poss)

for v in nsum:
    if v in psum:
        ans = min(ans, nsum[v] + psum[v])
if ans == 100 * n + 1:
    ans = -1
print(ans)",1
"import java.io.BufferedReader;
import java.io.IOException;
import java.io.InputStream;
import java.io.InputStreamReader;
import java.io.OutputStream;
import java.io.PrintWriter;
import java.util.Arrays;
import java.util.InputMismatchException;
import java.util.StringTokenizer;

public class Main {

	public static void main(String[] args) throws IOException {
		InputStream inputStream = System.in;
		OutputStream outputStream = System.out;
		InputReader in = new InputReader(inputStream);
		PrintWriter out = new PrintWriter(outputStream);
		TaskX solver = new TaskX();
		solver.solve(1, in, out);
		out.close();
	}

	static int INF = 1 << 30;
	static long LINF = 1L << 55;
	static int MOD = 1000000007;
	static int[] mh4 = { 0, -1, 1, 0 };
	static int[] mw4 = { -1, 0, 0, 1 };
	static int[] mh8 = { -1, -1, -1, 0, 0, 1, 1, 1 };
	static int[] mw8 = { -1, 0, 1, -1, 1, -1, 0, 1 };

	static class TaskX {

		public void solve(int testNumber, InputReader in, PrintWriter out) {

			int n = in.nextInt();
			int[] d = in.nextIntArray(n);
			Arrays.sort(d);

			BIT[] bit = new BIT[5];
			for (int i = 0; i < 5; i++) {
				bit[i] = new BIT(100010);
			}

			bit[0].add(1, 1);
			for (int i = 0; i < n; i++) {
				for (int j = 1; j < 5; j++) {
					int v = d[i]/2;
					int u = bit[j-1].sum(v+1);
					bit[j].add(d[i]+1, u);
				}
			}

			out.println(bit[4].sum(100001) % MOD);
		}
	}

	/**
	 * 1-indexed BinaryIndexTree
	 * */
	public static class BIT {

		// [1, n]
		int n;
		int[] bit;

		public BIT","import math,string,itertools,fractions,heapq,collections,re,array,bisect,sys,random,time,copy,functools

sys.setrecursionlimit(10**7)
inf = 10**20
mod = 10**9 + 7

def LI(): return [int(x) for x in sys.stdin.readline().split()]
def LI_(): return [int(x)-1 for x in sys.stdin.readline().split()]
def LF(): return [float(x) for x in sys.stdin.readline().split()]
def LS(): return sys.stdin.readline().split()
def I(): return int(sys.stdin.readline())
def F(): return float(sys.stdin.readline())
def S(): return input()

def main():
    n = I()
    d = sorted([I() for _ in range(n)])

    a = [1] * n
    for _ in range(3):
        j = 1
        t = [0] * n
        for i in range(n):
            i2 = d[i]*2
            while j < n and d[j] < i2:
                j += 1
            if j == n:
                break
            t[j] += a[i]
        for i in range(1,n):
            t[i] += t[i-1]
        a = t
    return sum(a) % mod


print(main())",1
"import java.io.*;

import static java.lang.Math.*;
import static java.lang.Math.min;

import java.lang.reflect.Array;
import java.util.stream.*;
import java.util.*;

/**
 * @author baito
 */
class P implements Comparable<P> {
    int x, y;

    P(int a, int b) {
        x = a;
        y = b;
    }

    @Override
    public boolean equals(Object o) {
        if (this == o) return true;
        if (!(o instanceof P)) return false;
        P p = (P) o;
        return x == p.x && y == p.y;
    }

    @Override
    public int hashCode() {
        return Objects.hash(x, y);
    }

    @Override
    public int compareTo(P p) {
        return x == p.x ? y - p.y : x - p.x; //x???????
        //return (x == p.x ? y - p.y : x - p.x) * -1; //x???????
        //return y == p.y ? x - p.x : y - p.y;//y???????
        //return (y == p.y ? x - p.x : y - p.y)*-1;//y???????
    }
}

@SuppressWarnings(""unchecked"")
public class Main {
    static boolean DEBUG = true;
    static StringBuilder sb = new StringBuilder();
    static int INF = 1234567890;
    static int MINF = -1234567890;
    static long LINF = 123456789123456789L;
    static long MLINF = -123456789123456789L;
    static long MOD = 1000000007;
    static double EPS = 1e-10;
    static int[] y4 = {0, 1, 0, -1};
    static int[] x4 = {1, 0, -1, 0};
    static int[] y8 = {0, 1, 0, -1, -1, 1, 1, -1};
    static int[] x8 = {1, 0, -1, 0, 1, -1, 1, -1};
    static ArrayList<Long> Fa;
    static boolean[] isPrime;
    static int[] primes;","from math import sqrt
from itertools import combinations
n,k = (int(i) for i in input().split())
a,num,mod,ans = [],k,10**9+7,0
for i in range(1,int(sqrt(k))+1):
	if k==i**2: a.append(i)
	elif k%i==0: a.extend([i,k//i])
def fact(x):
	L,i = [],2
	while i**2<=x:
		while x%i==0:
			x = x//i
			L.append(i)
		i += 1
	if x>1: L.append(x)
	return list(set(L))
def pri(x,y):
	f,p = fact(x),(1+y)*y//2
	for i in range(1,len(f)+1):
		for j in combinations(f,i):
			num = 1
			for k in j: num *= k
			if num<=y and i%2==1: p -= (num+(y//num)*num)*(y//num)//2
			elif num<=y: p += (num+(y//num)*num)*(y//num)//2
	return p%mod
for i in a: ans = (ans+k*pri(k//i,n//i))%mod
print(ans)",1
"import java.util.*;

public class Main {
	static ArrayList<Route>[] lists;
	static long[] costs; // K?????
	
	public static void main (String[] args) {
		Scanner sc = new Scanner(System.in);
		int n = sc.nextInt();
		lists = new ArrayList[n + 1];
		for (int i = 1; i <= n; i++) {
			lists[i] = new ArrayList<Route>();
		}
		for (int i = 1; i < n; i++) {
			int a = sc.nextInt();
			int b = sc.nextInt();
			int c = sc.nextInt();
			lists[a].add(new Route(b, c));
			lists[b].add(new Route(a, c));
		}
		costs = new long[n + 1];
		Arrays.fill(costs, -1);
		int q = sc.nextInt();
		int k = sc.nextInt();
		setCost(0, k);
		StringBuilder sb = new StringBuilder();
		for (int i = 0; i < q; i++) {
			int x = sc.nextInt();
			int y = sc.nextInt();
			sb.append(costs[x] + costs[y]).append(""\n"");
		}
		System.out.print(sb);
	}
	
	static void setCost(long total, int idx) {
		if (costs[idx] == -1) {
			costs[idx] = total;
			for (Route r : lists[idx]) {
				setCost(total + r.cost, r.point);
			}
		}
	}
	
	static class Route {
		public int point;
		public long cost;
		
		public Route(int point, long cost) {
			this.point = point;
			this.cost = cost;
		}
	}
	
} Note: ./Main.java uses unchecked or unsafe operations.
Note: Recompile with -Xlint:unchecked for details.","MOD=int(1e9+7)
N=int(input())
A=list(map(int,input().split()))
c = [0] * N
for x in A:
  c[x] += 1
ans = 1 if A[0] == 0 and c[0] == 1 else 0
for i in range(1,N):
  if c[i] > 0:
    ans *= pow(2, ((c[i] * (c[i]-1)) // 2), MOD) * pow((pow(2, c[i-1], MOD)-1), c[i], MOD)
    ans %= MOD
print(int(ans))",0
"import java.util.Scanner;
import java.util.Arrays;

// ????????b?axc??
public class Main {
    public static void main(String[] args) throws Exception {
        // ??
        Scanner sc = new Scanner(System.in);
        int n=Integer.parseInt(sc.next());
        int[] a=new int[n];
        for(int i=0;i<n;i++)    a[i]=Integer.parseInt(sc.next());
        int[] b=new int[n];
        for(int i=0;i<n;i++)   b[i]=Integer.parseInt(sc.next());
        int[] c=new int[n];
        for(int i=0;i<n;i++)    c[i]=Integer.parseInt(sc.next());
        Arrays.sort(a); Arrays.sort(b); Arrays.sort(c);
        
        // ?b[i]???????c?????x??a?????
        // ???????????????????????????????????
        // ??????????s????????????s,t?????????
        // a???????????????????
        long ret=0;
        int s=0,t=-1;
        for(int i=0;i<n;i++){
            while(s<n&&c[s]<=b[i]) s++;
            while(t<n-1&&a[t+1]<b[i])   t++;
            ret+=(long)(n-s)*(t+1);
        }
        System.out.println(ret);
    }
}","from bisect import bisect_left,bisect
N = int(input())
info = [sorted(list(map(int,input().split()))) for i in range(3)]
ans = 0
for j in range(N):
    small = bisect_left(info[0],info[1][j])
    large = N - bisect(info[2],info[1][j])
    ans += small * large
print(ans)",1
"import java.io.BufferedReader;
import java.io.BufferedWriter;
import java.io.FileReader;
import java.io.FileWriter;
import java.util.ArrayList;
import java.util.Arrays;
import java.util.HashMap;
import java.util.List;
import java.util.Locale;

// 1.6
public class E
{
    static final int THREADS = 1;
    static final String NAME = ""e-small-attempt1"";
    static final int INF = 1000000;
    StringBuilder out;
    int N;
    int[] colors;

    public void readData() throws Exception
    {
        N = Integer.parseInt(readWord());
        colors = new int[2 * N];
        HashMap<String, Integer> map = new HashMap<String, Integer>();
        int next = 0;
        for (int i = 0; i < 2 * N; i++)
        {
            String s = readWord();
            if (!map.containsKey(s))
            {
                map.put(s, next);
                next++;
            }
            colors[i] = map.get(s);
        }
    }

    int[] start;
    int[] finish;
    int[][] graph;
    int[] color;
    int[] compNum;
    List<List<Integer>> comps;

    public boolean rec(int v, List<Integer> list)
    {
        for (int i = 0; i < N; i++)
        {
            if (graph[i][v] == 1)
            {
                if (color[i] == color[v])
                {
                    return true;
                }
                if (color[i] == -1)
                {
                    color[i] = 1 - color[v];
                    list.add(i);
                    if (rec(i, list))
                    {","import math
x = int(input())
k = 0
t = 0

if (math.sqrt(8 * x + 1) == math.floor(math.sqrt(8 * x + 1))):
  a = (-1 + math.sqrt(1 + 8 * x))/2
  print(int(a))
else:
  x = (-1 + math.sqrt(1 + 8 * x))//2
  print(int(x) + 1)",0
"import static java.util.Arrays.*;
import static java.util.stream.Collectors.*;

import java.util.*;

public class Main {
    private class Data {
        int n, p;

        public Data(int n, int p) {
            this.n = n;
            this.p = p;
        }

        @Override
        public String toString() {
            return n + "":"" + p;
        }
    }

    private class Range {
        int src, dst;

        public Range(int src, int dst) {
            this.src = src;
            this.dst = dst;
        }

        public int len() {
            return dst - src + 1;
        }

        public boolean isInc(int tgt) {
            return src <= tgt && tgt <= dst;
        }

        @Override
        public String toString() {
            return src + ""-"" + dst;
        }
    }

    public void main(Scanner sc) {
        int n = sc.nextInt();
        int k = sc.nextInt();
        int q = sc.nextInt();
        int a[] = new int[n];
        Data data[] = new Data[n];
        for (int i = 0; i < n; i++) {
            a[i] = sc.nextInt();
            data[i] = new Data(a[i], i);
        }
        sc.close();
        sort(data, (o1, o2) -> o1.n - o2.n);

        Map<Integer, Range> map = new HashMap<>();
        map.put(0, new Range(0, n - 1));
        int ans = Integer.MAX_VALUE;
        for (int i = 0; i < n;) {
            LinkedList<Integer> tmp = new LinkedList<>();
            for (Range r : map.values()) {
                tmp.addAll(stream(copyOfRange(a, r.src, r.dst + 1","import sys

def toMinutes(str):
    a,b = str.split(':')
    return int(a)*60 + int(b)

fin = open(sys.argv[1])

nCases = int(fin.readline())

# events:
# note ready events are processed before departure events, which may be significant
# 0 - A ready
# 1 - A departs
# 2 - B ready
# 3 - B departs

for j in range(nCases):
    events = []
    turnAround = int(fin.readline())
    NA, NB = [int(x) for x in fin.readline().split()]
    for i in range(NA):
        times = fin.readline().split()
        times = [toMinutes(x) for x in times]
        # A departure events
        events.append( (times[0], 1) )
        events.append( (times[1]+turnAround, 2) )
    
    for i in range(NB):
        times = fin.readline().split()
        times = [toMinutes(x) for x in times]
        events.append( (times[0], 3) )
        events.append( (times[1]+turnAround, 0) )
    
    events.sort()
    aCounter = 0
    bCounter = 0
    minA = 0
    minB = 0
    for e in events:
        #print e[0]/60,':',e[0]%60,""  "",e[1],
        if e[1] == 0:
            aCounter += 1
        elif e[1] == 1:
            aCounter -= 1
        elif e[1] == 2:
            bCounter += 1
        else:
            bCounter -= 1
            
        minA = min(minA, aCounter)
        minB = min(minB, bCounter)
        #print aCounter, bCounter
    print ""Case #%d: %d %d"" %(j+1, -minA, -minB)",0
"import java.io.ByteArrayInputStream;
import java.io.IOException;
import java.io.InputStream;
import java.io.PrintWriter;
import java.util.Arrays;
import java.util.InputMismatchException;

public class Main {
	static InputStream is;
	static PrintWriter out;
	static String INPUT = """";
	
	static void solve()
	{
		long a = nl(), b = nl();
		int mod = ni();
		long g = gcd(a, b);
		long ten = pow(10, g, mod);
		int[][] M = {
				{(int)ten, 1},
				{0, 1}
		};
		int[] v = new int[]{0, 1};
		v = pow(M, v, a/g, mod);
		int[][] M2 = {
				{10, 1},
				{0, 1}
		};
		int[] v2 = new int[]{0, 1};
		v2 = pow(M2, v2, b, mod);
		out.println((long)v[0]*v2[0]%mod);
	}
	
	// A^e*v
	public static int[] pow(int[][] A, int[] v, long e, int mod)
	{
		int[][] MUL = A;
		for(int i = 0;i < v.length;i++)v[i] %= mod;
		for(;e > 0;e>>>=1) {
			if((e&1)==1)v = mul(MUL, v, mod);
			MUL = p2(MUL, mod);
		}
		return v;
	}
	
	
	// int matrix * int vector
	public static int[] mul(int[][] A, int[] v, int mod)
	{
		int m = A.length;
		int n = v.length;
		int[] w = new int[m];
		for(int i = 0;i < m;i++){
			long sum = 0;
			for(int k = 0;k < n;k++){
				sum += (long)A[i][k] * v[k];
				sum %= mod;
			}
			w[i] = (int)sum;
		}
		return w;
	}
	
	// int matrix^2 (cannot ensure negative values)
	public static int[][] p2(int[][] A, int mod)
	{
		int n = A.length;
		int[][] C = new int[n][n];
		for(int i = 0;i < n;i++){
			for(int j = 0;j < n;j++){
				long sum = 0;
				for(int k = 0;k < n;k++){
					sum += (long)A[i][k","A = int(input())

if A%2 ==0:
    N = int(A*A/4)
else:
    N = int(A/2)*(int(A/2)+1)

print(N)",0
"import java.io.*;
import java.util.*;

/**
 * @author baito
 */
@SuppressWarnings(""unchecked"")
public class Main
{
    static StringBuilder sb = new StringBuilder();
    static FastScanner sc = new FastScanner(System.in);
    static int INF = 1234567890;
    static long LINF = 123456789123456789L;
    static long MINF = -123456789123456789L;
    static long MOD = 1000000007;
    static int[] y4 = {0, 1, 0, -1};
    static int[] x4 = {1, 0, -1, 0};
    static int[] y8 = {0, 1, 0, -1, -1, 1, 1, -1};
    static int[] x8 = {1, 0, -1, 0, 1, -1, 1, -1};
    static long[] Fa;//factorial
    static boolean[] isPrime;
    static int[] primes;
    static char[][] map;

    static int N, M, K;
    static long[] A;

    public static void main(String[] args)
    {
        //long???????????????
        N = sc.nextInt();
        int L = sc.nextInt();
        A = sc.nextLongArray(N);
        int last = -1;
        for (int i = 0; i < N - 1; i++)
        {
            if (A[i] + A[i + 1] >= L) last = i + 1;
        }
        if (last == -1)
        {
            System.out.println(""Impossible"");
            return;
        }
        System.out.println(""Possible"");
        for (int i = 1; i < last; i++)
        {
            System.out.println(i);
        }
        for (int i = N - 1; i > last; i--)
        {
            System.out.println(i);
        }
        System.out.println(last);
    }

    public static int upper0(int a)
    {
        if (a < 0) return 0;
        return a;
    }","n,l = map(int, input().split())
a = list(map(int, input().split()))
MAX = 0
MAX_i = 0
for i in range(n-1):
  now = a[i] + a[i+1]
  if now > MAX:
    MAX = now
    MAX_i = i
if MAX >= l:
  print(""Possible"")
  for i in range(MAX_i):
    print(i+1)
  for i in range(n-MAX_i-1):
    print(n-i-1)
else:
  print(""Impossible"")",1
"import java.util.*;
import java.io.*;

public class B {
	public static void main(String[] args) throws Exception {
		Scanner in = new Scanner(System.in);
		int T = in.nextInt();
		double D;
		int N, A;
		
		for(int caseNo =1; caseNo <=T;caseNo++) {
			D = in.nextDouble(); N = in.nextInt(); A = in.nextInt();
			double anotherVelocity;
			double[] t = new double[N];
			double[] x = new double[N];
			double minTime = 0;
			
			for(int i=0; i<N; i++) {
				t[i] = in.nextDouble();
				x[i] = in.nextDouble();
			}
			
			if (N == 2) {
				anotherVelocity = (x[1] - x[0]) / (t[1] - t[0]);
				minTime = (D - x[0]) / anotherVelocity + t[0];
			}				
			
			System.out.println(""Case #""+caseNo+"":"");
			for(int i=0;i<A;i++) {
				double a = in.nextDouble();
				if (N == 1) {
					System.out.printf(""%.7f\n"", Math.sqrt(2 * D / a));
				} else {
					System.out.printf(""%.7f\n"", Math.max(Math.sqrt(2 * D / a), minTime));
				}
			}
		}
	}
}","import sys, math, os, re
_tokiter = iter(sys.stdin.read().split()); get = lambda: next(_tokiter)
scanf = lambda *types: [t(get()) for t in types]

def testcase(id):
	d, n, a = scanf(float, int, int)
	ocar = [scanf(float, float) for i in xrange(n)]
	accel = [scanf(float)[0] for i in xrange(a)]
	print 'Case #%d:' % id
	if len(ocar) == 1:
		mintime = 0
	else:
		oslope = (ocar[1][1] - ocar[0][1]) / (ocar[1][0] - ocar[0][0])
		ob = ocar[0][1] - ocar[0][0] * oslope
		mintime = (d - ob) / oslope
	for ac in accel:
		ans = max(mintime, math.sqrt(2*d/ac))
		print '%.6f' % ans


ncases, = scanf(int)
for i in xrange(ncases):
	print >>sys.stderr, 'Running case #%d' % (i+1)
	testcase(i+1)",1
"import java.io.*;
import java.util.*;
import java.util.Map.Entry;

public class C {
	static int n = 1000;
	static double[][] p;
	
	static void precalc() {
		int tries = 0;
		int[] a = new int[n];
		Random r = new Random(5);
		Map<String, Integer> count = new TreeMap<>();
		for (int t = 0; t < tries; t++) {
			for (int i = 0; i < n; i++) {
				a[i] = i;
			}
			for (int i = 0; i < n; i++) {
				int j = r.nextInt(n);
				int temp = a[i]; a[i] = a[j]; a[j] = temp;
			}
			String s = """";
			for (int i = 0; i < n; i++) {
				s += a[i];
			}
			if (!count.containsKey(s)) {
				count.put(s, 1);
			} else {
				count.put(s, count.get(s) + 1);
			}
		}
		System.out.println(count);
		for (Entry<String, Integer> entry : count.entrySet()) {
			System.out.println(entry.getKey() + "" "" + 1.0 * tries / entry.getValue());
		}
		p = new double[n][n];
		double[][] q = new double[n][n];
		for (int i = 0; i < n; i++) {
			p[i][i] = 1;
		}
		double p1 = 1.0 / n;
		double p2 = 1 - p1;
		for (int i = 0; i < n; i++) {
			for (int x = 0; x < n; x++) {
				for (int v = 0; v < n; v++) {
					if (x == i) {
						for (int j = 0; j < n; j++) {
							q[j][v] += p[x][v] * p1;
						}
					} else {
						q[x][v] += p[x][v] * p2;
						q[i][v] += p[x][v] * p1;
					}
				}
			}
			for (int x = 0; x < n; x++) {
				for (int v = 0; v < n; v++) {
					p[x][v] = q[x][v];
					q[x][v] = 0;
				}
			}
		}
//		for (int x = 0; x < n; x++) {
//			for (int v = 0; v < n; v++) {
//				System.out.print(p[x][v] + ""\t"");
//","n=input()
y,m,d=int(n[0]+n[1]+n[2]+n[3]),int(n[5]+n[6]),int(n[8]+n[9])
D=[31,28,31,30,31,30,31,31,30,31,30,31]
def uruu():
  global y,m
  if m==2:
    if y%400==0:return 1
    elif y%100==0:return 0
    elif y%4==0:return 1
    else:return 0
  return 0
while 1:
  if y/(m*d)%1==0:break
  d+=1
  if d>D[m-1]+uruu():
    d=1
    m+=1
    if m==13:
      m=1
      y+=1
if m>9 and d>9:print(str(y)+""/""+str(m)+""/""+str(d))
elif m>9:print(str(y)+""/""+str(m)+""/0""+str(d))
elif d>9:print(str(y)+""/0""+str(m)+""/""+str(d))
else:print(str(y)+""/0""+str(m)+""/0""+str(d))",0
"import java.util.*;

public class Main {
	
	public static void main(String[] args) {
		Scanner sc = new Scanner(System.in);
		/*
		int N = sc.nextInt();
		int A = sc.nextInt();
		int B = sc.nextInt();
		int C = sc.nextInt();
		
		int[] bambooLengths = new int[N];
		for (int i = 0; i < N; i++) {
			bambooLengths[i] = sc.nextInt();
		}
		*/
		int A = sc.nextInt();
		int B = sc.nextInt();
		int Q = sc.nextInt();
		long[] AMarks = new long[A];
		long[] BMarks = new long[B];
		long[] QMarks = new long[Q];
		for (int i = 0; i < A; i++) {
			AMarks[i] = sc.nextLong();
		}
		for (int i = 0; i < B; i++) {
			BMarks[i] = sc.nextLong();
		}
		for (int i = 0; i < Q; i++) {
			QMarks[i] = sc.nextLong();
		}
		
		long Alo = AMarks[0];
		long Ahi = AMarks[A-1];
		long Blo = BMarks[0];
		long Bhi = BMarks[B-1];
		for (int i = 0; i < Q; i++) {
			long query = QMarks[i];
			int[] closestA = getClosestIndex(AMarks, query, 0, A-1);
			int[] closestB = getClosestIndex(BMarks, query, 0, B-1);
			//System.out.println(""Closest A: "" + closestA[0] + "", "" + closestA[1]);
			//System.out.println(""Closest B: "" + closestB[0] + "", "" + closestB[1]);
			long min = 0;
			for (int k = 0; k < 2; k++) {
				for (int l = 0; l < 2; l++) {
					long distance = Math.abs(AMarks[closestA[k]]-query)+Math.abs(BMarks[closestB[l]]-AMarks[closestA[k]]);
					if (distance < min || min == 0) {
						min = distance;
					}
				}
			}
			for (int k = 0; k < 2; k++) {
				for (int l = 0; l < 2; l++) {
					long distance = Math.","import bisect
A, B, Q = map(int, input().split())
INF = 10 ** 18
s = [-INF] + [int(input()) for i in range(A)] + [INF]
t = [-INF] + [int(input()) for i in range(B)] + [INF]

for q in range(Q):
    x = int(input())
    b, d = bisect.bisect_right(s, x), bisect.bisect_right(t, x)
    res = INF
    for S in [s[b - 1], s[b]]:
        for T in [t[d - 1], t[d]]:
            d1, d2 = abs(S - x) + abs(T - S), abs(T - x) + abs(S - T)
            res = min(res, d1, d2)
    print(res)",1
"import java.io.BufferedReader;
import java.io.IOException;
import java.io.InputStreamReader;
import java.util.StringTokenizer;

public class Main {
    int x, k, q;
    int[] rs, ts, as;

    public static void main(String args[]) {
        new Main().run();
    }

    void run() {
        FastReader sc = new FastReader();
        x = sc.nextInt();
        k = sc.nextInt();
        rs = new int[k + 1];
        for (int i = 1; i <= k; i++) {
            rs[i] = sc.nextInt();
        }
        q = sc.nextInt();
        ts = new int[q];
        as = new int[q];
        for (int i = 0; i < q; i++) {
            ts[i] = sc.nextInt();
            as[i] = sc.nextInt();
        }
        solve();
    }

    void solve() {
        int[] hi = new int[k + 1];
        int[] ub = new int[k + 1];
        int[] lo = new int[k + 1];
        int[] lb = new int[k + 1];
        hi[0] = x;
        ub[0] = x;
        for (int i = 1; i <= k; i++) {
            int dt = rs[i] - rs[i - 1];
            if (i % 2 == 1) {
                hi[i] = hi[i - 1] - dt;
                ub[i] = ub[i - 1];
                lo[i] = lo[i - 1] - dt;
                lb[i] = lb[i - 1] + Math.max(0, -lo[i]);
                hi[i] = Math.max(hi[i], 0);
                lo[i] = Math.max(lo[i], 0);
                lb[i] = Math.min(lb[i], x);
            } else {
                hi[i] = hi[i - 1] + dt;
                ub[i] = ub[i - 1] - Math.max(0, hi[i] - x);
                lo[i] = lo[i - 1] + dt;
                lb[i] =","def calc_ans(x):
    if x < 0:
        return 0
    elif x < X:
        return x
    else:
        return X


if __name__ == '__main__':
    # ?????
    X = int(input())

    # ????????
    K = int(input())
    # ????????
    r = list(map(int, input().split()))
    # ??????
    Q = int(input())

    # r ?????????
    j = 0
    sign = -1
    s = 0
    e = X
    y = 0
    sand_quantity = [r[0]]
    for i in range(1, K):
        sand_quantity.append(r[i] - r[i - 1])

    chasm_time = 0
    for i in range(Q):
        # t:?? a:??? A ?????????
        t, a = list(map(int, input().split()))
        while j < K and r[j] < t:
            y += sign * sand_quantity[j]
            # s??????
            if y < 0:
                s += -y
                if e < s:
                    s = e
                y = 0
            # e??????
            if X < y + e - s:
                tmp_diff = (y + e - s) - X
                e -= tmp_diff
                if e < s:
                    e = s
            if X < y:
                y = X

            chasm_time = r[j]
            j += 1
            sign *= -1

        tmp_time = t - chasm_time

        if a < s:
            ret = y
        elif a < e:
            ret = y + a - s
        else:
            ret = y + e - s

        ret += tmp_time * sign

        print(calc_ans(ret))
        # print(""s:"" + str(s) + "" e:"" + str(e) + "" y:"" + str(y) + "" a:"" + str(a) + "" ret:"" + str(ret))",1
"import java.io.*;
import java.util.*;
import java.math.*;
// import java.awt.Point;
 
public class Main {
    InputStream is;
    PrintWriter out;
    String INPUT = """";
 
    long MOD = 1_000_000_007;
    int inf = Integer.MAX_VALUE/2;

    void solve(){
        int n = ni();
        int[][] a = new int[n][n];
        for(int i = 0; i < n; i++){
            for(int j = 0; j < n; j++){
                a[i][j] = ni();
            }
        }
        long[] count = new long[n*n+1];
        long[][] s = new long[n+1][n+1];
        for(int x = 0; x <= n; x++){
            for(int y = 0; y <= n; y++){
                long sum = 0;
                for(int i = 0; i < x; i++){
                    for(int j = 0; j < y; j++){
                        sum += a[i][j];
                    }
                }
                s[x][y] = sum;
            }
        }
        for(int x1 = 0; x1 < n; x1++){
            for(int x2 = x1+1; x2 <= n; x2++){
                for(int y1 = 0; y1 < n; y1++){
                    for(int y2 = y1+1; y2 <= n; y2++){
                        int res = (x2-x1)*(y2-y1);
                        long sum = s[x2][y2] - s[x2][y1] - s[x1][y2] + s[x1][y1];
                        count[res] = Math.max(count[res], sum);
                    }
                }
            }
        }
        long max = 0;
        long[] ans = new long[n*n+1];
        for(int i = 1; i <= n*n; i++){
            ans[i] = Math.max(ans[i-1], count[i]);
        }
        int q = ni();","# python template for atcoder1
import sys
sys.setrecursionlimit(10**9)
input = sys.stdin.readline

N = int(input())
grid = []
for _ in range(N):
    grid.append(list(map(int, input().split())))
S = [[0]*(N+1) for _ in range(N+1)]

Q = int(input())
query = [int(input()) for _ in range(Q)]


def solve():
    for i in range(N):
        for j in range(N):
            S[i+1][j+1] = S[i][j+1]+S[i+1][j]-S[i][j]+grid[i][j]
    val = [0]*(N*N+1)
    for x1 in range(N):
        for x2 in range(x1+1, N+1):
            for y1 in range(N):
                for y2 in range(y1+1, N+1):
                    area = (x2-x1)*(y2-y1)
                    s = S[x2][y2]-S[x1][y2]-S[x2][y1]+S[x1][y1]
                    val[area] = max(val[area], s)
    for i in range(N**2):
        val[i+1] = max(val[i], val[i+1])
    for q in query:
        print(val[q])


solve()",1
"import java.util.Arrays;
import java.util.Scanner;

public class Main {
	public static void main(String[] args) {
		Scanner reader = new Scanner(System.in);

		int[] arr = new int[3];
		arr[0] = reader.nextInt();
		arr[1] = reader.nextInt();
		arr[2] = reader.nextInt();
		int K = reader.nextInt();
		int ans = 0;
		Arrays.sort(arr);
		for (int i = 0; i< K; i++) {
			arr[2] *= 2;
		}
		for (int i = 0; i < 3; i++) {
			ans += arr[i];
		}



		System.out.print(ans);
		reader.close();
	}
}","import itertools

n = int(input())
MOD = 10 ** 9 + 7

ng_patterns3 = ['AGC', 'ACG', 'GAC']
ng_patterns4 = ['AAGC', 'AACG', 'ATGC', 'AGAC', 'AGTC', 'AGGC', 'AGCA', 'AGCT', 'AGCG', 'AGCC', 'ACGA', 'ACGT', 'ACGG',
                'ACGC', 'TAGC', 'TACG', 'TGAC', 'GAGC', 'GACA', 'GACT', 'GACG', 'GACC', 'GGAC', 'CAGC', 'CACG', 'CGAC']


# ???3????????????????????
# ???3??????????????????
def main():
    # ???
    counts = {}
    for li in itertools.product('ATGC', repeat=3):
        s = ''.join(li)
        if s not in ng_patterns3:
            counts[s] = 1

    # 1???????
    for _ in range(3, n):
        new_counts = {s: 0 for s in counts.keys()}
        for s3, count in counts.items():
            for c in 'ATGC':
                s4 = s3 + c
                if s4 not in ng_patterns4:
                    new_counts[s4[-3:]] += count % MOD
        counts = new_counts

    print(sum([c for c in counts.values()]) % MOD)


if __name__ == '__main__':
    main()",0
"import java.io.BufferedReader;
import java.io.IOException;
import java.io.InputStream;
import java.io.InputStreamReader;
import java.util.StringTokenizer;

public class Main {

    static int A;
    static int B;
    static int C;

    public static void main(String[] args) {
        FastScanner fc = new FastScanner(System.in);
        A = fc.nextInt();
        B = fc.nextInt();
        C = fc.nextInt();
        System.out.println(solve());
    }

    static int MOD = 1_000_000_007;

    static String solve() {
        // A = comb(r+c, c) = (r+c)! / r!c!
        // B = comb(r+c+1, c+1) = (r+c+1)! / r!(c+1)! = A * (r+c+1)/(c+1)
        // C = comb(r+c+1, c) = (r+c+1)! / (r+1)!c! = A * (r+c+1)/(r+1)

        int AdB = div(A, B);
        int AdC = div(A, C);

        // r + c + 1 = rev(A/B + A/C - 1)
        int rc1 = rev(sub(sum(AdB, AdC), 1));

        // c+1 = A/B * (r+c+1)
        // r+1 = A/C * (r+c+1)
        int c1 = mul(AdB, rc1);
        int r1 = mul(AdC, rc1);

        // r c
        return sub(r1, 1) + "" "" + sub(c1, 1);
    }

    static int mul(int a, int b) {
        return (int)((long)a * b % MOD);
    }

    static int sum(int a, int b) {
        return (int)(((long)a + b) % MOD);
    }

    static int sub(int a, int b) {
        return (a + MOD - b) % MOD;
    }

    static int div(int a, int b) {
        return mul(a, rev(b));
    }

    static int rev(int a) {
        return pow(a, MOD-2);
    }

    static int pow(int base, int exp) {
        if( exp == 0 ) re","mod=10**9+7
A=int(input())
B=int(input())
C=int(input())
def INV(i):
    return pow(i,mod-2,mod)
print(((C*B-C*A)*INV(A*B-C*B+C*A))%mod,((B*C-B*A)*INV(A*C-B*C+B*A))%mod)",1
"import java.io.*;
import java.util.*;

public class C {
	private static String fileName = C.class.getSimpleName().replaceFirst(""_.*"", """");
	private static String inputFileName = fileName + "".in"";
	private static String outputFileName = fileName + "".out"";
	private static Scanner in;
	private static PrintWriter out;

	private void solve() {
		int hei = in.nextInt();
		int wid = in.nextInt();
		boolean[][] a = new boolean[hei][wid];
		boolean[][] used = new boolean[hei][wid];
		boolean[][] ok = new boolean[hei][wid];
		for (int i = 0; i < hei; i++) {
			String s = in.next();
			for (int j = 0; j < wid / 4; j++) {
				int t = Integer.parseInt(s.substring(j, j + 1), 16);
				for (int k = 0; k < 4; k++) {
					a[i][4 * j + k] = (t & (1 << (3 - k))) > 0;
				}
			}
		}
		for (int i = hei - 1; i >= 0; i--) {
			for (int j = wid - 1; j >= 0; j--) {
				if (i + 1 == hei || j + 1 == wid) {
					continue;
				}
				if ((a[i][j + 1] != a[i][j]) && (a[i + 1][j] != a[i][j]) && (a[i + 1][j + 1] == a[i][j])) {
					ok[i][j] = true;
				}
			}
		}
		int[][] max = new int[hei][wid];
		int ans = 0;
		StringBuilder answer = new StringBuilder();
		for (int size = Math.min(hei, wid); size >= 1; size--) {
			for (int i = hei - 1; i >= 0; i--) {
				for (int j = wid - 1; j >= 0; j--) {
					if (used[i][j]) {
						max[i][j] = 0;
						continue;
					}
					if (ok[i][j]) {
						max[i][j] = 1 + Math.min(max[i + 1][j], Math.min(max[i][j + 1], max[i + 1][j + 1]));
					} else {
						max[i][j] = 1;","#!/usr/bin/env python

import sys

def minOfThree(a,b,c):
    if (a <= b) and (a <= c):
        return a
    elif (b <= a) and (b <= c):
        return b
    else:
        return c

def maxChessboardSize(grid,used,i,j,maxRow,maxCol):
    if used[i][j]:
        return 0
    elif ( i == maxRow or j == maxCol or grid[i][j] == grid[i+1][j] or grid[i][j] == grid[i][j+1] or grid[i][j] != grid[i+1][j+1] ):
        return 1
    else:
        return 1 + minOfThree( maxChessboardSizeDown(grid,used,i+1,j,maxRow,maxCol), maxChessboardSizeRight(grid,used,i,j+1,maxRow,maxCol), maxChessboardSize(grid,used,i+1,j+1,maxRow,maxCol) ) 

def maxChessboardSizeRight(grid,used,i,j,maxRow,maxCol):
    if used[i][j]:
        return 0
    elif ( j == maxCol or grid[i][j] == grid[i][j+1] ):
        return 1
    else:
        return 1 + maxChessboardSizeRight(grid,used,i,j+1,maxRow,maxCol)

def maxChessboardSizeDown(grid,used,i,j,maxRow,maxCol):
    if used[i][j]:
        return 0
    elif ( i == maxRow or grid[i][j] == grid[i+1][j] ):
        return 1
    else:
        return 1 + maxChessboardSizeDown(grid,used,i+1,j,maxRow,maxCol) 



def main(argv):
    n = int(sys.stdin.readline())
    for i in range(1,n+1):
        line = sys.stdin.readline()
        M,N = map(int,line.split("" ""))

        squares = []

        for j in range(M):
            squares.append([])
            thisRow = squares[j]
            line = sys.stdin.readline().strip()
            for hexChar in line:
                    if (hex",1
"import java.io.BufferedReader;
import java.io.IOException;
import java.io.InputStream;
import java.io.InputStreamReader;
import java.io.OutputStream;
import java.io.PrintWriter;
import java.util.InputMismatchException;
import java.util.StringTokenizer;

public class Main {

	public static void main(String[] args) throws IOException {
		InputStream inputStream = System.in;
		OutputStream outputStream = System.out;
		InputReader in = new InputReader(inputStream);
		PrintWriter out = new PrintWriter(outputStream);
		TaskX solver = new TaskX();
		solver.solve(1, in, out);
		out.close();
	}

	static class TaskX {
		public void solve(int testNumber, InputReader in, PrintWriter out) {

			int n = in.nextInt();
			int k = in.nextInt();
			long[] an = new long[n+1];
			for (int i = 1; i < n + 1; i++) {
				an[i] = in.nextLong();
			}

			long[] rui = new long[n+1];
			if (an[1] > 0) {
				rui[1] = an[1];
			}
			for (int i = 2; i < n + 1; i++) {
				if (an[i] > 0) {
					rui[i] += rui[i-1]+an[i];
				} else {
					rui[i] += rui[i-1];
				}
			}

			long ans = 0;
			for (int i = 1; i <= n + 1 - k; i++) {
				long tmp = 0;
				tmp += rui[i-1] - rui[0];
				tmp += rui[n] - rui[i+k-1];

				long inside = 0;
				for (int j = i; j < i + k; j++) {
					inside += an[j];
				}
				if (inside > 0) {
					tmp += inside;
				}
				ans = Math.max(ans, tmp);
			}
			out.println(ans);

		}
	}

	static class InputReader {
		BufferedReader in;
		StringTokenizer tok;

		public String nextString() {","N, Y = map(int, input().split())

# F=Fukuzawa H=Higuchi S=Souseki
flg = False
for f in range(N+1):
    for h in range(N+1-f):
        if f * 10000 + h * 5000 + (N - f - h) * 1000 == Y and N-f-h >= 0:
            print(""{} {} {}"".format(f, h, (N - f - h)))
            flg = True
            break
    if flg is True:
        break

if flg is False:
    print(""-1 -1 -1"")",0
"import java.io.BufferedReader;
import java.io.IOException;
import java.io.InputStreamReader;
import java.io.PrintWriter;
import java.util.Arrays;
import java.util.StringTokenizer;

public class Main {

    static BufferedReader in;
    static PrintWriter out;
    static StringTokenizer tok;

    int N, K;
    double[][][] dp;

    void solve() throws IOException {
        N = ni();
        K = ni();
        dp = new double[N + 1][K + 1][2];

        for (int i = 0; i < dp.length; i++) {
            for (int j = 0; j < dp[i].length; j++) {
                Arrays.fill(dp[i][j], -1);
            }
        }

        out.println(dfs(0, 0, 0));
    }

    double dfs(int n, int k, int f) {
        if (k > K) return 0;
        if (n == N) return f;

        if (dp[n][k][f] >= 0) return dp[n][k][f];

        double ans = 0;

        ans += dfs(n + 1, k, f) * n / (n + 1);

        double x = dfs(n + 1, k + 1, 1) / (n + 1);
        double y = dfs(n + 1, k, 0) / (n + 1);

        ans += Math.max(x, y);

        return dp[n][k][f] = ans;
    }

    String ns() throws IOException {
        while (!tok.hasMoreTokens()) {
            tok = new StringTokenizer(in.readLine(), "" "");
        }
        return tok.nextToken();
    }

    int ni() throws IOException {
        return Integer.parseInt(ns());
    }

    long nl() throws IOException {
        return Long.parseLong(ns());
    }

    double nd() throws IOException {
        return Double.parseDouble(ns());
    }

    String[] nsa(int n)","R, B = map(int, input().split())
x, y = map(int, input().split())

if R / x < B / y:
    R, B = B, R
    x, y = y, x

pmin = R // x
if B <= pmin:
    pmin = B
    pmax = B
else:
    pmax = pmin + (B - pmin) // y
    point = (pmax + pmin) // 2

while pmin < pmax:
    if (R - point) // (x - 1) + (B - point) // (y - 1) >= point:
        pmin = point
        point = (pmax + point + 1) // 2
    else:
        pmax = point - 1
        point = (pmin + point) // 2

print(pmin)",0
"import java.util.*;
import java.io.*;

public class Main {
	static final int MOD = 1000000007;
	static int h;
	static int w;
	static int[][] field;
	static int[][] sums;
	public static void main (String[] args) throws Exception {
		BufferedReader br = new BufferedReader(new InputStreamReader(System.in));
		String[] firstLine = br.readLine().split("" "", 2);
		h = Integer.parseInt(firstLine[0]);
		w = Integer.parseInt(firstLine[1]);
		field = new int[h][w];
		sums = new int[h][w];
		for (int i = 0; i < h; i++) {
			String[] line = br.readLine().split("" "", w);
			for (int j = 0; j < w; j++) {
				field[i][j] = Integer.parseInt(line[j]);
				sums[i][j] = -1;
			}
		}
		
		long count = 0;
		for (int i = 0; i < h; i++) {
			for (int j = 0; j < w; j++) {
				if (sums[i][j] == -1) {
					get(i, j, -1);
				}
				count += sums[i][j];
				count %= MOD;
			}
		}
		System.out.println(count);
	}
	
	static int get(int y, int x, int value) {
		if (y < 0 || y >= h || x < 0 || x >= w) {
			return 0;
		}
		if (field[y][x] <= value) {
			return 0;
		}
		if (sums[y][x] != -1) {
			return sums[y][x];
		}
		int ans = get(y - 1, x, field[y][x]);
		ans %= MOD;
		ans += get(y, x - 1, field[y][x]);
		ans %= MOD;
		ans += get(y + 1, x, field[y][x]);
		ans %= MOD;
		ans += get(y, x + 1, field[y][x]) + 1;
		ans %= MOD;
		sums[y][x] = ans;
		return ans;
	}
}","import subprocess as sp
import sys
code = r'''
#include <algorithm>
#include <cstdio>
using namespace std;
const int M = 1000000007;
int h, w;
int a[1000][1000], cache[1000][1000];
unsigned f(int x, int y) {
  static int dx[] = {1, 0, -1, 0};
  static int dy[] = {0, 1, 0, -1};
  int &c = cache[y][x];
  if (c < 0) {
    c = 1;
    for (int d = 0; d < 4; ++d) {
      int nx = x + dx[d];
      int ny = y + dy[d];
      if (0 <= nx and nx < w and 0 <= ny and ny < h and a[ny][nx] > a[y][x]) {
        c = (c + f(nx, ny)) % M;
      }
    }
  }
  return c;
}
int main() {
  int total = 0;
  scanf(""%d%d"", &h, &w);
  for (int y = 0; y < h; ++y) {
    for (int x = 0; x < w; ++x) {
      scanf(""%d"", &a[y][x]);
    }
  }
  for (int y = 0; y < h; ++y) {
    for (int x = 0; x < w; ++x) {
      cache[y][x] = -1;
    }
  }
  for (int y = 0; y < h; ++y) {
    for (int x = 0; x < w; ++x) {
      total = (total + f(x, y)) % M;
    }
  }
  printf(""%d\n"", total);
  return 0;
}
'''
filename = 'sense_of_guilt.cpp'
with open(filename, 'w') as f:
    print(code, file=f)
sp.Popen(['g++', '-std=c++11', '-O2', filename]).communicate()
sp.Popen(['./a.out'], stdin=sys.stdin, stdout=sys.stdout).communicate()",1
"import java.io.BufferedReader;
import java.io.File;
import java.io.FileReader;
import java.io.FileWriter;
import java.io.IOException;
import java.util.AbstractList;
import java.util.ArrayList;
import java.util.Arrays;
import java.util.Collection;
import java.util.Collections;
import java.util.Comparator;
import java.util.HashMap;
import java.util.List;


public class P3 {
	public static String PNAME = ""p3"";

	public static int M, Q;
	public static double[][] vals;

	private static String solve() throws Exception {
		List<Integer> ll = map(s2i, readList());
		M = ll.get(0);
		Q = ll.get(1);
		vals = new double[Q][];
		for (int i = 0; i < Q; i++) {
			List<Double> xx = map(s2d, readList());
			vals[i] = new double[4];
			for (int j = 0; j < 4; j++) {
				vals[i][j] = xx.get(j);
			}
		}

		List<Double> top = getTop(0);
		double succ = 0;
		for (Double d : top)
			succ += d;
		return String.format(""%.8f"", succ);
	}

	private static List<Double> getTop(int i) {
		if (i==Q) {
			List<Double> ret = new ArrayList<Double>();
			ret.add(1.0);
			return ret;
		}
		List<Double> ret1 = getTop(i+1);
		List<Double> potentials = new ArrayList<Double>();
		for (int j = 0; j < 4; j++) {
			for (Double d : ret1)
				potentials.add(d*vals[i][j]);
		}
		Collections.sort(potentials, new Comparator<Double>() {
			public int compare(Double o1, Double o2) {
				return (o1<o2)?1:((o1>o2)?-1:0);
			}
		});
		List<Double> ret = potentials.subList(0, Math.min(M, potentials.size()));
		//System.out.print","'''
Google CodeJam 2009 - Round 1B - Problem A

@author: Dan Bjorge
'''

#fileprefix = 'A-small-ex'
#fileprefix = 'A-small-attempt0'
fileprefix = 'A-large'

filepath = ''
filepathname = filepath + fileprefix
infilename = filepathname + '.in'
outfilename = filepathname + '.out'
lines = open(infilename, 'rU').read().split(""\n"")
outfile = open(outfilename, 'w+')

#This will sometimes, but not often, change
linenum = 1
cases = int(lines[0])

class Tree:
    def __init__(self, p, feature="""", t1=None, t2=None):
        self.p = p
        self.feature = feature
        self.t1 = t1
        self.t2 = t2
        
        self.isLeaf = (feature == """")
    def getP(self, features, p):
        p *= self.p
        if not self.isLeaf:
            if self.feature in features:
                return self.t1.getP(features, p)
            else:
                return self.t2.getP(features, p)
        else:
            return p
        
    def __str__(self):
        r = ""[""+str(self.p)
        if self.isLeaf:
            return r+""]""
        return r+"" ""+self.feature+"" ""+str(self.t1)+"" ""+str(self.t2)+""]""
        

def parseTree(str):
    str = str.strip()
    if str == """":
        return None
    else:
        if str[0] != '(' or str[-1] != ')':
            raise Exception(""malformed tree"")
        str = str[1:-1].strip()
        if ' ' in str:
            spaceIndex = str.index("" "")
            prob = float(str[0:spaceIndex])
            str = str[spaceIndex+1:].strip()
            spaceIndex",0
"import java.util.Scanner;

public class Main {
	public static void main(String args[]) {
		new Main().solve();
	}

	void solve() {
		Scanner scan = new Scanner(System.in);
		int n = scan.nextInt();
		int x[] = new int[n];
		int y[] = new int[n];
		int c[] = new int[n];
		for (int i = 0; i < n; i++) {
			x[i] = scan.nextInt();
			y[i] = scan.nextInt();
			c[i] = scan.nextInt();
		}

		double left = 0, right = Integer.MAX_VALUE;
		double medium = 0;
		for (int i = 0; i < 100; i++) {
			medium = (double)(left + right) / 2;
			Point square[] = square(x[0], y[0], c[0], medium);
			boolean overlap = false;
			for (int j = 1; j < n; j++) {
				Point sq[] = square(x[j], y[j], c[j], medium);
				if (sq[3].x < square[0].x || sq[3].y > square[0].y || sq[0].x > square[3].x || sq[0].y < square[3].y) {
					overlap = true;
					break;
				}	

				if (square[0].x <= sq[0].x) {
					square[0].x = sq[0].x;
					square[1].x = sq[1].x;
				}
				if (square[0].y >= sq[0].y) {
					square[0].y = sq[0].y;
					square[2].y = sq[2].y;
				}
				if (sq[2].x <= square[2].x) {
					square[2].x = sq[2].x;
					square[3].x = sq[3].x;
				}
				if (square[1].y <= sq[1].y) {
					square[1].y = sq[1].y;
					square[3].y = sq[3].y;
				}
			}
			if (overlap) left = medium;
			else right = medium;
		}

		System.out.println(medium);
	}

	Point[] square(double x, double y, double c, double t) {
		Point square[] = new Point[4];
		square[0] = new Point(x - t / c, y + t / c);
		square[1] = new Point(x - t / c, y -","N = int(input())
norumu_kun = [tuple(map(int, input().split()))for _ in [0]*N]

lb, ub = 0, 10**10
while ub - lb > 1e-5:
    mid = (lb+ub) / 2
    lx = ly = -10**10
    ux = uy = 10**10
    for x, y, c in norumu_kun:
        dist = mid / c
        _lx, _ux = x-dist, x+dist
        _ly, _uy = y-dist, y+dist
        lx = _lx if _lx > lx else lx
        ly = _ly if _ly > ly else ly
        ux = _ux if ux > _ux else ux
        uy = _uy if uy > _uy else uy

    if lx > ux or ly > uy:
        lb = mid
    else:
        ub = mid

print(lb)",1
"import java.util.*;

import static java.lang.System.*;

public class Main {
    public static void main(String[] args) {
        Scanner sc = new Scanner(System.in);
        int N = sc.nextInt();
        int M = sc.nextInt();

        int[] x = new int[M];
        int[] y = new int[M];
        for (int i = 0; i < M; i++) {
            x[i] = sc.nextInt();
            y[i] = sc.nextInt();
        }

        boolean[] redExists = new boolean[N + 1];
        int[] nums = new int[N + 1];
        redExists[1] = true;
        Arrays.fill(nums, 1);

        for (int i = 0; i < M; i++) {
            if (redExists[x[i]]) {
                if (nums[x[i]] == 1) {
                    redExists[x[i]] = false;
                }

                redExists[y[i]] = true;
            }
            nums[x[i]]--;
            nums[y[i]]++;
        }

        int cnt = 0;
        for (int n = 1; n <= N; n++) {
            if(redExists[n]) {
                cnt++;
            }
        }

        out.println(cnt);
    }
}","n,m = map(int,input().split())
ball = [1]*(n+1)
red = [0]*(n+1)
red[1] = 1
for _ in range(m):
  x,y = map(int,input().split())
  ball[x] -= 1
  ball[y] += 1
  if red[x]:
    red[y] = 1
  if ball[x] == 0:
    red[x] = 0
print(sum(red))",1
"import java.util.Scanner;

public class Main {
	
	public static void main(String[] args) {
		Scanner sc = new Scanner(System.in);
		
		int N = sc.nextInt();
		int M = sc.nextInt();
		
		int[] map = new int[M+1];
		long pointSum = 0;
		for (int i = 0; i < N; i++) {
			int l = sc.nextInt();
			int r = sc.nextInt();
			int point = sc.nextInt();
			pointSum += point;
			map[l-1] += point;
			map[r] += -point;
		}
		
		long min = Long.MAX_VALUE;
		long now = 0;
		for (int i = 0; i < M; i++) {
			now += map[i];
			min = Math.min(now, min);
		}
		
		System.out.println(pointSum - min);
	}
}","i = list(map(int,input().split()))
s = list(map(int,input().split()))
a = i[0]*i[1]+s[0]*s[1]-i[0]*s[1]-i[1]*s[0]
print(a)",0
"import java.util.*;

import static java.lang.Math.max;

public class Main {

    public static void main(String[] args) {

        Scanner sc = new Scanner(System.in);
        int n = sc.nextInt();
        int[] x = new int[n];

        for(int i=0; i<n; i++) {
            x[i] = sc.nextInt();
        }

        System.out.println(n - getLIS(n, x));
    }

    public static int getLIS(int n, int a[]) {

        int[] dp = new int[n+1];
        Arrays.fill(dp, 0);

        int ans = 1;

        for(int i=0; i<n; i++) {
            dp[i] = 1;
            for(int j=0; j<i; j++) {
                if (a[j] < a[i]) {
                    dp[i] = max(dp[i], dp[j] + 1);
                }
            }
            ans = max(ans, dp[i]);
        }
        return ans;
    }
}","# coding: utf-8
import bisect as bis

# 1 <= n <= 3x10^4
n = int(input())
cards = [int(input()) for _ in range(n)]
dp = [-1]
for c in cards:
    if dp[-1] < c:
        dp.append(c)
    else:
        dp[bis.bisect_left(dp, c)] = c
print(n - len(dp) + 1)",1
"import java.util.Scanner;

public class Main {
    public static void main(String[] args) {
        Scanner sc = new Scanner(System.in);
        int sx = sc.nextInt();
        int sy = sc.nextInt();
        int gx = sc.nextInt();
        int gy = sc.nextInt();
        int dx = gx - sx;
        int dy = gy - sy;
        for (int i = 0; i < dx; i++) {
            System.out.print(""R"");
        }
        for (int i = 0; i < dy; i++) {
            System.out.print(""U"");
        }
        for (int i = 0; i < dx; i++) {
            System.out.print(""L"");
        }
        for (int i = 0; i < dy; i++) {
            System.out.print(""D"");
        }
        System.out.print(""D"");
        for (int i = 0; i < dx; i++) {
            System.out.print(""R"");
        }
        System.out.print(""R"");
        for (int i = 0; i < dy; i++) {
            System.out.print(""U"");
        }
        System.out.print(""U"");
        System.out.print(""L"");
        System.out.print(""U"");
        for (int i = 0; i < dx; i++) {
            System.out.print(""L"");
        }
        System.out.print(""L"");
        for (int i = 0; i < dy; i++) {
            System.out.print(""D"");
        }
        System.out.print(""D"");
        System.out.print(""R"");
        System.out.println();
    }
}","q = int(input())
if q == 1:
  print(""ABC"")
else:
  print(""chokudai"")",0
"import java.io.BufferedReader;
import java.io.InputStreamReader;
import java.util.Scanner;

public class Main {
    public static void main(String []args)
    {
        BufferedReader br = new BufferedReader(new InputStreamReader(System.in));
        Scanner sc = new Scanner(System.in);
        String str = sc.next();
        int sum=0;
        for(char x:str.toCharArray())
        {
            if(x=='+')
                sum++;
            else if(x=='-')
                sum--;
        }
        System.out.println(sum);

    }
}","S = input()
ans = 0
for s in S:
    if s == '+':
        ans += 1
    else:
        ans -= 1

print(ans)",1
"import java.io.BufferedReader;
import java.io.FileReader;
import java.io.FileWriter;

public class Swatter {

	public static void main(String[] args) throws Exception {
		long start = System.currentTimeMillis();
		BufferedReader br = new BufferedReader(new FileReader(""input.txt""));
		FileWriter w = new FileWriter(""output.txt"");
		int tests = Integer.parseInt(br.readLine());
		for (int i = 0; i < tests; i++) {
			String[] s = br.readLine().split("" "");
			double f = Double.parseDouble(s[0]);
			double R = Double.parseDouble(s[1]);
			double t = Double.parseDouble(s[2]);
			double r = Double.parseDouble(s[3]);
			double g = Double.parseDouble(s[4]);

			double circle = Math.PI * R * R;
			double empty = 0;
			
			double gg = g - 2 * f;
			if (gg > 0) {
				double x0 = r + f;
				double RR = R - t - f;
				while (x0 < RR) {
					double x1 = x0 + gg;
					double x0y = Math.sqrt(RR * RR - x0 * x0);
					double x1y = Math.sqrt(RR * RR - x1 * x1);
					
					double y0 = r + f;
					while (y0 < x0y) {
						double y1 = y0 + gg;
						double y0x = Math.sqrt(RR * RR - y0 * y0);
						double y1x = Math.sqrt(RR * RR - y1 * y1);
						
						if (x1 < y1x && y1 < x1y) {
							// square
							empty += gg * gg;
						} else if (x1 > y0x && y1 > x0y) {
							// triangle
							double dx = y0x - x0;
							double dy = x0y - y0;
							double ch = Math.sqrt(dx * dx + dy * dy);
							double a = Math.asin(ch / 2 / RR) * 2;
							double seg = RR * RR / 2 * (a - Math.sin(a));
							empty += dx","N = int(input())
l = list(map(int,input().split()))
l.sort(reverse=True)
ans = l[1::2]

print(sum(ans[:N]))",0
"import java.util.HashMap;
import java.util.Map;
import java.util.Scanner;

public class Main {

	public static void main(String[] args) {
		Scanner sc = new Scanner(System.in);

		String S = sc.next();
		String T = sc.next();

		Map<Character, Integer> mapS = new HashMap<>();
		Map<Character, Integer> mapT = new HashMap<>();

		int index = 0;
		for (int i = 0; i < S.length(); i++) {
			char charS = S.charAt(i);
			char charT = T.charAt(i);

			if (mapS.containsKey(charS)) {
				if (mapT.containsKey(charT)) {
					if (!mapS.get(charS).equals(mapT.get(charT))) {
						System.out.println(""No"");
						return;
					}
				} else {
					System.out.println(""No"");
					return;
				}
			} else {
				if (mapT.containsKey(charT)) {
					System.out.println(""No"");
					return;
				}
			}
			index++;
			mapS.put(charS, index);
			mapT.put(charT, index);
		}
		System.out.println(""Yes"");
	}
}","S = input()
T = input()
dic1 = {}
dic2 = {}
flag = True
for i , j in zip(S, T):
    if i in dic1:
        if dic1[i] != j:
            flag = False
            break
    dic1[i] = j
    if j in dic2:
        if dic2[j] != i:
            flag = False
            break
    dic2[j] = i
if flag:
    print('Yes')
else:
    print('No')",1
"import java.io.BufferedReader;
import java.io.IOException;
import java.io.InputStream;
import java.io.InputStreamReader;
import java.io.OutputStream;
import java.io.PrintWriter;
import java.math.BigDecimal;
import java.util.StringTokenizer;

public class Main {
	public static void main(String[] args) {
		InputStream inputStream = System.in;
		OutputStream outputStream = System.out;
		InputReader in = new InputReader(inputStream);
		PrintWriter out = new PrintWriter(outputStream);
		TaskA solver = new TaskA();
		solver.solve(1, in, out);
		out.close();
	}

	static class TaskA {
		public void solve(int testNumber, InputReader in, PrintWriter out) {
			int N = in.nextInt();
			int[] x = new int[N];
			int[] y = new int[N];
			
			for (int i = 0; i < N; i++) {
				x[i] = in.nextInt();
				y[i] = in.nextInt();
			}
			
			double max = 0;
			
			for (int i = 0; i < N; i++) {
				for (int j = 0; j < N; j++) {
					if (i == j) continue;
					max = Math.max(max, Math.sqrt(Math.pow(x[i] - x[j], 2) + Math.pow(y[i] - y[j], 2)));
				}
			}
			
			System.out.println(max);
		}
	}

	static class InputReader {
		public BufferedReader reader;
		public StringTokenizer tokenizer;

		public InputReader(InputStream stream) {
			reader = new BufferedReader(new InputStreamReader(stream), 32768);
			tokenizer = null;
		}

		public String next() {
			while (tokenizer == null || !tokenizer.hasMoreTokens()) {
				try {
					tokenizer = new StringTokenizer(reader.readLine());
				} catch (IOException e)","#!/usr/bin/env python3
# -*- coding: utf-8 -*-

import math, os, sys, random


def single_test(IN, OUT):
  X, Y = map(int, IN.readline().split())
  
  x, y = 0, 0
  result = ''
  step = 1
  
  while True:
    E = X - x + random.random()
    N = Y - y + random.random()
    W = -E + random.random()
    S = -N + random.random()
    d = max(E, N, W , S)
    nx, ny = x, y
    r = 'O'
    if E == d:
      nx += step
      r = 'E'
    elif N == d:
      ny += step
      r = 'N'
    elif W == d:
      nx -= step
      r = 'W'
    elif S == d: 
      ny -= step
      r = 'S'
    if abs(X - nx) + abs(Y - ny) < abs(X - x) + abs(Y - y):
      step += 1
      result += r
      x, y = nx, ny
    else:
      break
  
  while (x, y) != (X, Y):
    if Y > y:
      result += 'SN'
      y += 1
    elif Y < y:
      result += 'NS'
      y -= 1
    elif X > x:
      result += 'WE'
      x += 1
    elif X < x:
      result += 'EW'
      x -= 1
  
  return result
  


def main(IN, OUT):
  T = int(IN.readline())
  for i in range(1, T+1):
    OUT.write('Case #%d: %s\n' % (i, single_test(IN, OUT)))


if __name__ == '__main__':
  assert len(sys.argv) == 2
  IN = open(sys.argv[1], 'rt')
  OUT = open('%s.out' % sys.argv[1][:-3], 'wt')
  main(IN, OUT)
  OUT.close()
  IN.close()",0
"import java.util.Scanner;

/**
 * http://abc028.contest.atcoder.jp/tasks/abc028_d
 */
public class Main {

	public static void main(String[] args) {
		
		Scanner sc = new Scanner(System.in);
		final int N = sc.nextInt();
		final int K = sc.nextInt();
		sc.close();
		
		double l = (double)(K-1)/(double)N;
		double m = (double)1/(double)N;
		double u = (double)(N-K)/(double)N;
		
		double ans = l*m*u*6 + m*m*u*3 + m*m*l*3 + m*m*m;
		
		System.out.println(ans);

	}

}","N, K = map(int, input().split())
ans = 0

# 3???K
ans += 1

# 2??K
ans += 3 * (N - 1)

# 1??K
ans += 6 * ((K - 1) * (N - K))

print(ans / (N ** 3))",1
"import java.math.BigDecimal;
import java.util.Scanner;

public class Main {
	public static void main(String args[]) {
		Scanner sc = new Scanner(System.in);
		double Deg = sc.nextDouble();
		double Dis = sc.nextDouble();
		double w = Dis / 60.0;
		BigDecimal bd = new BigDecimal(Double.toString(w));
		BigDecimal b = bd.setScale(1, BigDecimal.ROUND_HALF_UP);
		//System.out.println(b);
		int ans = RecuestWindPower(b.doubleValue());
		if(ans != 0) {
			System.out.print(RecuestWindDirection(Deg / 10));
		} else {
			System.out.print(""C"");
		}
		System.out.print("" "");
		System.out.print(ans);
		System.out.println();
	}
	
	public static int RecuestWindPower(double dis_sec) {
		//System.out.println(dis_sec);
		int w = 0;
		if(dis_sec >= 0.0 && dis_sec <= 0.2) {
			w = 0;
		} else if(dis_sec >= 0.3 && dis_sec <= 1.5) {
			w = 1;
		} else if(dis_sec >= 1.6 && dis_sec <= 3.3) {
			w = 2;
		} else if(dis_sec >= 3.4 && dis_sec <= 5.4) {
			w = 3;
		} else if(dis_sec >= 5.5 && dis_sec <= 7.9) {
			w = 4;
		} else if(dis_sec >= 8.0 && dis_sec <= 10.7) {
			w = 5;
		} else if(dis_sec >= 10.8 && dis_sec <= 13.8) {
			w = 6;
		} else if(dis_sec >= 13.9 && dis_sec <= 17.1) {
			w = 7;
		} else if(dis_sec >= 17.2 && dis_sec <= 20.7) {
			w = 8;
		} else if(dis_sec >= 20.8 && dis_sec <= 24.4) {
			w = 9;
		} else if(dis_sec >= 24.5 && dis_sec <= 28.4) {
			w = 10;
		} else if(dis_sec >= 28.5 && dis_sec <= 32.6) {
			w = 11;
		} else if(dis_sec >= 32.7) {
			w = 12;
		}
		return w;
	}
	
	public st","import bisect

def calc_distance(frm, x, y):
	#frm??x, y???????????????????
	return min(abs(frm - x), abs(frm - y) ) + abs(x - y)

def calc_both_end(frm, us):
	#??frm?????2?????
	#?????????????????2?
	if len(us) == 1:
		return us[0], us[0]

	idx = bisect.bisect_left(us, frm)
	if idx == 0:
		return us[0], us[1]
	elif idx == len(us):
		return us[len(us) - 2], us[len(us) - 1]
	else:
		return us[idx - 1], us[idx]

def find(ss, ts, x):
	s1, s2 = calc_both_end(x, ss)
	t1, t2 = calc_both_end(x, ts)
	ans = min(calc_distance(x, s1, t1), calc_distance(x, s1, t2), calc_distance(x, s2, t1), calc_distance(x, s2, t2))
	return ans

a, b, q = list(map(int, input().split()))
ss = [int(input()) for _ in range(a)]
ts = [int(input()) for _ in range(b)]
xs = [int(input()) for _ in range(q)]

for x in xs:
	print(find(ss, ts, x))",0
"import java.util.Scanner;

class Main{
	public static void main(String[] args) {
		Scanner sc=new Scanner(System.in);
		String s=sc.next();
		int ngs=s.length();
		int[][] unko=new int[26][ngs+1];		//26*10^5
		for(int i=0; i<26; i++) {
			for(int j=0; j<=ngs; j++) {
				unko[i][j]=0;
			}
		}
		for(int i=0; i<ngs; i++) {
			unko[s.charAt(i)-97][i+1]++;
		}
		for(int i=0; i<26; i++) {		//26*10^5
			for(int j=1; j<=ngs; j++) {
				unko[i][j]=unko[i][j]+unko[i][j-1];
			}
		}
		int l=0;
		int r=0;
		int tmp=0;
		for(int i=0; i<26; i++) {
			for(int j=0; j<=ngs-2; j++) {
				if(unko[i][j+2]-unko[i][j]==2) {		// oo????????2????????
					System.out.println(j+1+"" ""+(j+2));
					System.exit(0);
				}
			}

			for(int j=0; j<=ngs-3; j++) {
				if(unko[i][j+3]-unko[i][j]>=2) {		//oxo??????????????
					System.out.println(j+1+"" ""+(j+3));
					System.exit(0);
				}
			}
		}
		System.out.println(-1+"" ""+-1);
	}
}","n,q=map(int,input().split())
hoge=[0]*n
for i in range(q):
  a,b,c=map(int,input().split())
  for i in range(b-a+1):
    hoge[a+i-1]=c

for i in range(n):
  print(hoge[i])",0
"import java.util.*;

public class Main {
    public static void main(String[] args) throws Exception {
        
        Scanner sc = new Scanner(System.in);
        int[] A = new int[3];

        for(int i = 0; i < 3; i++ ) A[i] = sc.nextInt();
        
        Arrays.sort(A);
        int ans = A[2] - A[0];
        
        System.out.println(ans);
    }
}","tnum = int(raw_input())

def f(ps, k):
    dyn = [0. for _ in range(k+1)]
    dyn[0] = 1.
    for p in ps:
        tdyn = dyn
        dyn = [(1-p)*tdyn[i]+p*tdyn[max(i-1, 0)] for i in range(k+1)]
    return dyn[k]

def g(ps, k, u):
    ps = sorted(ps)
    ret = f(ps, k)
    for i in range(len(ps)):
        SS = 0.
        MM = 0.
        for j in range(i, len(ps)):
            SS += ps[j]
            MM = max(MM, ps[j])
            t = (SS+u)/(j-i+1)
            if t<MM:
                continue
            if j+1<len(ps) and t>ps[j+1]-1e-5:
                continue
            t = min(t, 1.)
            ret = max(ret, f(ps[:i]+[t]*(j-i+1)+ps[j+1:], k))
    return ret

for ti in range(tnum):
    n, k = [int(x) for x in raw_input().split()]
    u = float(raw_input().strip())
    ps = [float(x) for x in raw_input().split()]
    ps = sorted(ps)
    ans = g(ps, k, u)
    while (len(ps)>0):
        if ps[-1]+u<1.:
            break
        u -= 1.-ps[-1]
        k = max(0, k-1)
        ps = ps[:-1]
        ans = max(ans, g(ps, k, u))
    print 'Case #{}: {:.9f}'.format(ti+1, ans)",0
"import java.io.*;
import java.util.*;

public class Lottery {

	FastScanner in;
	PrintWriter out;

	void solve() {
		int a = in.nextInt() - 1, b = in.nextInt() - 1, k = in.nextInt() - 1;

		int[] as = digits(a);
		int[] bs = digits(b);
		int[] ks = digits(k);

		long[][][][] dp = new long[31][2][2][2];

		dp[30][0][0][0] = 1;

		for (int bit = 29; bit >= 0; bit--) {
			for (int was1 = 0; was1 < 2; was1++) {
				for (int was2 = 0; was2 < 2; was2++) {
					for (int was3 = 0; was3 < 2; was3++) {
						long val = dp[bit + 1][was1][was2][was3];
						if (val == 0) {
							continue;
						}

						for (int bit1 = 0; bit1 < 2; bit1++) {
							for (int bit2 = 0; bit2 < 2; bit2++) {
								int bit3 = bit1 & bit2;

								if (ok(bit, was1, bit1, as) && ok(bit, was2, bit2, bs)
										&& ok(bit, was3, bit3, ks)) {

									dp[bit][newState(bit, was1, bit1, as)][newState(bit, was2,
											bit2, bs)][newState(bit, was3, bit3, ks)] += val;
								}
							}
						}
					}
				}
			}
		}

		long result = 0;
		for (int was1 = 0; was1 < 2; was1++) {
			for (int was2 = 0; was2 < 2; was2++) {
				for (int was3 = 0; was3 < 2; was3++) {
					result += dp[0][was1][was2][was3];
				}
			}
		}
		out.println(result);
	}

	private boolean ok(int pos, int was, int bit, int[] a) {
		if (was == 1) {
			return true;
		}
		return bit <= a[pos];
	}

	private int newState(int pos, int was, int bit, int[] a) {
		if (was == 1) {
			return 1;
		}
		return (bit < a[pos]) ? 1 : 0;
	}

	private int[] d","n=int(input())

a=list(map(int,input().split()))

if not sum(a)%n==0:
  print(-1)
else:
  lastnum=sum(a)//n
  ans=0
  for i in range(1,n):
    if not (sum(a[:i])==lastnum*i and sum(a[i:])==lastnum*(n-i)):
      ans+=1
  print(ans)",0
"import java.awt.geom.Point2D;
import java.io.*;
import java.lang.*;
import java.util.*;
import java.math.*;

public class Program implements Runnable{
	private static BufferedReader br;
	private static PrintWriter out;
	private static StringTokenizer stk;
	
	public static void main(String[] args) throws FileNotFoundException {
		br = new BufferedReader(new FileReader(""D:\\D-small-attempt3.in""));
		out = new PrintWriter(new File(""D:\\D-out.txt""));
		(new Thread(new Program())).start();
	}
	
	private void loadLine() {
		try {
			stk = new StringTokenizer(br.readLine());
		}
		catch (IOException e) {
			e.printStackTrace();
		}
	}
	
	private String nextLine() {
		try {
			return br.readLine();
		}
		catch (IOException e) {
			e.printStackTrace();
		}
		return null;
	}
	
	private Integer nextInt() {
		while (stk==null||!stk.hasMoreTokens()) loadLine();
		return Integer.parseInt(stk.nextToken());
	}
	
	private Long nextLong() {
		while (stk==null||!stk.hasMoreTokens()) loadLine();
		return Long.parseLong(stk.nextToken());
	}
	
	private Double nextDouble() {
		while (stk==null||!stk.hasMoreTokens()) loadLine();
		return Double.parseDouble(stk.nextToken());
	}
	
	private String nextWord() {
		while (stk==null||!stk.hasMoreTokens()) loadLine();
		return stk.nextToken();
	}
	
	public void run() {
		int t = nextInt();
		for (int tt = 0; tt < t; ++tt) {
			int n = nextInt();
			double[] x = new double[n];
			double[] y = new double[n];
			double[] r = new double[n];
			
			for (int i =","n,m = map(int, input().split())
d = dict()
for i in range(1,n+1):
  d[i] = 0
for _ in range(m):
  a = map(int, input().split())
  for x in a:
    d[x] += 1
    d[x] %= 2
if any(d.values()):
  print(""NO"")
else:
  print(""YES"")",0
"import java.util.Arrays;
import java.util.Scanner;

public class Main {

    void run() {
        Scanner sc = new Scanner(System.in);

        int n = sc.nextInt(), m = sc.nextInt(), q = sc.nextInt();
        int[][] lr = new int[m][2];
        int[][] pq = new int[q][2];

        for (int i = 0; i < m; i++) {
            lr[i][0] = sc.nextInt();
            lr[i][1] = sc.nextInt();
        }
        for (int i = 0; i < q; i++) {
            pq[i][0] = sc.nextInt();
            pq[i][1] = sc.nextInt();
        }
        int[][] board = new int[n + 2][n + 2];

        for (int i = 0; i < m; i++) {
            board[lr[i][1]][lr[i][0]] += 1;
        }

        for (int y = 1; y <= n; y++) for (int x = 1; x <= n; x++) {
            board[y][x] += board[y - 1][x] + board[y][x - 1] - board[y - 1][x - 1];
        }

        for (int i = 0; i < q; i++) {
            System.out.println(query(pq[i][0], pq[i][1], board));
        }
    }

    int query(int p, int q, int[][] board) {
        return board[q][q] - board[q][p - 1] - board[p - 1][q] + board[p - 1][p - 1];
    }

    void debug(Object...os) {
        System.err.println(Arrays.deepToString(os));
    }

    public static void main(String[] args) {
        new Main().run();
    }
}","from collections import Counter
from functools import lru_cache
import sys
sys.setrecursionlimit(2*10**5)

N, M, Q = map(int, input().split())
L, R = zip(*(map(int, input().split()) for _ in range(M)))
p, q = zip(*(map(int, input().split()) for _ in range(Q)))

c = Counter(zip(L, R))


@lru_cache(maxsize=None)
def f(x, y):
    return (
        0 if x > y else
        c[x, y] + f(x + 1, y) + f(x, y - 1) - f(x + 1, y - 1)
    )


ans = '\n'.join(map(str, (f(x, y) for x, y in zip(p, q))))
print(ans)",1
"import java.io.OutputStream;
import java.io.IOException;
import java.io.InputStream;
import java.io.PrintWriter;
import java.util.InputMismatchException;
import java.io.IOException;
import java.io.InputStream;

/**
 * Built using CHelper plug-in
 * Actual solution is at the top
 */
public class Main {
    public static void main(String[] args) {
        InputStream inputStream = System.in;
        OutputStream outputStream = System.out;
        FastScanner in = new FastScanner(inputStream);
        PrintWriter out = new PrintWriter(outputStream);
        TaskA solver = new TaskA();
        solver.solve(1, in, out);
        out.close();
    }

    static class TaskA {
        public void solve(int testNumber, FastScanner in, PrintWriter out) {
            int a = in.nextInt();
            int b = in.nextInt();
            int c = in.nextInt();
            out.println(a * b * 2 + b * c * 2 + c * a * 2);
        }

    }

    static class FastScanner {
        private InputStream in;
        private byte[] buffer = new byte[1024];
        private int bufPointer;
        private int bufLength;

        public FastScanner(InputStream in) {
            this.in = in;
        }

        private int readByte() {
            if (bufPointer >= bufLength) {
                if (bufLength == -1)
                    throw new InputMismatchException();

                bufPointer = 0;
                try {
                    bufLength = in.read(buffer);
                } catch (IOException","#!/usr/bin/python
__author__ = 'Tianren Liu'

import sys
import numpy as np

if __name__ == ""__main__"":
    T = int(sys.stdin.readline())
    for t in xrange(T):
        N = int(sys.stdin.readline())
        if N == 0:
            print ""Case #{}: INSOMNIA"".format(t+1)
            continue
        seen = [False for _ in range(10)]
        remain = 10
        M = 0
        while remain > 0:
            M = M + N
            m = M
            while m > 0:
                r = m % 10
                m = m / 10
                if seen[r] == False:
                    seen[r] = True
                    remain -= 1
        print ""Case #{}: {}"".format(t+1, M)",0
"import java.io.BufferedReader;
import java.io.IOException;
import java.io.InputStream;
import java.io.InputStreamReader;
import java.util.StringTokenizer;

public class Main {

    static int R, G, B;

    public static void main(String[] args) {
        FastScanner fc = new FastScanner(System.in);
        R = fc.nextInt();
        G = fc.nextInt();
        B = fc.nextInt();
        System.out.println(solve());
    }

    static int solve() {
        // G??????? -> ??????R, B???????
        // G????????R, B????????????????????
        //   ?????G????[460, -460]??????(???)
        //   R, B?300, 300????R?50???????? B?450???????????
        int ans = Integer.MAX_VALUE;
        for (int gl = -500; gl <= 500; gl++) {
            // G = [gl, gr]
            int gr = gl + G - 1;
            int gp = calc(gl, gr, 0);
            int rp = calcR(gl);
            int bp = calcB(gr);

            ans = Math.min(gp + rp + bp, ans);
        }
        return ans;
    }

    static int calcR(int gl) {
        // ??????
        int l = -100 - R/2;
        int r = -100 + (R-1)/2;

        if( gl <= r ) {
            int push = r - gl + 1;
            l -= push;
            r -= push;
        }

        return calc(l, r, -100);
    }

    static int calcB(int gr) {
        int l = 100 - (B-1)/2;
        int r = 100 + B/2;

        if( gr >= l ) {
            int push = gr - l + 1;
            l += push;
            r += push;
        }

        return calc(l, r, 100);
    }

    static int cal","N = int(input())
x = [0 for i in range(N)]
y = [0 for i in range(N)]
c = [0 for i in range(N)]
for i in range(N):
    x[i], y[i], c[i] = map(int, input().split())

a = 0
b = 10 ** 10
inf = 10 ** 11
while b - a > 1e-5:
    d = (a + b) / 2
    distance = [0 for i in range(N)]
    x_lim_u = [0 for i in range(N)]
    x_lim_o = [0 for i in range(N)]
    y_lim_u = [0 for i in range(N)]
    y_lim_o = [0 for i in range(N)]
    for i in range(N):
        distance[i] = d / c[i]
    for i in range(N):
        x_lim_u[i] = x[i] - distance[i]
        x_lim_o[i] = x[i] + distance[i]
        y_lim_u[i] = y[i] - distance[i]
        y_lim_o[i] = y[i] + distance[i]
    x_limu, x_limo, y_limu, y_limo = x_lim_u[0], x_lim_o[0], y_lim_u[0], y_lim_o[0]
    for i in range(1, N):
        if x_limu <= x_lim_u[i] <= x_lim_o[i] <= x_limo:
            x_limu = x_lim_u[i]
            x_limo = x_lim_o[i]
        elif x_limu <= x_lim_u[i] <= x_limo < x_lim_o[i]:
            x_limu = x_lim_u[i]
        elif x_lim_u[i] < x_limu <= x_lim_o[i] <= x_limo:
            x_limo = x_lim_o[i]
        elif x_lim_u[i] <= x_limu <= x_limo <= x_lim_o[i]:
            pass
        else:
            x_limu, x_limo = inf, inf
            break
    for i in range(1, N):
        if y_limu <= y_lim_u[i] <= y_lim_o[i] <= y_limo:
            y_limu = y_lim_u[i]
            y_limo = y_lim_o[i]
        elif y_limu <= y_lim_u[i] <= y_limo < y_lim_o[i]:
            y_limu = y_lim_u[i]
        elif y_lim_u[i] < y_limu <= y_lim_o[i] <=",0
"import java.util.Scanner;


public class Main {
	static int N;
	static long[] T;

	public static void main(String[] args) {

		Scanner sc = new Scanner(System.in);
		 N = sc.nextInt();
		 T = new long[N];
		 for(int i = 0 ; i < N ; i++){
			 T[i]= sc.nextInt();
		 }
		 sc.close();


		 int count = 0 ;
		 int counti = 0 ;


		 for (long m : T){
			 //System.out.println(""calc : "" + m);
			 count += counti;
			 //System.out.println(""count :""+count);

			 for(int i = 1; i < 35 ; i++){
				 long p = (long)Math.pow(2, i);

				 if(m%p==0){
					 counti = i;
					// System.out.println(""counti : ""+counti);
				 }
				 else if(m%2 !=0){
					 counti = 0 ;
					 break;
				 }


				 else {
					 break;
				 }
			 }
		}
		 count += counti;
		 System.out.println(count);
	}
}","a = sorted([int(i) for i in input().split()])
print(a[1])",0
"import java.util.Scanner;
import java.util.stream.IntStream;
 
public class Main{
	static IntStream REPS(int v){return IntStream.range(0,v);}
	static IntStream REPS(int l,int r){return IntStream.rangeClosed(l,r);}
	static IntStream INS(int n) {return REPS(n).map(i->getInt());}
	static Scanner s=new Scanner(System.in);
	static int getInt(){return Integer.parseInt(s.next());}
 
	public static void main(String[]$){
		int
		a=getInt(),
		b=getInt(),
		c=getInt(),
		d=getInt(),
		e=getInt(),
		f=getInt();
 
		int rw=100*a,rs=0;
		double max=0;
 
		for(int i=0;true;++i) {
			int va=100*a*i;
			if(va>f)
				break;
			for(int j=0;true;++j) {
				int vb=100*b*j;
				if(va+vb>f)
					break;
				for(int k=0;true;++k) {
					int vc=c*k;
					if(va+vb+vc>f)
						break;
					for(int l=0;true;++l) {
						int vd=d*l;
						if(va+vb+vc+vd>f)
							break;
						if(max<calc(va+vb,vc+vd,e)) {
							max=calc(va+vb,vc+vd,e);
							rw=va+vb;
							rs=vc+vd;
						}
					}
				}
			}
		}
		System.out.println(rw+rs+"" ""+rs);
	}
	private static double calc(int w,int s,int e){
		double r=w==0?0:100.0*s/(w+s);
		return w/100*e<s?0:r;
	}
}","A, B, C, D, E, F = map(int, input().split(' '))

max_sugar = 0
max_water = 100*A
max_conc = 0.0
A_limit = F // (100*A)
for i in range(A_limit + 1):
    B_limit = (F-100*A*i) // (100*B)
    for j in range(B_limit + 1):
        if i == 0 and j == 0:
            continue
        sugar_limit = min(E * (A*i+B*j), F-100*(A*i+B*j))

        sugar_ = 0
        for c in range(sugar_limit//C + 1):
            d = (sugar_limit-c*C)//D
            temp_sugar = c*C + d*D
            sugar_ = max(sugar_, temp_sugar)
        temp_conc = sugar_/(sugar_+100*(A*i+B*j))
        if temp_conc > max_conc:
            max_conc = temp_conc
            max_water = 100*(A*i + B*j)
            max_sugar = sugar_
print('{0} {1}'.format(max_water+max_sugar, max_sugar))",1
"import java.io.BufferedReader;
import java.io.FileReader;
import java.io.IOException;
import java.io.InputStreamReader;
import java.util.*;

public class Main {
    private static StringTokenizer st;
    private static BufferedReader br;
    public static long MOD = 1000000007;

    public static void print(Object x) {
        System.out.println(x + """");
    }
    public static void printArr(long[] x) {
        StringBuilder s = new StringBuilder();
        for (int i = 0; i < x.length; i++) {
            s.append(x[i] + "" "");
        }
        print(s);
    }
    public static void printArr(int[] x) {
        StringBuilder s = new StringBuilder();
        for (int i = 0; i < x.length; i++) {
            s.append(x[i] + "" "");
        }
        print(s);
    }
    public static void printArr(char[] x) {
        StringBuilder s = new StringBuilder();
        for (int i = 0; i < x.length; i++) {
            s.append(x[i] + """");
        }
        print(s);
    }
    public static String join(Collection<?> x, String space) {
        if (x.size() == 0) return """";
        StringBuilder sb = new StringBuilder();
        boolean first = true;
        for (Object elt : x) {
            if (first) first = false;
            else sb.append(space);
            sb.append(elt);
        }
        return sb.toString();
    }

    public static String nextToken() throws IOException {
        while (st == null || !st.hasMoreTokens()) {
            String line = br.readLine();
            st = n","def solve(n):
    digs=set()
    for i in xrange(1,1000):
        for j in str(i*n):
            digs.add(j)
        if(len(digs)==10):
            return i*n
    return ""INSOMNIA""
t=int(raw_input())
for cas in xrange(1,t+1):
    n=int(raw_input())
    print ""Case #{}: {}"".format(cas,solve(n))",1
"//2019/3/14
import java.util.ArrayList;
import java.util.Scanner;
public class Main {

	public static void main(String[] args) {

		Scanner sc = new Scanner(System.in);

		int s = sc.nextInt();

		int n = 1;

		int Fn = s;

		ArrayList<Integer> array = new ArrayList<>();

		array.add(s);

		while(true) {

			if(Fn%2==0) Fn /= 2;

			else Fn = 3*Fn+1;

			if(array.contains(Fn)) {

				System.out.println(n+1);

				break;
			}

			array.add(Fn);

			n++;
		}
	}

}","s = int(input())
syo = True
ans = 1
while syo:
    if s == 4 or s == 1 or s == 2:
        print(ans + 3)
        break
    if s%2 == 1:
        s = s*3+1
    else:
        s //= 2
    ans += 1",1
"import java.util.Scanner;
public class Main{
	public static void main(String[]args){
		Scanner sc = new Scanner(System.in);
		int a=sc.nextInt();
		int b=sc.nextInt();
		int n=sc.nextInt();
		for(int i=n;true;i++) {
			if(i%a==0&&i%b==0) {
				System.out.println(i);
				break;
			}
		}
	}
}","n,m=map(int,input().split())

X=[[] for _ in range(n)]

for i in range(m):
    a,b=map(int,input().split())
    X[a-1].append(b-1)
    X[b-1].append(a-1)


path=[i for i in range(2,n+1)]

visited=[1]+[0]*(n-1)

def dfs(v):
    if visited==[1]*n:
        return 1
    res=0
    for x in X[v]:
        if visited[x]==0:
            visited[x]=1
            res+=dfs(x)
            visited[x]=0
    return res

print(dfs(0))",0
"import java.util.*;
public class Main {
	public static void main(String args[]) {
		Scanner sc = new Scanner(System.in);
		String N = sc.next();
		if(N.substring(0, 1).equals(N.substring(2, 3))) {
			System.out.println(""Yes"");
		} else {
			System.out.println(""No"");
		}
	}
}","bells=[int(i) for i in input().split()]
print(sum(bells)-max(bells))",0
"import java.util.Arrays;
import java.util.Collections;
import java.util.Scanner;

public class Main{
	public static void main(String[]args){
		Scanner sc = new Scanner(System.in);
		int n=sc.nextInt();
		int m=sc.nextInt();
		Integer[] x=new Integer[n+1];
		Integer[] y=new Integer[m+1];
		x[0]=sc.nextInt();
		y[0]=sc.nextInt();
		for(int i=1;i<=n;i++) {
			x[i]=sc.nextInt();
		}
		for(int i=1;i<=m;i++) {
			y[i]=sc.nextInt();
		}
		Arrays.sort(x,Collections.reverseOrder());
		Arrays.sort(y);
		if(x[0]<y[0]) {
			System.out.println(""No War"");
		}else {
			System.out.println(""War"");
		}
	}
}","N = int(input())
A = [int(a) for a in input().split()]

print(*([A[i] for i in range(N-1,-1,-2)]+[A[i] for i in range(N%2,N,2)]))",0
"import java.io.BufferedReader;
import java.io.IOException;
import java.io.InputStreamReader;
import java.io.PrintWriter;
import java.util.StringTokenizer;

/**
 * @author Don Li
 */
public class Main {
    void solve() {
        int n = in.nextInt();
        int a = in.nextInt(), b = in.nextInt();

        if (Integer.bitCount(a) % 2 == Integer.bitCount(b) % 2) {
            out.println(""NO"");
            return;
        }

        out.println(""YES"");
        int[] res = build(n, a, b);
        for (int i = 0; i < 1 << n; i++) {
            if (i > 0) out.print(' ');
            out.print(res[i]);
        }
    }

    int[] build(int n, int a, int b) {
        if (n == 1) {
            return new int[]{a, b};
        }

        int x = Integer.numberOfTrailingZeros(a ^ b);

        int aa = (a >> x + 1) << x | (a & (1 << x) - 1);
        int bb = (b >> x + 1) << x | (b & (1 << x) - 1);
        int cc = aa ^ 1;
        int[] p = build(n - 1, aa, cc), q = build(n - 1, cc, bb);
        
        int[] res = new int[1 << n];
        for (int i = 0; i < 1 << n - 1; i++) {
            int u = p[i] & ~((1 << x) - 1);
            int v = p[i] & (1 << x) - 1;
            res[i] = u << 1 | (a & 1 << x) | v;
        }
        for (int i = 0; i < 1 << n - 1; i++) {
            int u = q[i] & ~((1 << x) - 1);
            int v = q[i] & (1 << x) - 1;
            res[(1 << n - 1) + i] = u << 1 | (b & 1 << x) | v;
        }
        return res;
    }

    public static void main(String[] args)","def num_of_1bit(n: int)->int:
    '''n ???????????????
    :param n: number
    :return: number of 1 bit
    '''
    s = 0
    while n > 0:
        s += n & 1
        n >>= 1
    return s


def diff_idx(a: int, b: int)->int:
    '''a ? b ???????????????????????
    ??????????????????????? 2^i ? i 
    ??????
    :param a: number 1
    :param b: number 2
    :return: index
    '''
    if a == b:
        return -1
    idx = 0
    while a > 0 or b > 0:
        if a & 1 != b & 1:
            break
        idx += 1
        a, b = a >> 1, b >> 1
    return idx


def remove_bit(n: int, idx: int)->int:
    '''n ? idx ?????????????idx ? 2^idx ??
    ?????
    ex) n = 1011011, idx = 2
    -> 101111

    :param n: number
    :param idx: index
    :return: number removed `idx`th bit
    '''
    upper = (n >> (idx+1)) << idx
    lower = n & ((1 << idx) - 1)
    return upper | lower


def insert_bit(n: int, idx: int, bit: bool)->int:
    '''n ? idx ?????????????
    ex) n = 101111, idx = 2, bit = True
    -> 1011111
    '''
    upper = (n >> idx) << (idx + 1)
    lower = n & ((1 << idx) - 1)
    insert = bit << idx
    return upper | insert | lower


def route(_from: int, to: int, N: int)->list:
    '''_from ?? to ??? N ???????????????
    ??????
    :param _from: start
    :param to: end
    :param N: number of bit
    :return: routes
    '''
    if N == 1:
        return [_from, to]

    di = diff_idx(_from, to)

    a = remove_bit(_from, di)
    b = remove_bit(to, di)
    c = a ^ 1",1
"import java.io.*;
import java.util.*;

public class Solution implements Runnable {


	private StringTokenizer st;
	private BufferedReader in;
	private PrintWriter out;
	
	final String file = ""D-small-attempt0"";

	public void solve(int test) throws IOException {
		out.print(""Case #"" + (test + 1) + "": "");
		int n = nextInt();
		int m = nextInt();
		long[][] edges = new long[n][(n + 63) / 64];
		for (int i = 0; i < m; ++i) {
			int u = nextInt();
			int v = nextInt();
			edges[u][v >> 6] |= 1L << (v & 63);
			edges[v][u >> 6] |= 1L << (u & 63);
		}
		int[] dist = new int[n];
		Arrays.fill(dist, -1);
		int[] q = new int[n];
		int qe = 1;
		q[0] = 0;
		dist[0] = 0;
		for (int qs = 0; qs < qe; ++qs) {
			int i = q[qs];
			for (int j = 0; j < n; ++j) {
				if (edge(edges, i, j) && dist[j] == -1) {
					q[qe++] = j;
					dist[j] = dist[i] + 1;
				}
			}
		}
		int d = dist[1];
		long[][] layers = new long[d + 1][(n + 63) / 64];
		for (int i = 0; i < n; ++i) {
			if (dist[i] != -1 && dist[i] <= d) {
				layers[dist[i]][i >> 6] |= 1L << (i & 63);
			}
		}
		if (d == 1) {
			out.println(0 + "" "" + (countAndOr(layers[0], edges[0]) + countAndOr(layers[1], edges[0])));
			return;
		}
		int[][] din = new int[n][n];
		for (int[] ar : din) {
			Arrays.fill(ar, -1);
		}
		for (int i = 0; i < n; ++i) {
			if (dist[i] == 1 && edge(edges, 0, i)) {
				din[0][i] = countAndOr(layers[0], edges[0], edges[i]) - 1;
			}
		}
		for (int l = 2; l < d; ++l) {
			for (int i = 0; i < n; ++i) {
				if (dist[i]","if 1:
    from sys import *
    from functools import *
    from collections import *
    from itertools import *
    from functools import *
    from heapq import *
    xr = xrange

    def print_args(*args, **kwargs):
        return ','.join(value for value in [','.join(map(repr, args)),','.join(""%s=%s"" % (k, repr(v)) for k, v in kwargs.items())] if value)

    def print_result(before=False, after=True):
        def fc(func):
            @wraps(func)
            def f(*args, **kwargs):
                if before:
                    print ""%s(%s)""      % (func.__name__, print_args(*args, **kwargs))
                r = func(*args, **kwargs)
                if after:
                    print ""%s(%s) = %s"" % (func.__name__, print_args(*args, **kwargs), r)
                return r
            return f
        return fc

    def memoize(function):
        memo = {}
        @wraps(function)
        def f(*args):
            key = args
            if key not in memo:
                memo[key] = function(*args)
                if not (len(memo) & 32767):
                    print >>stderr, ""memo"", function.__name__, len(memo)
            return memo[key]
        f.memo = memo
        return f

    def line():
        return raw_input().strip()

    def parts(f=int):
        return map(f, line().split())

    def qparts(f=int):
        data = line().split()
        return data[0], map(f, data[1:])

for cas in xrange(1,1+input()):
    ans = 0
    s = line()
    while 'CC' in s or 'JJ",0
"import java.io.*;

import java.awt.geom.Point2D;
import java.text.*;
import java.math.*;
import java.util.*;

public class Main implements Runnable {

	final String problem = ""A"";
	//	final String filename = problem + ""-sample"";

//	 final String filename= problem+""-small-attempt0"";
//	 final String filename= problem+""-small-attempt1"";
	 final String filename= problem+""-large"";

	int res = 0;

	void check(char[] a) {
		int white = 0, black = 0, blank = 0;
		for (int i = 0; i < 4; i++)
			if (a[i] == 'X')
				white++;
			else if (a[i] == 'O')
				black++;
			else if (a[i] == '.')
				blank++;
		if (blank != 0)
			res |= 4;
		else {
			if (white == 0)
				res |= 1;
			if (black == 0)
				res |= 2;
		}
	}

	public void solve() throws Exception {
		char[][] t = new char[4][];
		for (int i = 0; i < 4; i++) {
			t[i] = readword().toCharArray();
		}
		res = 0;
		for (int i = 0; i < 4; i++) {
			check(t[i]);
			check(new char[] { t[0][i], t[1][i], t[2][i], t[3][i] });
		}
		check(new char[] { t[0][0], t[1][1], t[2][2], t[3][3] });
		check(new char[] { t[0][3], t[1][2], t[2][1], t[3][0] });
		if ((res & 1) != 0)
			out.write(""O won"");
		else if ((res & 2) != 0)
			out.write(""X won"");
		else if ((res & 4) != 0)
			out.write(""Game has not completed"");
		else
			out.write(""Draw"");
	}

	public void solve_gcj() throws Exception {
		int tests = iread();
		for (int test = 1; test <= tests; test++) {
			out.write(""Case #"" + test + "": "");
			solve();
			out.write(""\n"");
		}
	}

	public void ru","T = input()

def check(b):
	for i in range(4):
		row = ''.join(sorted(b[i]))
		if row == 'TXXX' or row == 'OOOT' or row == 'XXXX' or row == 'OOOO':
			return row[2] + ' won'

	for i in range(4):
		row = ''.join(sorted([b[j][i] for j in range(4)]))
		if row == 'TXXX' or row == 'OOOT' or row == 'XXXX' or row == 'OOOO':
			return row[2] + ' won'


	row = ''.join(sorted([b[i][i] for i in range(4)]))	
	if row == 'TXXX' or row == 'OOOT' or row == 'XXXX' or row == 'OOOO':
		return row[2] + ' won'

	row = ''.join(sorted([b[i][3-i] for i in range(4)]))	
	if row == 'TXXX' or row == 'OOOT' or row == 'XXXX' or row == 'OOOO':
		return row[2] + ' won'

	for i in range(4):
		for j in range(4):
			if b[i][j] == '.':
				return 'Game has not completed'

	return 'Draw'

for case in range(T):
	board = []
	for i in range(4):
		x = raw_input()
		board.append([c for c in x.strip()])
	#print board
	blank = raw_input()


	s = check(board)

	print ""Case #%d: %s"" % (case + 1, s)",1
"import java.io.BufferedReader;
import java.io.IOException;
import java.io.InputStream;
import java.io.InputStreamReader;
import java.util.StringTokenizer;

public class Main {

    static long N;
    static int K;
    static int MOD = 1_777_777_777;

    public static void main(String[] args) {
        FastScanner fc = new FastScanner(System.in);
        N = fc.nextLong();
        K = fc.nextInt();
        System.out.println(solve());
    }

    static int solve() {
        return (int)((long)comb(N, K) * montmort(K) % MOD);
    }

    static int comb(long n, int k) {
        if( k > n-k ) k = (int)n-k;
        if( k == 0 ) return 1;

        long a = 1;
        for (int i = 0; i < k; i++) {
            a = a * ((n-i) % MOD) % MOD;
        }
        long b = pow(fact(k), MOD-2);

        return (int)(a * b % MOD);
    }

    private static int fact(int n) {
        long ret = 1;
        for (int i = 2; i <= n; i++) {
            ret = ret * i % MOD;
        }
        return (int)ret;
    }

    // ??????
    // ????(????)??
    static int montmort(int n) {
        if( n == 1 ) return 0;
        if( n == 2 ) return 1;

        long m1 = 1; // ???
        long m2 = 0; // ???
        long m = -1;
        for (int i = 3; i <= n; i++) {
            m = (i-1) * (m1 + m2) % MOD;

            m2 = m1;
            m1 = m;
        }
        return (int)m;
    }

    // ??????pow
    // Primes???????
    private static int pow(int base, int exp) {
        if( exp == 0 ) return 1;","def get_inverse_element(x: int, mod: int = 10**9+7) -> int:
    ans = 1
    for c in bin(mod-2)[:1:-1]:
        if c == ""1"":
            ans = ans * x % mod
        x = x * x % mod
    return ans


if __name__ == ""__main__"":
    N, K = map(int, input().split())
    mod = 1777777777

    n1, n2 = 1, 1
    for x in range(N, N-K, -1):
        n1 = n1 * x % mod
    for x in range(K, 1, -1):
        n2 = n2 * x % mod
    n1 = n1 * get_inverse_element(n2, mod) % mod

    m1, m2 = 1, 0
    for i in range(3, K+1):
        m1, m2 = (i-1)*(m1+m2) % mod, m1
    print(n1 * m1 % mod)",1
"import java.util.*;

public class Main {
	public static void main(String[] args) {
    	Scanner input = new Scanner(System.in);
      	int N = input.nextInt();
      	int M = input.nextInt();
      	Map<Integer, int[]> sorted = new TreeMap<Integer, int[]>();
      
      
      	for (int i = 0; i < M; i++) {
          	int P = input.nextInt();
          	int Y = input.nextInt();
          	int[] arr = new int[2];
          	arr[0] = P;
          	arr[1] = i;
          	sorted.put(Y, arr);
        }
      	
      	String[] ans = new String[M];
      	int[] city = new int[N];
      	for (int[] arr : sorted.values()) {
        	ans[arr[1]] = String.format(""%06d%06d"", arr[0], ++city[arr[0]-1]);
        }
      	for (int i = 0; i < M; i++) {
			System.out.println(ans[i]);
        }
    } 	
}","import collections,sys
p=print
def ask(x,y):
	p('?',x,y)
	return input()=='Y'
A,B=map(int,input().split())
r=range(A+B)
if A<=B:
	p('Impossible')
	sys.exit()
c=collections.deque(r)
while len(c)>2:
	x,y=c.pop(),c.pop()
	if ask(x,y):
		c.appendleft(y)
p('!',''.join(str(int(ask(c[0],i))) for i in r))",0
"import java.util.*;
import java.io.*;
import java.math.*;

public class Main {

	void solve (FastScanner in, PrintWriter out) {
	
		String s = in.next();
		
		long sum = 0L;
		int blackNum = 0;
		for (int i=0; i<s.length(); i++) {
			if (s.charAt(i) == 'B') blackNum++;
			else sum += blackNum;
		}
		
		out.println(sum);
		
		
	}
	
	
	
	void print (Object... ar) {
		System.out.println(Arrays.deepToString(ar));
	}

	public static void main(String[] args) {
		FastScanner in = new FastScanner(System.in);
		PrintWriter out = new PrintWriter(System.out);
		Main main = new Main();
		main.solve(in, out);
		in.close();
		out.close();
	}

	static class FastScanner {

		private InputStream in;
		private byte[] buffer = new byte[1024];
		private  int length = 0, p = 0;

		public FastScanner (InputStream stream) {
			in = stream;
		}
		public boolean hasNextByte () {
			if (p < length) return true;
			else {
				p = 0;
				try {length = in.read(buffer);}
				catch (Exception e) {e.printStackTrace();}
				if (length <= 0) return false;
			}
			return true;
		}
		public int readByte () {
			if (hasNextByte() == true) return buffer[p++];
			return -1;
		}
		public boolean isPrintable (int n) {return 33<=n&&n<=126;}
		public void skip () {
			while (hasNextByte() && !isPrintable(buffer[p])) p++;
		}
		public boolean hasNext () {skip(); return hasNextByte();}
		public String next () {
			if (!hasNext()) throw new NoSuchElementException();
			StringBuilder sb = new StringBuilder();
			int t = r","a = int(input())
sum = 0
for i in range(a+1):
  sum += i
print(sum)",0
"import java.io.*;
import java.util.*;
import java.util.concurrent.*;

public class A {
	int hei, wid;
	char[][] c;
	
	int[] dx = new int[]{1, 0, -1, 0};
	int[] dy = new int[]{0, 1, 0, -1};
	String dirs = ""v>^<"";
	
	String solve() {
		int ans = 0;
		for (int i = 0; i < hei; i++) {
			for (int j = 0; j < wid; j++) {
				if (c[i][j] == '.') {
					continue;
				}
				int ok = 0;
				for (int d = 0; d < 4; d++) {
					int ii = i;
					int jj = j;
					for (;;) {
						ii += dx[d];
						jj += dy[d];
						if (ii < 0 || ii >= hei || jj < 0 || jj >= wid) {
							break;
						}
						if (c[ii][jj] == '.') {
							continue;
						}
						ok |= 1 << d;
						break;
					}
				}
				int d = dirs.indexOf(c[i][j]);
				if ((ok & (1 << d)) != 0) {
					continue;
				}
				if (ok == 0) {
					return ""IMPOSSIBLE"";
				}
				ans++;
			}
		}
		return """" + ans;
	}
	
	public A(Scanner in) {
		hei = in.nextInt();
		wid = in.nextInt();
		c = new char[hei][];
		for (int i = 0; i < hei; i++) {
			c[i] = in.next().toCharArray();
		}
	}
	
	public static void main(String[] args) throws Exception {
		int nThreads = 4;
		String fileNameSuffix = """";
		String formatOut = ""Case #%2$d: %1$s"";
		String formatSystemOut = formatOut;
		
		String fileName = A.class.getSimpleName().replaceFirst(""_.*"", """").toLowerCase() + fileNameSuffix;
		String inputFileName = fileName + "".in"";
		String outputFileName = fileName + "".out"";
		
		Locale.setDefault(Locale.US);
		Scanner in = new Scanner(new File(inputFileName));","sa = list(input())
sb = list(input())
sc = list(input())


turn = ""a""

while(1):
  if turn == ""a"":
    if not sa: break
    turn = sa[0]
    del sa[0]
  if turn == ""b"":
    if not sb: break
    turn = sb[0]
    del sb[0]
  if turn == ""c"":
    if not sc: break
    turn = sc[0]
    del sc[0]
    
print(turn.upper())",0
"import java.util.*;
public class Main {

	public static void main(String[] args) {
	 Scanner sc = new Scanner(System.in);
      int A = sc.nextInt();
      int B = sc.nextInt();
      int C = sc.nextInt();
      int D = sc.nextInt();
      int count=0;
      int []hairetu = new int [B-A];
      int []hairetu2 = new int [D-C];
      for(int i=A+1;i<=B;i++) {
    	  hairetu[i-A-1]=i;
      }
      for(int i=C+1;i<=D;i++) {
    	  hairetu2[i-C-1]=i;
      }
      for(int i=0;i<B-A;i++) {
    	  for(int j=0;j<D-C;j++) {
    		  if(hairetu[i]==hairetu2[j]) {
    			  count++;
    		  }
    	  }
      }
      System.out.println(count);
	}
	}","n = int(input())
k = int(input())
def check(i):
    return min( 2*(k-i), 2*i)
print(sum([ check(int(i)) for i in input().split() ]))",0
"import java.io.IOException;
import java.io.InputStream;
import java.io.PrintWriter;
import java.util.Arrays;
import java.util.NoSuchElementException;
import java.util.stream.IntStream;
import java.util.stream.Stream;

public class Main {

	public static void main(String[] args) throws IOException {
		new Main().solve();
	}

	private void solve() throws IOException {
		try {
			//			solveA();
			//			solveB();
			solveC();
			//			 solveD();
			//			 solveE();
			//			 solveF();
		} finally {
			if (in != null) {
				in.close();
			}
			if (out != null) {
				out.flush();
				out.close();
			}
		}

	}

	private void solveA() {
		String wk = next();
		int numI = nextInt();

		out.println(wk.substring(numI - 1, numI));
	}

	private void solveB() {
		long numA = nextLong();
		long numB = nextLong();
		long numC = nextLong();

		long CONST_MOD = (long) (Math.pow(10, 9) + 7);

		long res = numA * numB % CONST_MOD * numC % CONST_MOD;

		out.println(res);
	}

	private void solveC() {
		int numN = nextInt();
		int[][] wk = IntStream.range(0, numN).collect(() -> new int[numN][2], (t, i) -> {
			t[i][0] = i + 1;
			t[i][1] = nextInt();
		}, (t, u) -> {
			Stream.concat(Arrays.stream(t), Arrays.stream(u));
		});

		Arrays.sort(wk, (x, y) -> {
			if (x[1] < y[1]) {
				return 1;
			} else if (x[1] > y[1]) {
				return -1;
			} else {
				if (x[0] < y[0]) {
					return -1;
				} else if (x[0] > y[0]) {
					return 1;
				} else {
					return 0;
				}
			}
		});

		for (int j = 0; j < wk.le","n = int(input())
a = [int(i) for i in input().split()]

dic = {}
for idx, x in enumerate(a):
    dic[x] = idx+1

for x in sorted(a, reverse=True):
    print(dic[x])",1
"import java.util.*;
public class Main{public static void main(String[]args){
Scanner sc=new Scanner(System.in);
  int n=sc.nextInt();
  Map<Integer,Integer>po=new HashMap<Integer,Integer>();
  int count=0;
  for(int i=0;i<n;i++){
    int m=sc.nextInt();
  if(po.containsKey(m))count++;
    else po.put(m,m);
  }
  System.out.println(count);
  }}","n=int(input())
hoge=[]

for i in range(n):
  hoge.append(int(input()))
huga=list(set(hoge))

print(n-len(huga))",1
"import java.io.*;
import java.util.*;
import java.math.*;
// import java.awt.Point;
 
public class Main {
    InputStream is;
    PrintWriter out;
    String INPUT = """";
 
    long mod = 1_000_000_007;
    long inf = Long.MAX_VALUE;

    void solve(){
        String s = ns();
        char[] c = s.toCharArray();
        int[] z = zalgo(s);
        int n = z.length;
        boolean[] res = new boolean[n+1];
        for(int i = 1; i < n; i++){
            if(z[i]>=i){
                for(int j = 1; (long)j*i<=z[i]; j++){
                    // out.println((j+1)*i);
                    res[(j+1)*i] = true;
                }
            }
        }
        StringBuilder s2 = new StringBuilder();
        for(int i = n-1; i >= 0; i--){
            s2.append(c[i]);
        }
        int[] z2 = zalgo(s2.toString());
        for(int i = 1; i < n; i++){
            if(z2[i]>=i){
                for(int j = 1; (long)j*i<=z2[i]; j++){
                    // out.println((j+1)*i);
                    res[n-(j+1)*i] = true;
                }
            }
        }
        int count = 0;
        for(int i = 1; i <= n; i++){
            if(res[i]){
                // out.println(i);
                count++;
            }
        }
        if(!res[n]){
            out.println(1);
            out.println(1);
            return;
        }
        // out.println(count);
        if(count==n){
            out.println(n);
            out.println(1);
            return;
        }
        out.println(","R, C, K = map(int, input().split())
imos = [[0]*(C+1) for _ in range(R)]
for i in range(R):
    s = input()
    for j in range(C):
        if s[j] == ""x"":
            for k in range(K):
                if i-k >= 0:
                    imos[i-k][max(0,j-K+k+1)] += 1
                    imos[i-k][min(C,j+K-k)] -= 1
                if i+k < R:
                    imos[i+k][max(0,j-K+k+1)] += 1
                    imos[i+k][min(C,j+K-k)] -= 1
for i in range(R):
    for j in range(1, C+1):
        imos[i][j] += imos[i][j-1]

res = 0
for y in range(K-1, C-K+1):
    for x in range(K-1, R-K+1):
        if imos[x][y] <= 0:
            res += 1
print(res)",0
"import java.io.*;
import java.util.*;

public class Main {
    public static void main(String[] args) {
        PrintWriter out = new PrintWriter(System.out);

        Scanner sc = new Scanner(System.in);

        int N = sc.nextInt();
        int[] a = new int[2 * N - 1];
        for (int i = 0; i < a.length; ++i) {
            a[i] = sc.nextInt();
        }

        int high = 2 * N - 1;
        int low = 1;
        while ((high - low) > 1) {
            int mid = (high + low) / 2;
            if (go(a, mid)) {
                low = mid;
            } else {
                high = mid;
            }
        }
        out.println(low);
        out.flush();
    }
    private static boolean go(int[] a, int mid) {
        int len = a.length;
        int[] b = new int[len];
        for (int i = 0; i < len; ++i) {
            b[i] = a[i] >= mid ? 1 : 0;
        }

        int start = -1;
        for (int i = 1; i < len; ++i) {
            if (b[i] != b[i - 1]) {
                if (start == -1) {
                    start = i - 1;
                }
            } else {
                if (start != -1) {
                    if ((i - start) % 2 == 1) {
                        for (int j = start; j <= i; ++j) {
                            b[j] = b[i];
                        }
                    } else {
                        for (int j = start; j < start + (i - start) / 2; ++j) {
                            b[j] = b[start];
                        }
                        for (","# def makelist(n, m):
# 	return [[0 for i in range(m)] for j in range(n)]

N = int(input())
a = [0] + list(map(int, input().split()))

def check(n):
	b = [False]*(len(a))
	for i in range(1, len(a)):
		if a[i] >= n:
			b[i] = True
		else:
			b[i] = False

	r = int(1e9)
	l = int(1e9)
	rb = b[N]
	lb = b[N]
	for i in range(1, N):
		if lb == b[N-i]:
			l = i
			break
		else:
			lb = b[N-i]
		
	for i in range(1, N):
		if rb == b[N+i]:
			r = i
			break
		else:
			rb = b[N+i]
	if r == int(1e9) and l == int(1e9):
		if N % 2 == 1:
			return b[N]
		else:
			return not b[N]
	else:
		if r < l:
			return rb
		else:
			return lb

# ?????????????
def binarySearch(small, big):
	mid = (big + small) // 2
	if big - small <= 1:
		if check(small): return small
		else:            return big
	else:
		if not check(mid):
			return binarySearch(small, mid)
		else:
			return binarySearch(mid, big)

print(binarySearch(2, 2*N-2))",1
"import java.util.*;
import java.io.*;
 
import static java.lang.Math.*;
import static java.util.Arrays.*;
import static java.util.Collections.*;
 
public class Main{
    static final long mod=1000000007;
    
    public  static void main(String[] args)   throws Exception, IOException{
        Reader sc = new Reader(System.in);
        PrintWriter out=new PrintWriter(System.out);
        // int n=sc.nextInt();
        // char c[][] = new char[h][w];
        // char c[]=sc.nextString().toCharArray();
        // for(int i=0; i<n; i++) {d[i]=sc.nextInt();}

        // int n=sc.nextInt();
        long x=sc.nextLong();
        long y=sc.nextLong();
        out.println(abs(x-y)<=1 ? ""Brown"":""Alice"");
        out.flush();
    }


    static void db(Object... os){
        System.err.println(Arrays.deepToString(os));
    }  
}

class P implements Comparable<P>{
    int id, d;
    P(int  id, int d) {
        this.id=id;
        this.d=d;
    }
    public int compareTo(P p){
        return d-p.d; //des
    }
}

class Reader
{ 
    private BufferedReader x;
    private StringTokenizer st;
    
    public Reader(InputStream in)
    {
        x = new BufferedReader(new InputStreamReader(in));
        st = null;
    }
    public String nextString() throws IOException
    {
        while( st==null || !st.hasMoreTokens() )
            st = new StringTokenizer(x.readLine());
        return st.nextToken();
    }
    public int nextInt() throws IOException
    {
        return Integer.parseInt(ne","n,a=map(int,input().split())
X=list(map(int,input().split()))

dp=[[[0]*(sum(X)+1) for _ in range(n+1)] for _ in range(n+1)]
dp[0][0][0]=1

for i in range(1,n+1): #x_1,x_2...x_n
  for k in range(i):   #k????
    for j in range(sum(X)+1): #??
      if dp[i-1][k][j]:
        dp[i][k+1][j+X[i-1]]+=dp[i-1][k][j]
        dp[i][k][j]+=dp[i-1][k][j]
ans=0
for i in range(1,n+1):
  for j in range(1,sum(X)+1):
    if j==i*a:
      ans+=dp[n][i][j]
print(ans)",0
"import java.io.BufferedReader;
import java.io.IOException;
import java.io.InputStream;
import java.io.InputStreamReader;
import java.io.OutputStream;
import java.io.PrintWriter;
import java.util.StringTokenizer;

/**
 * Built using CHelper plug-in Actual solution is at the top
 */

public class Main {
	public static void main(String[] args) {
		InputStream inputStream = System.in;
		OutputStream outputStream = System.out;
		InputReader in = new InputReader(inputStream);
		PrintWriter out = new PrintWriter(outputStream);
		Task solver = new Task();
		solver.solve(1, in, out);
		out.close();
	}

	static class Task {
		public void solve(int testNumber, InputReader in, PrintWriter out) {
			char c = in.nextChar();
			if(c == 'a' || c == 'e' || c == 'i' || c == 'o' || c == 'u') {
				out.println(""vowel"");
			} else {
				out.println(""consonant"");
			}
		}
	}

	static class InputReader {
		public BufferedReader reader;
		public StringTokenizer tokenizer;

		public InputReader(InputStream stream) {
			reader = new BufferedReader(new InputStreamReader(stream), 32768);
			tokenizer = null;
		}

		public String next() {
			while (tokenizer == null || !tokenizer.hasMoreTokens()) {
				try {
					tokenizer = new StringTokenizer(reader.readLine());
				} catch (IOException e) {
					throw new RuntimeException(e);
				}
			}
			return tokenizer.nextToken();
		}
		
		public char nextChar() {
			return next().charAt(0);
		}

		public int nextInt() {
			return Integer.parseInt(next());
		}","def main():
    y = int(input())
    m = int(input())
    d = int(input())

    print(solve(y, m, d))

def solve(y, m, d):
    d1 = days(y, m, d)
    d2 = days(2014, 5, 17)
    return d2 - d1

def days(y, m, d):
    if m <= 2:
        m += 12
        y -= 1

    return 365 * y + y // 4 - y // 100 + y // 400 + 306 * (m + 1) // 10 + d - 429

main()",0
"import java.util.*;

public class Main {
	public static void main(String args[]) {
		Scanner sc = new Scanner(System.in);
		int N = sc.nextInt();
		int M = sc.nextInt();
		int friend[][] = new int[N][N];
		int A[] = new int[M];
		int B[] = new int[M];
		for(int i = 0; i < M; i++) {
			A[i] = sc.nextInt() - 1;
			B[i] = sc.nextInt() - 1;
			friend[A[i]][B[i]] = 1;
			friend[B[i]][A[i]] = 1;
		}
		
		for(int i = 0; i < N; i++) {
			int cnt[] = new int[N];
			for(int j = 0; j < N; j++) {
				if(i == j) continue;
				if(friend[i][j] == 1) {
					for(int k = 0; k < N; k++) {
						if(i == k || j == k) continue;
						if(friend[j][k] == 1) {
							cnt[k] = 1;
						}
					}
				}
			}
			int ans = 0;
			for(int j = 0; j < N; j++) {
				if(friend[i][j] == 1) {
					//System.out.println(""test"" + i + j);
					cnt[j] = 0;
				}
				if(cnt[j] == 1) {
					ans++;
				}
			}
			System.out.println(ans);
		}
	}
}","N, M = list(map(int, input().split()))
A, B = [], []
for _ in range(M):
  a, b = list(map(int, input().split()))
  A.append(a)
  B.append(b)
  
_dict = {i:set() for i in range(1,N+1)}

for a,b in zip(A,B):
  _dict.get(a, set()).add(b)
  _dict.get(b, set()).add(a)

for n in range(1,N+1):
  s=set()
  for f1 in _dict[n]:
    s=s|_dict[f1]
  s=s-_dict[n]-set([n])
  print(len(s))",1
"import java.util.*;

import static java.lang.System.*;

public class Main {
    public static void main(String[] args) {
        Scanner sc = new Scanner(System.in);
        int N = sc.nextInt();

        int[] cnt = new int[2]; //0: even numbers, 1: odd numbers
        for (int i = 0; i < N; i++) {
            cnt[(int) (sc.nextLong() % 2)]++;
        }

        int restOdd = cnt[1] % 2;
        cnt[0] += cnt[1] / 2;

        if ((restOdd == 0 && cnt[0] > 0) || (restOdd == 1 && cnt[0] == 0)) {
            out.println(""YES"");
        } else {
            out.println(""NO"");
        }
    }
}","N = int(input())
list = list(map(int, input().split()))

if sum(list) % 2 == 0 :
    print('YES')
else :
    print('NO')",1
"import java.util.Arrays;
import java.util.Scanner;

public class Main {
    public static void main(String[] args) {
        Scanner sc = new Scanner(System.in);
        int a = sc.nextInt();
        int b = sc.nextInt();
        int c = sc.nextInt();
        int d = sc.nextInt();
        int e = sc.nextInt();
        int[] sum = new int[10];
        int tmp = a + b;
        sum[0] = tmp + c;
        sum[1] = tmp + d;
        sum[2] = tmp + e;
        tmp = a + c;
        sum[3] = tmp + d;
        sum[4] = tmp + e;
        sum[5] = a + d + e;
        tmp = b + c;
        sum[6] = tmp + d;
        sum[7] = tmp + e;
        sum[8] = b + d + e;
        sum[9] = c + d + e;
        Arrays.sort(sum);
        System.out.println(sum[7]);
    }
}","import itertools

X=list(map(int,input().split()))

A=list(itertools.combinations(X,3))

S=[]
for a in A:
    S.append(sum(a))

S.sort(reverse=True)

print(S[2])",1
"import java.io.File;
import java.io.FileNotFoundException;
import java.io.PrintWriter;
import java.util.Arrays;
import java.util.Scanner;

public class B {

    public static void main(String[] args) throws FileNotFoundException {
        Scanner in = new Scanner(new File(B.class.getSimpleName() + "".in""));
        PrintWriter out = new PrintWriter(new File(B.class.getSimpleName() + "".out""));
        int T = in.nextInt();
        for (int i = 0; i < T; i++) {
            String s = ""Case #"" + (i + 1) + "": "" + new B().solve(in);
            out.println(s);
            System.out.println(s);
        }
        out.close();
    }

    private String solve(Scanner in) {
        int p = in.nextInt();
        int q = in.nextInt();
        int n = in.nextInt();
        int[] h = new int[n];
        int[] g = new int[n];
        int max = 3;
        for (int i = 0; i < n; i++) {
            h[i] = in.nextInt();
            g[i] = in.nextInt();
            max += (h[i] + q - 1) / q;
        }
        int[] x = new int[201];
        int[] y = new int[201];
        for (int i = 1; i <= 200; i++) {
            int j = i;
            while ((j - 1) % q + 1 > p) {
                j -= p;
                x[i]++;
            }
            if (j < 0) {
                x[i] = -1;
            } else {
                y[i] = j / q;
                if (j % q == 0) y[i]--;
            }
        }
        int[][] d = new int[n + 1][max];
        for (int[] ints : d) {
            Arrays.fill(ints, -","import sys

if __name__ == ""__main__"":
    f = sys.stdin
    if len(sys.argv) >= 2:
        fn = sys.argv[1]
        if fn != '-':
            f = open(fn)

    T = int(f.readline())
    for _T in xrange(T):
        P, Q, N = map(int, f.readline().split())

        healths = []
        golds = []

        for i in xrange(N):
            h, g = map(int, f.readline().split())
            healths.append(h)
            golds.append(g)

        def num_hits_to_win(h):
            assert h > 0

            if P > Q:
                return 1

            t = 1
            while True:
                m = ((h - 1) % Q) + 1
                if 1 <= m <= P:
                    return t

                h -= P
                t += 1

        # for h in healths:
            # print h, num_hits_to_win(h)

        cur = {1: 0}

        for i in xrange(N):
            next = {}

            hits_needed = num_hits_to_win(healths[i])
            would_win = golds[i]

            # print
            # print ""On creep %d"" % i

            for shots, money in cur.iteritems():
                # print ""Could have %d shots and %d gold"" % (shots, money)
                do_nothing = (healths[i] + Q-1) / Q + shots

                # print ""do nothing and would have %d shots"" % do_nothing
                next[do_nothing] = max(next.get(do_nothing, 0), money)

                health = healths[i]
                if shots == 0:
                    health -= Q
                    shots += 1",1
"import java.util.*;

public class Main {

    public static void main(String[] args) {
        Scanner sc = new Scanner(System.in);
        String[] bodies = new String[sc.nextInt()];
        int[] voted = new int[bodies.length];
        String temp;
        int lastElement = 0;
        flag:
        for (int i = 0; i < bodies.length; i++) {
            temp = sc.next();
            try {
                for (int j = 0; j < bodies.length; j++) {
                    if (bodies[j].equals(temp)) {
                        voted[j]++;
                        continue flag;
                    }
                }
            } catch (NullPointerException e) {
                bodies[lastElement] = temp;
                voted[lastElement]++;
                lastElement++;
            }

        }
        int mostVoted = 0;
        int mostVotedBody = 0;
        for (int i = 0; i < voted.length; i++) {
            if (voted[i] > mostVoted) {
                mostVoted = voted[i];
                mostVotedBody = i;
            }
        }
        System.out.println(bodies[mostVotedBody]);

    }

}","# coding:utf-8

import sys
# from collections import Counter, defaultdict

INF = float('inf')
MOD = 10 ** 9 + 7

def LI(): return [int(x) for x in sys.stdin.readline().split()]
def LI_(): return [int(x) - 1 for x in sys.stdin.readline().split()]
def LS(): return sys.stdin.readline().split()
def II(): return int(sys.stdin.readline())
def SI(): return input()


def main():
    n = II()
    A = LI()

    # 1. A??????????????
    k, mod = divmod(sum(A), (n * (n + 1) // 2))
    if mod:
        return 'NO'

    A.append(A[0])
    diff = []
    for a1, a2 in zip(A[:-1], A[1:]):
        diff.append(a2 - a1)

    # 2. ????????????
    # ??????1??dk?-(n - 1), ?????+1???

    # 3. {di - k}????n??????????????
    return 'YES' if not any([(d - k) % n or d > k for d in diff]) else 'NO'


print(main())",0
"import java.util.*;

public class Main {
    private static String s;

    public static void input(){
        Scanner scan = new Scanner(System.in);

        s = scan.next();
    }

    public static void main(String args[]) {
        //??
        input();

        for (int i=0;i<s.length();i++){
            switch (s.charAt(i)){
                case 'O':s=s.replace('O' , '0');break;
                case 'D':s=s.replace('D' , '0');break;
                case 'I':s=s.replace('I' , '1');break;
                case 'Z':s=s.replace('Z' , '2');break;
                case 'S':s=s.replace('S' , '5');break;
                case 'B':s=s.replace('B' , '8');break;
                default:break;
            }
        }
        System.out.println(s);
    }
}","k=[]

p = list(input())

for i in range(len(p)):
    if p[i] == ""O"" or p[i] == ""D"":p[i] = ""0""
    elif p[i] == ""I"":p[i] = ""1""
    elif p[i] == ""Z"":p[i] = ""2""
    elif p[i] == ""S"":p[i] = ""5""
    elif p[i] == ""B"":p[i] = ""8""
print(''.join(p))",1
"import java.util.*;

public class A {

  public static void main(String args[]) {
    (new A()).exec();
  }

  void exec() {

    Scanner cin = new Scanner(System.in);

    int n = cin.nextInt();
    for(int z=0; z<n; ++z) {
      int m = cin.nextInt();
      int ms[] = new int[m];
      int me[] = new int[m];
      boolean bf[] = new boolean[m];
      for(int i=0; i<m; ++i) {
        ms[i] = cin.nextInt();
        me[i] = cin.nextInt();
        bf[i] = cin.next().equals(""BIRD"");
        if( !bf[i] ) { cin.next(); }
      }
      int as = Integer.MAX_VALUE;
      int bs = 0;
      int ae = Integer.MAX_VALUE;
      int be = 0;
      boolean none = true;
      for(int i=0; i<m; ++i) {
        if( bf[i] ) {
          as = Math.min(as, ms[i]);
          bs = Math.max(bs, ms[i]);
          ae = Math.min(ae, me[i]);
          be = Math.max(be, me[i]);
          none = false;
        }
      }
      System.out.println(""Case #"" + (z + 1) + "":"");
      int c = cin.nextInt();
      int cs[] = new int[c];
      int ce[] = new int[c];
    MAIN:
      for(int i=0; i<c; ++i) {
        cs[i] = cin.nextInt();
        ce[i] = cin.nextInt();
        if( as <= cs[i] && cs[i] <= bs && ae <= ce[i] && ce[i] <= be ) {
          System.out.println(""BIRD"");
          continue MAIN;
        }
        for(int j=0; j<m; ++j) {
          if( bf[j] ) { continue; }
          if( as <= ms[j] && ms[j] <= bs ) {
            if( ce[i] <= me[j] && me[j] < ae) {
              System.out.println(""NOT BIRD"");","import sys
import logging

# Work out input and output file names
if len(sys.argv) > 1:
    sampledata = False
    infname = sys.argv[1]
else:
    sampledata = True
    scriptname = sys.argv[0]
    problemletter = scriptname[:scriptname.index('.')]
    infname = problemletter + '-example.in'
outfname = infname[:infname.index('.')] + '.out'

# Set up input
with open(infname) as f:
    text = f.read()
lines = text.splitlines()
linesiter = iter(lines)
nextline = linesiter.next

# Set up output
ofile = open(outfname, 'w')
sys.stdout = ofile

# Set up logging

# ^^^^^^^^^^^^^^^^^^^
# Template code above
#####################









T = int(nextline())


for t in range(1, T+1):
    
    M,F,N = map(int, nextline().split())
    meals = [map(int, nextline().split()) for _ in xrange(N)]
    bmeals = []
    while meals:
        meals.sort()
        cheap = meals[0][0]
        cheapest = [m for m in meals if m[0]==cheap]
        cheapest.sort(reverse=True)
        best = cheapest[0]
        meals.remove(best)
        bmeals.append(best)
        day = best[1]
        meals = [m for m in meals if m[1]>day]
    
    bdays = 0
    bdels = -1
    
    def deldays(dels):
        global bdays, bdels
        m = M - dels*F
        if m <= 0: return 0
        tdays = 0
        day = -1
        for meal in bmeals:
            p,s = meal
            dd = s-day
            day = s
            most = int(m/p)
            most = min(most, dels*dd)
            if most==0: break
            tdays +=",0
"import java.io.OutputStream;
import java.io.IOException;
import java.io.InputStream;
import java.io.PrintWriter;
import java.util.Arrays;
import java.io.IOException;
import java.io.InputStreamReader;
import java.util.ArrayList;
import java.util.List;
import java.util.StringTokenizer;
import java.io.BufferedReader;
import java.io.InputStream;

/**
 * Built using CHelper plug-in
 * Actual solution is at the top
 */
public class Main {
	public static void main(String[] args) {
		InputStream inputStream = System.in;
		OutputStream outputStream = System.out;
		FastScanner in = new FastScanner(inputStream);
		PrintWriter out = new PrintWriter(outputStream);
		TaskC solver = new TaskC();
		solver.solve(1, in, out);
		out.close();
	}

	static class TaskC {
		public void solve(int testNumber, FastScanner in, PrintWriter out) {
			int n = in.nextInt();
			long L = in.nextInt();
			long t = in.nextInt();
			t *= 2;
			L *= 2;
			List<Long> aa = new ArrayList<>();
			List<Long> bb = new ArrayList<>();
			int firstA = -1;
			for (int i = 0; i < n; i++) {
				long x = in.nextInt();
				int w = in.nextInt();
				x *= 2;
				if (w == 1) {
					aa.add(x);
					if (firstA < 0) {
						firstA = i;
					}
				} else {
					bb.add(x);
				}
			}
			long[] a = toArray(aa);
			long[] b = toArray(bb);

			long[] ans = new long[n];
			int p = 0;
			for (long x : a) {
				ans[p++] = (x + t) % L;
			}
			for (long x : b) {
				ans[p++] = ((x - t) % L + L) % L;
			}

			if (a.length > 0 && b.length > 0)","sbef = list(""0123456789"")
d = str.maketrans(input().replace("" "",""""), ""0123456789"")
def tr(n):
  global d
  return(int(n.translate(d)))
n = int(input())
a = [input() for _ in range(n)]
a.sort(key=tr)
for i in a:
  print(i)",0
"import java.util.Scanner;

public class Main {
	public static void main(String[] args) throws Exception {
		Scanner sc = new Scanner(System.in);
		int n = sc.nextInt();
		int[] a = new int[n];
		int[] b = new int[n];
		for (int i = 0; i < n; i++) {
			a[i] = sc.nextInt();
			b[i] = sc.nextInt();
		}
		sc.close();

		int[] cnt = new int[1000002];
		for (int i = 0; i < n; i++) {
			cnt[a[i]]++;
			cnt[b[i] + 1]--;
		}
		for (int i = 1; i <= 1000000; i++) {
			cnt[i] = cnt[i - 1] + cnt[i];
		}

		int ans = 0;
		for (int i = 0; i <= 1000000; i++) {
			ans = Math.max(ans, cnt[i]);
		}
		System.out.println(ans);
	}
}","#!/usr/bin/env python3
import sys


def solve(N: int, M: int, Q: int, s: ""List[int]"", t: ""List[int]"", x: ""List[int]""):

    def binary_search(ary, val):
        n = len(ary)
        l = -1
        r = n
        while r - l > 1:
            mid = (l + r) // 2
            if ary[mid] >= val:
                r = mid
            else:
                l = mid
        if l == -1:
            return [ary[0]]
        if r == n:
            return [ary[n - 1]]
        return [ary[l], ary[r]]

    for q in x:
        ret = float('inf')
        a_pos = binary_search(s, q)
        b_pos = binary_search(t, q)
        for a in a_pos:
            for b in b_pos:
                ret = min(ret, abs(a - q) + abs(b - a))
                ret = min(ret, abs(b - q) + abs(a - b))
        print(ret)
    return


def main():
    def iterate_tokens():
        for line in sys.stdin:
            for word in line.split():
                yield word
    tokens = iterate_tokens()
    A = int(next(tokens))  # type: int
    B = int(next(tokens))  # type: int
    Q = int(next(tokens))  # type: int
    s = [ int(next(tokens)) for _ in range(A) ]  # type: ""List[int]""
    t = [ int(next(tokens)) for _ in range(B) ]  # type: ""List[int]""
    x = [ int(next(tokens)) for _ in range(Q) ]  # type: ""List[int]""
    solve(A, B, Q, s, t, x)

if __name__ == '__main__':
    main()",0
"import java.io.OutputStream;
import java.io.IOException;
import java.io.InputStream;
import java.io.OutputStream;
import java.io.PrintWriter;
import java.io.BufferedWriter;
import java.io.Writer;
import java.io.OutputStreamWriter;
import java.util.InputMismatchException;
import java.io.IOException;
import java.io.InputStream;

/**
 * Built using CHelper plug-in
 * Actual solution is at the top
 *
 * @author prakharjain
 */
public class Main {
    public static void main(String[] args) {
        InputStream inputStream = System.in;
        OutputStream outputStream = System.out;
        InputReader in = new InputReader(inputStream);
        OutputWriter out = new OutputWriter(outputStream);
        BEvilator solver = new BEvilator();
        solver.solve(1, in, out);
        out.close();
    }

    static class BEvilator {
        public void solve(int testNumber, InputReader in, OutputWriter out) {
            String s = in.next();

            int n = s.length();

            long ans = 0;
            for (int i = 0; i < n; i++) {
                if (s.charAt(i) == 'U') {
                    ans += (n - 1 - i);
                    ans += 2 * i;
                } else {
                    ans += i;
                    ans += 2 * (n - 1 - i);
                }
            }

            out.println(ans);
        }

    }

    static class InputReader {
        private InputStream stream;
        private byte[] buf = new byte[1024];
        private int curChar;
        private","tnum = int(raw_input())
for tcou in range(tnum):
    n = int(raw_input())
    s = [int(x) for x in raw_input().split()]
    ans1 = 0
    r = 0
    ans2 = 0
    for x, y in zip(s[:-1], s[1:]):
        if y<x:
            ans1 += x-y
        r = max(r, x-y)
    for x, y in zip(s[:-1], s[1:]):
        ans2 += min(r, x)
    print ""Case #{}: {} {}"".format(tcou+1, ans1, ans2)",0
"import java.util.*;

public class Main {

	public Main() {
	}

	public static void main(String[] args) {
		Scanner scanner = new Scanner(System.in);
		int k = scanner.nextInt();
		int c = 0;
		for(int i = 1;;i++) {
			c = c + i;
			if(k <= c) {
				System.out.println(i);
				break;
			}
		}
	}

}","from itertools import combinations
n,m,p,q,r = map(int,input().split())
choco = [[0]*m for _ in range(n)]

for _ in range(r):
    x,y,z = map(int,input().split())
    choco[x-1][y-1] = z
ret = 0
for boys in combinations(range(n),p):
    tgtchoco = [0]*m
    for i in boys:
        for j in range(m):
            tgtchoco[j] += choco[i][j]
    ret = max(ret,sum(sorted(tgtchoco,reverse=True)[0:q]))
print(ret)",0
"import java.util.*;

public class Main {

	public static void main(String[] args) {
		// TODO Auto-generated method stub
		Scanner sc = new Scanner(System.in);
		int N = sc.nextInt();
		
		boolean i = false;
		boolean j = false;
		boolean k = false;
		
		String[] s = new String[N];
		
		for(int l = 0;l < N;l++) {
			s[l] = sc.next();
		}
		
		for(int l = 0;l < N;l++) { //Pink,White,Green????????????
			
			if(s[l].equals(""P"")) {
				i = true;
			}
			else if(s[l].equals(""W"")) {
				j = true;
			}
			else if(s[l].equals(""G"")) {
				k = true;
			}
			else {
				i = false;
				j = false;
				k = false;
				break;
			}
			
		}
		if(i && j && k) System.out.println(""Three"");
		else if(!i && !j && !k) System.out.println(""Four"");
		sc.close();
	}

}","N,M = map(int,input().split())
src = [tuple(map(int,input().split())) for i in range(M)]
k = [0]*N
for a,b in src:
    a,b = a-1,b-1
    k[a] += 1
    k[b] += 1
print('NO' if any(a%2 for a in k) else 'YES')",0
"import java.util.Scanner;
import java.util.Collections;
import java.util.ArrayList;
import java.util.Arrays;
import java.util.Queue;
import java.util.ArrayDeque;
import java.util.Deque;
import java.util.PriorityQueue;
import java.util.Set;
import java.util.Map;
import java.util.HashMap;
import java.util.TreeSet;
import java.util.Comparator;

public class Main {
	static int mod = 1000000007;
  static int size = 510000;
	static long[] fac = new long[size];
	static long[] finv = new long[size];
	static long[] inv = new long[size];

  //AGC010-B-Boxes
 	public static void main(String[] args){
		Scanner scanner = new Scanner(System.in);
    int a = scanner.nextInt();
    int b = scanner.nextInt();
    int c = scanner.nextInt();
    long k = scanner.nextLong();

    if(k % 2 == 0){
      System.out.println(a-b);
    }else{
      System.out.println(b-a);
    }
  }

  //???????
  public static long pow(long x, long n){
    long ans = 1;
    while(n > 0){
      if((n & 1) == 1){
        ans = ans * x;
        ans %= mod;
      }
      x = x * x % mod;
      n >>= 1;
    }
    return ans;
  }

  //fac, inv, finv????????????????initComb()??????
	public static  void initComb(){
		fac[0] = finv[0] = inv[0] = fac[1] = finv[1] = inv[1] = 1;
		for (int i = 2; i < size; ++i) {
			fac[i] = fac[i - 1] * i % mod;
			inv[i] = mod - (mod / i) * inv[(int) (mod % i)] % mod;
			finv[i] = finv[i - 1] * inv[i] % mod;
		}
	}

	//nCk % mod
	public static  long comb(int n, int k){
		return fac[n] * finv[k","a, b, c, k = map(int, input().split())
print((a-b) * (-1)**(k))",1
"import java.math.BigDecimal;
import java.util.ArrayList;
import java.util.Collections;
import java.util.List;
import java.util.Scanner;
import java.util.regex.Matcher;
import java.util.regex.Pattern;


public class Main {
	static Scanner sc = new Scanner(System.in);
	
	public static void main (String [] args){
		ArrayList <Integer> list = new ArrayList<Integer>();
//		String [][] boad = new String[4][4];
		int a = Integer.parseInt(sc.next());
		int b = Integer.parseInt(sc.next());

		int c = Integer.parseInt(sc.next());
//		int d = Integer.parseInt(sc.next());
		int count = 0;
		if(a<b){
			for(int i = 0; i < a; i++){
				int d = i+1;
				if(a%d == 0 && b%d == 0){
					list.add(d);
				}
			}
		}else{
			for(int i = 0; i < b; i++){
				int d = i+1;
				if(a%d == 0 && b%d == 0){
					list.add(d);
				}
		}
		}
		
		System.out.println(list.get(list.size()-c));
		System.out.flush();
		sc.close();

	}
}","a, b, k = map(int, input().split())
max = max(a, b)
ans = []
for i in range(1, max+1):
  if a % i == 0 and b % i == 0:
    ans.append(i)
print(ans[-(k)])",1
"import java.io.BufferedReader;
import java.io.IOException;
import java.io.InputStream;
import java.io.InputStreamReader;
import java.io.OutputStream;
import java.io.PrintWriter;
import java.util.ArrayList;
import java.util.Arrays;
import java.util.InputMismatchException;
import java.util.Map;
import java.util.PriorityQueue;
import java.util.StringTokenizer;
import java.util.TreeMap;

public class Main {

	public static void main(String[] args) throws IOException {
		InputStream inputStream = System.in;
		OutputStream outputStream = System.out;
		InputReader in = new InputReader(inputStream);
		PrintWriter out = new PrintWriter(outputStream);
		TaskX solver = new TaskX();
		solver.solve(1, in, out);
		out.close();
	}

	static class TaskX {
		public void solve(int testNumber, InputReader in, PrintWriter out) {

			// input
			int n = in.nextInt();
			Node[] nodes = new Node[n];
			for (int i = 0; i < n; i++) {
				int x = in.nextInt();
				int y = in.nextInt();
				nodes[i] = new Node(i, x, y);
			}

			// solve
			long totalCost = 0;
			@SuppressWarnings(""unchecked"")
			ArrayList<Edge>[] list = new ArrayList[n];
			for (int i = 0; i < n; i++) {
				list[i] = new ArrayList<Edge>();
			}

			// construct edge
			Arrays.sort(nodes,  (n1, n2) -> Integer.compare(n1.x, n2.x));
			for (int i = 0; i < n - 1; i++) {
				int toNode = nodes[i+1].id;
				int fromNode = nodes[i].id;

				int cost = Math.abs(nodes[i+1].x - nodes[i].x);
				list[fromNode].add(new Edge(fromNode, toNode, cost)","inp = open(""d:\\incoming\\a-large (1).in"", ""r"")
#inp = open(""d:\\incoming\\a-small-attempt0.in"", ""r"")
#inp = open(""d:\\incoming\\a.in"", ""r"")
outp = open("".\\a.out"", ""w"")

T = int(inp.readline())
for cc in range(T):
    sol = -1
    n = int(inp.readline())
    seq = []
    for i in range(n):
        line = inp.readline().strip()
        if ""1"" in line:
            seq.append(line.rindex(""1""))
        else:
            seq.append(-1)

    sol = 0
    for i in range(n):
        j = i
        while seq[j] > i:        
            j += 1
        sol += (j - i)
        seq = seq[:i] + seq[j:j+1] + seq[i:j] + seq[j+1:]
    
    outp.write(""Case #%d: %d\n"" % (cc+1, sol))
    print ""Case #%d: %d"" % (cc+1, sol)
   
outp.close()",0
"import java.util.*;
public class Main {
  public static void main(String[] args){

    Scanner sc = new Scanner(System.in);
    int n = sc.nextInt();
    long r = 0;
    long[] arr = new long[n];

    for (int i = 0; i < n; i++){
      if(i < 2){
        arr[i] = 0;
      } else if(i == 2){
        arr[i] = 1;
      } else {
        arr[i] = (arr[i-3] + arr[i-2] + arr[i-1] ) % 10007;
      }
      r = arr[i];
    }

    System.out.println(r);
    
  }
}","a = [0, 0, 1]
n = int(input())
if n<4: exec(""print(a[n-1]);exit()"")
for i in range(n-3): a[0], a[1], a[2] = a[1], a[2], (a[0]+a[1]+a[2])%10007
print(a[2]%(10007))",1
"import java.io.OutputStream;
import java.io.IOException;
import java.io.InputStream;
import java.io.PrintWriter;
import java.util.stream.IntStream;
import java.io.UncheckedIOException;
import java.util.Arrays;
import java.util.StringTokenizer;
import java.io.IOException;
import java.io.BufferedReader;
import java.io.InputStreamReader;
import java.io.InputStream;

/**
 * Built using CHelper plug-in
 * Actual solution is at the top
 *
 * @author mikit
 */
public class Main {
    public static void main(String[] args) {
        InputStream inputStream = System.in;
        OutputStream outputStream = System.out;
        LightScanner in = new LightScanner(inputStream);
        PrintWriter out = new PrintWriter(outputStream);
        AAirportBus solver = new AAirportBus();
        solver.solve(1, in, out);
        out.close();
    }

    static class AAirportBus {
        public void solve(int testNumber, LightScanner in, PrintWriter out) {
            int n = in.ints(), c = in.ints(), k = in.ints();
            int[] t = in.ints(n);
            Arrays.sort(t);

            int arrival = t[0];
            int cap = 0;
            int ans = 1;
            for (int i = 0; i < n; i++) {
                if (t[i] <= arrival + k && cap < c) {
                    cap++;
                } else {
                    arrival = t[i];
                    cap = 1;
                    ans++;
                }
            }
            out.println(ans);
        }

    }

    static class LightSca","from math import ceil

def main():
    N, C, K =list(map(int, input().split()))
    Ts = []
    for _ in range(N):
        Ts.append(int(input()))

    Ts.sort()

    bus_ct = 0
    in_bus = 1
    st = Ts.pop(0) + K
    for Ti in Ts:
        if Ti > st:
            bus_ct += 1
            in_bus = 1
            st = Ti + K
        elif Ti <= st:
            in_bus += 1

        if in_bus > C:
            bus_ct += 1
            in_bus = 1
            st = Ti + K
    
    if in_bus:
        bus_ct += 1
    
    print(bus_ct)

main()",1
"import java.util.*;

public class Main {
    static long mod = 1000000000+7;
    public static void main(String[] args) {
        Scanner sc = new Scanner(System.in);
        int n = Integer.parseInt((sc.next()));
        int[][] box = new int[n][];
        for(int i=0;i<n;i++){
            int w = Integer.parseInt((sc.next()));
            int h = Integer.parseInt((sc.next()));
            box[i] = new int[]{w,h};
        }
        Arrays.sort(box, new myComparator());
        int[] a = new int[n];
        for(int i=0;i<n;i++) a[i] = box[i][1];
        int ans = LIS(a);
        System.out.println(ans);
    }
    static int LIS(int[] a){
        int n = a.length;
        int[] max = new int[n+1];
        Arrays.fill(max,Integer.MAX_VALUE/2);
        for(int i=0;i<n;i++){
            int idx = Arrays.binarySearch(max,a[i]);
            if(idx>=0) continue;
            idx = -(idx+1);
            max[idx]=Math.min(a[i],max[idx]);
        }
        for(int i=n;i>=0;i--){
            if(max[i]<Integer.MAX_VALUE/2) return i+1;
        }
        return 1;
    }
    static class myComparator implements Comparator<int[]>{
        public int compare(int[] a, int[] b){
            if(a[0]==b[0]) return b[1]-a[1];
            else return a[0]-b[0];
        }
    }
}","# -*- coding: utf-8 -*-


N, M = map(int, input().split())
A = [list(map(int, input().split())) for i in range(N)]
res = [0] * M
for i in range(N):
    for j in A[i][1:]:
        res[j - 1] += 1
print(res.count(N))",0
"import java.io.BufferedReader;
import java.io.IOException;
import java.io.InputStreamReader;
import java.util.StringTokenizer;

public class Main {
    int h, w, a, b;
    int MOD = 1000000007;

    public static void main(String args[]) {
        new Main().run();
    }

    void run() {
        FastReader sc = new FastReader();
        h = sc.nextInt();
        w = sc.nextInt();
        a = sc.nextInt();
        b = sc.nextInt();
        solve();
    }

    void solve() {
        Combination c = new Combination(h + w, MOD);
        long ans = 0;
        for (int i = 0; i < h - a; i++) {
            ans += c.comb(i + b - 1, b - 1) * c.comb(h - i + w - b - 2, w - b - 1) % MOD;
            ans %= MOD;
        }
        System.out.println(ans);
    }

    class Combination {
        long mod;
        int[] facts;
        int[] invs;
        int[] invFacts;

        public Combination(int max, int mod) {
            this.mod = mod;
            facts = new int[max + 2];
            invs = new int[max + 2];
            invFacts = new int[max + 2];
            invs[1] = 1;
            for (int i = 2; i <= max + 1; i++) {
                invs[i] = (int)((long)invs[mod % i] * (mod - mod / i) % mod);
            }
            facts[0] = 1;
            invFacts[0] = 1;
            for (int i = 1; i <= max + 1; i++) {
                facts[i] = (int)(facts[i - 1] * (long)i % mod);
                invFacts[i] = (int)(invFacts[i - 1] * (long)invs[i] % mod);
            }
        }","H, W, A, B = map(int, input().split())
P = 10 ** 9 + 7
N = H + W

# nCr mod P (P ???) ? 1 <= r <= n <= N ????????????????
# fact ? n! mod P (n=0,...,N) ???????
# inv_fact ? n!^(-1) mod P (n=0,...,N) ???????
def fact(N, P):
    ret = [1] * (N + 1)
    for n in range(2, N+1):
        ret[n] = (ret[n-1] * n) % P

    return ret


# ???????? a ** b mod P ???
def pow_r(a, b, P):
    """"""
    O(log n)
    """"""
    if b == 0:  # exit case
        return 1
    if b % 2 == 0:  # standard case ? n is even
        return pow_r((a ** 2) % P, b // 2, P)
    else:  # standard case ? n is odd
        return (a * pow_r((a ** 2) % P, (b - 1) // 2, P)) % P


def inv_fact(N, P):
    ret = [1] * (N + 1)
    fac = fact(N, P)
    ret[N] = pow_r(fac[N], P - 2, P)
    for n in reversed(range(2, N)):
        ret[n] = (ret[n + 1] * (n + 1)) % P

    return ret


fac = fact(N, P)
inv = inv_fact(N, P)
# nCr mod P (P ???) ? 1 <= r <= n <= N ?????????
def combination(n, r, P):
    return (fac[n] * inv[r] * inv[n - r]) % P



sub = 0
for a in range(A):
    sub = (sub + combination((H - 1 - a) + (B - 1), B - 1, P) * combination(a + (W - 1 - B), a, P)) % P

print((combination((H - 1) + (W - 1), H - 1, P) - sub) % P)",1
"import java.util.ArrayDeque;
import java.util.ArrayList;
import java.util.Arrays;
import java.util.Scanner;
import java.util.concurrent.SynchronousQueue;

class Main {
	public static void main(String[] args) {
		new Main().run();
	}

	void run() {
		Scanner sc = new Scanner(System.in);
		int A = sc.nextInt();
		int B = sc.nextInt();
		if (A <= B) {
			System.out.println(""Impossible"");
			return;
		}

		ArrayDeque<Integer> stack = new ArrayDeque<>();
		stack.add(0);
		int Asz = A;
		int Bsz = B;
		for (int i = 1; stack.size() <= Bsz; ++i) {
			if (!stack.isEmpty())
				System.out.println(""? "" + stack.getFirst() + "" "" + i);
			else {
				stack.addFirst(i);
				continue;
			}
			String s = sc.next();
			if (s.equals(""Y"")) {
				stack.addFirst(i);
			} else {
				--Bsz;
				stack.removeFirst();
			}
		}
		int ori = stack.getFirst();
		boolean[] beHonest = new boolean[A + B];
		beHonest[ori] = true;
		for (int i = 0; i < A + B; ++i) {
			if (i == ori)
				continue;
			System.out.println(""? "" + ori + "" "" + i);
			String s = sc.next();
			if (s.equals(""Y"")) {
				beHonest[i] = true;
			}
		}
		StringBuilder ans = new StringBuilder();
		for (int i = 0; i < A + B; ++i) {
			if (beHonest[i]) {
				ans.append(""1"");
			} else {
				ans.append(""0"");
			}
		}
		System.out.println(""! "" + ans);

	}

	void tr(Object... objects) {
		System.out.println(Arrays.deepToString(objects));
	}
}","a,b=map(int,input().split())
A=list(map(int,input().split()))
B=list(map(int,input().split()))

X=len(set(A+B))
Y=len(A)+len(B)-X

print(Y/X)",0
"import java.util.*;

public class Main {
  public static void main(String[] args) {
    Scanner sc = new Scanner(System.in);
    int N = sc.nextInt();
    int L = sc.nextInt();
    int[][] move = new int[L][N];
    for(int i = 0; i < L; i++) {
      for(int j = 0; j < N; j++) {
        move[i][j] = -1;
      }
    }
    int pass = 0;
    sc.nextLine();
    for(int i = 0; i < L; i++) {
      String s = sc.nextLine();
      String[] sp = s.split("" "");
      int index = -1;
      for(int j = 0; j < sp.length; j++) {
        String st = sp[j];
        for(int k = 0; k < st.length(); k++) {
          if(st.charAt(k) == '|') index++;
          if(st.charAt(k) == '-') {
            move[i][index] = index + 1;
            move[i][index + 1] = index;
          }
        }
      }
    }
    String s = sc.nextLine();
    pass = s.indexOf('o') / 2;
    int pos = pass;
    int step = L - 1;
    while(step >= 0) {
      if(move[step][pos] >= 0) pos = move[step][pos];
      step--;
    }
    System.out.println(pos + 1);
  }
}","N, L = map(int, input().split())
s = [input() for _ in range(L)]
K = input().find(""o"") // 2

def f(l, k):
    if l == 0:
        return k
    else:
        if k > 0 and s[l - 1][2 * k - 1] == ""-"":
            k_next = k - 1
        elif k < N - 1 and s[l - 1][2 * k + 1] == ""-"":
            k_next = k + 1
        else:
            k_next = k
        return f(l - 1, k_next)

print(f(L, K) + 1)",1
"import java.io.BufferedReader;
import java.io.IOException;
import java.io.InputStream;
import java.io.InputStreamReader;
import java.io.OutputStream;
import java.io.PrintWriter;
import java.util.InputMismatchException;
import java.util.StringTokenizer;

public class Main {

	public static void main(String[] args) throws IOException {
		InputStream inputStream = System.in;
		OutputStream outputStream = System.out;
		InputReader in = new InputReader(inputStream);
		PrintWriter out = new PrintWriter(outputStream);
		TaskX solver = new TaskX();
		solver.solve(1, in, out);
		out.close();
	}

	static int INF = 1 << 30;
	static long LINF = 1L << 55;
	static int MOD = 1000000007;
	static int[] mh4 = { 0, -1, 1, 0 };
	static int[] mw4 = { -1, 0, 0, 1 };
	static int[] mh8 = { -1, -1, -1, 0, 0, 1, 1, 1 };
	static int[] mw8 = { -1, 0, 1, -1, 1, -1, 0, 1 };

	static class TaskX {

		public void solve(int testNumber, InputReader in, PrintWriter out) {

			int n = in.nextInt();
			char[] s = in.nextString().toCharArray();
			char[] t = in.nextString().toCharArray();

			DisjointSet set = new DisjointSet(1000);

			for (int i = 0; i < n; i++) {
				set.unite(s[i], t[i]);
			}

			boolean[] used = new boolean[1000];
			boolean[] num = new boolean[1000];
			for (char i = '0'; i <= '9'; i++) {
				num[set.findSet((int)i)] = true;
			}

			long ans = 1;
			for (int i = 0; i < n; i++) {
				if (num[set.findSet(s[i])] || used[set.findSet(s[i])]) continue;
				ans *= i == 0 ? 9 : 10;
				used[set.f","import string
beet = string.digits + string.ascii_uppercase

n = int(input())
s = input()
t = input()

data = [-1] * 36

def find(x):
    global data
    if data[x] < 0:
        return x
    data[x] = find(data[x])
    return data[x]

def unite(x, y):
    global data
    x = find(x)
    y = find(y)
    if x == y:
        return
    data[x] += data[y]
    data[y] = x
    
for i in range(n):
    a = beet.find(s[i])
    b = beet.find(t[i])
    unite(a, b)

solid = [0] * 36
solid[find(beet.find(s[0]))] = 2
solid[find(beet.find(t[0]))] = 2
for i in range(10):
    solid[find(i)] = 1
ret = 1
for i in range(10, 36):
    if s.find(beet[i]) == -1 and t.find(beet[i]) == -1:
        continue
    if solid[find(i)] == 1:
        continue
    if solid[find(i)] == 2:
       ret *= 9
    else:
       ret *= 10
    solid[find(i)] = 1
       
print(ret)",1
"import java.io.BufferedReader;
import java.io.IOException;
import java.io.InputStream;
import java.io.InputStreamReader;
import java.io.OutputStream;
import java.io.PrintWriter;
import java.util.StringTokenizer;

/**
 * Built using CHelper plug-in Actual solution is at the top
 */

public class Main {
	public static void main(String[] args) {
		InputStream inputStream = System.in;
		OutputStream outputStream = System.out;
		InputReader in = new InputReader(inputStream);
		PrintWriter out = new PrintWriter(outputStream);
		Task solver = new Task();
		solver.solve(1, in, out);
		out.close();
	}

	static class Task {
		public void solve(int testNumber, InputReader in, PrintWriter out) {
			int A = in.nextInt();
			int B = in.nextInt();
			int C = in.nextInt();
			if(A + B == C && A - B == C) {
				out.println(""?"");
			} else if(A + B == C) {
				out.println(""+"");
			} else if(A - B == C){
				out.println(""-"");
			} else {
				out.println(""!"");
			}
		}
	}

	static class InputReader {
		public BufferedReader reader;
		public StringTokenizer tokenizer;

		public InputReader(InputStream stream) {
			reader = new BufferedReader(new InputStreamReader(stream), 32768);
			tokenizer = null;
		}

		public String next() {
			while (tokenizer == null || !tokenizer.hasMoreTokens()) {
				try {
					tokenizer = new StringTokenizer(reader.readLine());
				} catch (IOException e) {
					throw new RuntimeException(e);
				}
			}
			return tokenizer.nextToken();
		}

		public char nextChar() {","a,b,c=map(int,input().split())

if(a+b==c and a-b==c):
  print(""?"")
elif(a+b==c):
  print(""+"")
elif(a-b==c):
  print(""-"")
else:
  print(""!"")",1
"import java.util.ArrayDeque;
import java.util.ArrayList;
import java.util.Deque;
import java.util.List;
import java.util.Scanner;
class Main{

    private static int bitcount(long n){
        int res = 0;
        while(n>0){
            if((n & 1) == 1)++res;
            n/=2;
        }
        return res;
    }

    public static void main(String[] args){
        Scanner scan = new Scanner(System.in);
        long N = scan.nextLong();

        int maxbit = -1;
        long n = N;
        while(n>0){
            n/=2;
            ++maxbit;
        }

        Deque<Integer> first = new ArrayDeque<>();
        List<Integer> second= new ArrayList<>();
        for(int i=maxbit;i>0;--i){
            first.addLast(i);
            second.add(i);
        }
        //N = 2^maxbit + 2^(maxbit-k) + ...
        //(maxbit, maxbit-1, ..., 1)

        Deque<Integer> useNumber = new ArrayDeque<>();
        for(int i = bitcount(N)-1;i>0;--i){
            useNumber.addLast(maxbit + i);
            first.addFirst(maxbit + i);
        }
        //useNumber = {maxbit + k, maxbit+(k-1), ..., maxbit + 1 }
        //first = {maxbit+1, maxbit+2,..., maxbit+k, maxbit, maxbit-1, ..., 1 }

        for(int i = maxbit-1;i>=0;--i){
            if(((N>>i)&1) == 1){
                int inn = useNumber.removeFirst();
                second.add(second.indexOf(i+1)+1, inn);
            }
        }
        List<Integer> ans = new ArrayList<>();
        ans.add(100);
        while(!first.isEmpty()){
            a","n = int(input()) + 1

k = 50
while ~n >> k & 1:
    k -= 1
k -= 1

a = []
b = []
now = 1
while k >= 0:
    a = a + [now]
    b = b + [now]
    now += 1

    if n >> k & 1:
        a = a + [now]
        b = [now] + b
        now += 1

    k -= 1

print(len(a + b))
print(*(a + b))",1
"import java.util.*;

class Main {
	static Scanner sc = new Scanner(System.in);
	public static void main(String[] args) {
		
		int n = sc.nextInt();
		int ans = 0;
		int[] ar = new int[n];
		for (int i=0; i<n; i++) ar[i] = sc.nextInt();
		
		int color = 10000;
		for (int i=1; i<n; i++) {
			if (ar[i] == ar[i-1]) {
				ans++;
				ar[i] = color;
				color--;
			}
		}
		
		System.out.println(ans);
		
	}
}","N = int(input())
a = list(map(int, input().split()))
k = 0
cnt = 0
while (k <= N - 2):
  if (a[k] == a[k+1]):
    cnt += 1
    k += 2
  else:
    k += 1
print(cnt)",1
"import java.util.Scanner;

public class Main {

	public static void main(String[] args) {
		new Main().solve();
	}
	
	void solve() {
		Scanner sc=new Scanner(System.in);
		String s=sc.next();
		int[]count=new int[26];
		for(int i=0;i<s.length();i++) {
			count[s.charAt(i)-'a']++;
		}
		int divnum=0;
		for(int i=0;i<26;i++) {
			if(count[i]%2!=0) {
				divnum++;
				count[i]--;
			}
		}
		int sum=0;
		for(int i=0;i<26;i++) {
			sum+=count[i];
		}
		if(divnum==0) {
			divnum=1;
			System.out.println(2*(sum/2/divnum));
			return;
		}else{
			System.out.println(2*(sum/2/divnum)+1);
		}
	}
}","L, N = list(map(int, input().split()))
X = [int(input()) for i in range(N)]

ans0 = X[0]
# 0, -1, 1, -2, ...
i = 0
j = N-1
direc = 1 # direction: left->1, right->-1
while i!=j:
    direc *= -1
    ans0 += L+X[i]-X[j]
    if direc==-1:
        i += 1
    elif direc==1:
        j -= 1
if N%2==0:
    i = N//2
    j = N//2
else:
    i = N//2
    j = N//2+1
tmp_ans = ans0
for k in range(N-1):
    tmp_ans += -L-2*X[k]+X[i]+X[j]
    if i==j:
        j += 1
    else:
        i += 1
    ans0 = max(ans0, tmp_ans)
 
 
''' Start at X[N-1] '''
''' In the case when turn first '''
ans1 = L-X[N-1]
i = 0
j = N-1
direc = -1 # direction: left->1, right->-1
while i!=j:
    direc *= -1
    ans1 += L+X[i]-X[j]
    if direc==-1:
        i += 1
    elif direc==1:
        j -= 1
if N%2==0:
    i = (N-2)//2
    j = (N-2)//2
else:
    i = (N-2)//2
    j = (N-2)//2+1
tmp_ans = ans1
for k in reversed(range(1, N)):
    tmp_ans += -L+2*X[k]-X[i]-X[j]
    if i==j:
        i -= 1
    else:
        j -= 1
    ans1 = max(ans1, tmp_ans)
 
print(max(ans0, ans1))",0
"import java.io.*;
import java.util.*;

public class Main {
    public static void main(String[] args) throws Exception {
        Scanner sc = new Scanner(System.in);
        int n = sc.nextInt();
        int num_divisor[] = new int[1001];
        
        for (int i = 2; i <= n; i++){
            int divisor = 2;
            int i2 = i;
            while (i2 != 1){
                //System.out.println(i2);
                while(i2 % divisor == 0){
                    i2 /= divisor;
                    num_divisor[divisor]++;    
                }
                divisor++;
            }
        } 
        long ans = 1;
        for (int i = 2; i <= n; i++){
            if (num_divisor[i] != 0) ans = (ans * (num_divisor[i] + 1)) % 1000000007;
        }
        System.out.println(ans);
    }
}","N=int(input())
comp=[0 for i in range(N+1)]

for n in range(1,N+1):
    for i in range(2,N+1):
        while n%i==0:
            comp[i]+=1
            n//=i
        if n==1:
            break
MOD=10**9+7
res=1
for c in comp:
    res*=c+1
    res%=MOD
print(res)",1
"import java.io.IOException;
import java.util.NoSuchElementException;

public class Main{
	
	public static void main(String[] args){
		FastScanner sc = new FastScanner();
		int N = sc.nextInt();
		int K = sc.nextInt();
		int[] t = new int[N];
		for(int i=0;i<N;i++){
			t[i] = sc.nextInt();
		}
		int ans = 0;
		int slp = t[0] + t[1];
		for(int i=2;i<N;i++){
			slp += t[i];
			if(slp<K){
				System.out.println(i+1);
				return;
			}
			slp -= t[i-2];
		}
		System.out.println(-1);
		
	
		
	}
	
	
	
	

		
}
	
	





class FastScanner {
    private final java.io.InputStream in = System.in;
    private final byte[] buffer = new byte[1024];
    private int ptr = 0;
    private int buflen = 0;
    private boolean hasNextByte() {
        if (ptr < buflen) {
            return true;
        }else{
            ptr = 0;
            try {
                buflen = in.read(buffer);
            } catch (IOException e) {
                e.printStackTrace();
            }
            if (buflen <= 0) {
                return false;
            }
        }
        return true;
    }
    private int readByte() { if (hasNextByte()) return buffer[ptr++]; else return -1;}
    private static boolean isPrintableChar(int c) { return 33 <= c && c <= 126;}
    private void skipUnprintable() { while(hasNextByte() && !isPrintableChar(buffer[ptr])) ptr++;}
    public boolean hasNext() { skipUnprintable(); return hasNextByte();}
    public String next() {
        if (!hasNext()) throw new NoSuchElementExcepti","a,b,k=map(int,input().split())
li=[]
for i in range(min(a,b)):
  if a%(i+1)==0 and 0==b%(i+1) :
    li.append(i+1)
  else:
    pass
li=list(reversed(li))
print(li[k-1])",0
"import java.io.IOException;
import java.io.InputStream;
import java.io.PrintWriter;
import java.util.InputMismatchException;
import java.util.NoSuchElementException;

public class Main {

	public static long MOD = 1000000007;
	
	public static void main(String[] args) {
		IO io = new IO();
		int n = io.nextInt();
		int m = io.nextInt();
//		long[] dp2 = new long[n+2];
//		for(int i=2;i<=n+1;i++) {
//			dp2[i] = f(i,m);
//			for(int j=i-1;j>=2;j--) {
//				dp2[i] = mod(dp2[i] - dp2[j] * (i - j + 1), MOD);
//			}
//		}
//		long sum = 0;
//		for(int i=2;i<=n+1;i++) {
//			sum += dp2[i];
//		}
//		System.out.println(sum % MOD);
		System.out.println((f(n+1,m) - f(n,m) + MOD) % MOD);
	}
	
	public static long f(int n,int m) {
		long[][] dp = new long[m*2+1][n];
		for(int i=0;i<n;i++) {
			dp[0][i] = 1;
		}
		for(int i=0;i<m*2;i++) {
			if (i % 2 == 0) {
				for(int j=0;j<n;j++) {
					dp[i+1][j] += dp[i][j];
					if (dp[i+1][j] >= MOD) dp[i+1][j] -= MOD;
					if (j < n - 1) {
						dp[i+1][j+1] += dp[i][j];
						if (dp[i+1][j+1] >= MOD) dp[i+1][j+1] -= MOD;
					}
				}
			}else{
				for(int j=1;j<n;j++) {
					dp[i+1][j-1] += dp[i][j];
					if (dp[i+1][j-1] >= MOD) dp[i+1][j-1] -= MOD;
					dp[i+1][j] += dp[i][j];
					if (dp[i+1][j] >= MOD) dp[i+1][j] -= MOD;
				}
			}
		}
		long sum = 0;
		for(int j=0;j<n;j++) {
			sum += dp[m*2][j];
		}
		return sum % MOD;
	}
	
	private static int mod(long a,long m) {
		a = a % m;
		if (a < 0) a += m;
		return (int) a;
	}

}
class IO extends Pr","N = int(input())
r = {}
b = {}
for _ in range(N):
    x,y = map(int,input().split())
    r[x] = y
r = sorted(r.items())

for _ in range(N):
    x,y = map(int,input().split())
    b[x] = y
b = sorted(b.items())

ans = 0
for v1 in b:
    x1,y1 = v1[0],v1[1]
    rmax = -1
    i = 0
    for v2 in r:
        x2,y2 = v2[0],v2[1]
        if x2 >= x1:
            break
        elif y2 < y1 and rmax < y2:
            rmax = y2
            delk = i
        i += 1
    if rmax != -1:
        del r[delk]
        ans += 1
print(ans)",0
"import java.io.*;
import java.util.StringTokenizer;

public class A {

    private String solveTest() throws IOException {
        char[] s = next().toCharArray();
        int k = nextInt();
        int res = 0;
        for (int i = 0; i <= s.length - k; i++) {
            if (s[i] == '-') {
                res++;
                for (int j = 0; j < k; j++) {
                    s[i + j] = s[i + j] == '+' ? '-' : '+';
                }
            }
        }
        for (int i = 0; i < s.length; i++) {
            if (s[i] == '-') {
                return ""IMPOSSIBLE"";
            }
        }
        return """" + res;
    }

    private void solve() throws IOException {
        int n = nextInt();
        for (int i = 0; i < n; i++) {
            String res = solveTest();
            System.out.println(""Case #"" + (i + 1) + "": "" + res);
            out.println(""Case #"" + (i + 1) + "": "" + res);
        }
    }


    BufferedReader br;
    StringTokenizer st;
    PrintWriter out;

    String next() throws IOException {
        while (st == null || !st.hasMoreTokens()) {
            st = new StringTokenizer(br.readLine());
        }
        return st.nextToken();
    }

    int nextInt() throws IOException {
        return Integer.parseInt(next());
    }

    public static void main(String[] args) throws FileNotFoundException {
        new A().run();
    }

    private void run() throws FileNotFoundException {
        br = new BufferedReader(new FileReader(this.getClass().getSimp","def solve(pancake_str, k):
	pancakes = list(pancake_str)
	flip_count = 0
	for i in range(len(pancakes)):
		if pancakes[i] == '-':
			flip_count += 1
			for j in range(i,i+k):
				if j >= len(pancakes):
					return 'IMPOSSIBLE'
				pancakes[j] = '+' if pancakes[j] == '-' else '-'
	
	# print 'result:', ''.join(pancakes)
	
	return str(flip_count)
	
case_count = input()
for i in range(1,case_count+1):
	s,k = raw_input().split(' ')
	k = int(k)
	print 'Case #%d: %s' % (i, solve(s,k))",1
"import java.io.*;
import java.util.*;

public class C {
	static long value(int i, int m, int b) {
		long n = 1;
		for (int k = 0; k < m; k++) {
			n = n * b + i % 2;
			i /= 2;
		}
		return n * b + 1;
	}
	public static void main(String[] args) throws IOException {
		BufferedReader br = new BufferedReader(new InputStreamReader(System.in));
		PrintWriter pw = new PrintWriter(System.out);
		int T = Integer.parseInt(br.readLine());
		for (int t = 1; t <= T; t++) {
			StringTokenizer st = new StringTokenizer(br.readLine());
			int n = Integer.parseInt(st.nextToken());
			int j = Integer.parseInt(st.nextToken());
			pw.println(""Case #"" + t + "":"");
			int m = n / 2 - 2;
			for (int i = 0; i < j; i++) {
				StringBuilder sb = new StringBuilder();
				sb.append(""1"");
				for (int k = 0; k < m; k++)
					sb.append((i & 1 << k) == 0 ? ""0"" : ""1"");
				sb.append(""11"");
				for (int k = 0; k < m; k++)
					sb.append((i & 1 << k) == 0 ? ""0"" : ""1"");
				sb.append(""1"");
				for (int b = 2; b <= 10; b++)
					sb.append("" "" + value(i, m, b));
				pw.println(sb);
			}
		}
		pw.close();
	}
}","import math
n = math.sqrt(int(input()))
print(math.floor(n)**2)",0
"import java.io.IOException;
import java.io.InputStream;
import java.util.Arrays;
import java.util.HashSet;
import java.util.NoSuchElementException;
import java.util.Set;

public class Main {
	public static void main(String args[]) {
		FastScanner scanner = new FastScanner();
		int a=scanner.nextInt();
		int b=scanner.nextInt();
		int c=scanner.nextInt();
		int[] abc= {a,b,c};
		Arrays.sort(abc);
		System.out.println(abc[1]);
	}
}
class FastScanner {
    private final InputStream in = System.in;
    private final byte[] buffer = new byte[1024];
    private int ptr = 0;
    private int buflen = 0;
    private boolean hasNextByte() {
        if (ptr < buflen) {
            return true;
        }else{
            ptr = 0;
            try {
                buflen = in.read(buffer);
            } catch (IOException e) {
                e.printStackTrace();
            }
            if (buflen <= 0) {
                return false;
            }
        }
        return true;
    }
    private int readByte() { if (hasNextByte()) return buffer[ptr++]; else return -1;}
    private static boolean isPrintableChar(int c) { return 33 <= c && c <= 126;}
    public boolean hasNext() { while(hasNextByte() && !isPrintableChar(buffer[ptr])) ptr++; return hasNextByte();}
    public String next() {
        if (!hasNext()) throw new NoSuchElementException();
        StringBuilder sb = new StringBuilder();
        int b = readByte();
        while(isPrintableChar(b)) {
            sb.appendCodePoin","def solve(string):
    a, b = map(int, string.split())
    if b == 0:
        return ""0""
    bin_a = ""{:040b}"".format(a)
    bin_b = ""{:040b}"".format(b)
    aa = [-1 if _a == ""0"" else int(bin_a[i + 1:] or ""0"", 2) for i, _a in enumerate(bin_a)]
    bb = [-1 if _b == ""0"" else int(bin_b[i + 1:] or ""0"", 2) for i, _b in enumerate(bin_b)]
    index = 0
    ans = []
    while index < 40:
        tmp = 0
        tmp += (bb[index] + 1) % 2 if bb[index] >= 0 else 0
        tmp += aa[index] % 2 if aa[index] > 0 else 0
        ans.append(str(tmp % 2))
        index += 1
    ans[-1] = str((b - a) // 2 % 2) if a % 2 == b % 2 == 0 else str(((b - a) // 2 + 1) % 2)
    return str(int("""".join(ans), 2))


if __name__ == '__main__':
    print(solve(input()))",0
"package library;
import java.util.*;
public class Translation<T>
{
	Hashtable<T,Integer> a;
	Hashtable<Integer,T> b;
	int next;
	public Translation()
	{
		a=new Hashtable<T,Integer>();
		b=new Hashtable<Integer,T>();
		next=0;
	}
	public int add(T item)
	{
		if(a.containsKey(item))
		{
			return a.get(item);
		}
		a.put(item,next);
		b.put(next, item);
		next++;
		return next-1;
	}
	public int get(T item)
	{
		if(a.containsKey(item))
		{
			return a.get(item);
		}
		return -1;
	}
	public T get(int index)
	{
		if(b.containsKey(index))
		{
			return b.get(index);
		}
		return null;
	}
}","import psyco
psyco.full()
import sys
class T:
    def __init__(self, done, switch, distance):
        self.done = done
        self.switch = switch
        self._cost = switch + distance
        #print self
    def cost(self):
        return self._cost
    def __repr__(self):
        return 'T<%d,%d,%d>'%(self.done, self.switch, self._cost)
def main():
    f = sys.stdin
    N = int(f.readline())
    for i in range(N):
        S = int(f.readline())
        names = []
        for j in range(S):
            names.append(f.readline().strip())
        Q = int(f.readline())
        queries = []
        for j in range(Q):
            q = f.readline().strip()
            queries.append(names.index(q))
        todo = [ T(0, 0, 1) ]
        if Q==0:
            R = 0
        else:
            go_on = True
            while go_on:
              try:
                t = todo.pop()
                #print '>', t
                for n in range(S):
                    q = t.done
                    if queries[q]!=n:
                        while q<Q and queries[q]!=n:
                            q += 1
                        if q==Q:
                            R = t.switch
                            go_on = False
                            break
                        else:
                            todo.append(T(q, t.switch+1, Q-q))
                todo.sort(key=T.cost, reverse=True)
              except:
                print S, names,
                print Q, queries",1
"import java.util.*;

public class Main {

	public static void main(String[] args) {
		Scanner sc = new Scanner(System.in);
		String S = sc.next();
		char s;
		int cnt=0, ans=0;
		for (int i = 0; i < S.length(); i++) {
			s = S.charAt(i);
			if (s == 'A'||s=='T'||s=='G'||s=='C')
				cnt++;
			else {
				ans = Math.max(cnt, ans);
				cnt = 0;
			}
		}
		ans = Math.max(cnt, ans);
		System.out.println(ans);
	}
}","N=int(input())
Tn = [int(input()) for _ in range(N)]

import fractions
def lcm(a, b):
    return a*b // fractions.gcd(a, b)

from functools import reduce
print(reduce(lcm, Tn, 1))",0
"import java.io.*;

import java.awt.geom.Point2D;
import java.text.*;
import java.math.*;
import java.util.*;

public class Main implements Runnable {

	final String problem = ""A"";
	// final String filename = problem + ""-sample"";

//	final String filename = problem + ""-small-attempt0"";

	// final String filename= problem+""-small-attempt1"";
	 final String filename= problem+""-large"";

	public void solve() throws Exception {
		int N = iread(), D = iread();
		int S0 = iread(), As = iread(), Cs = iread(), Rs = iread();
		int M0 = iread(), Am = iread(), Cm = iread(), Rm = iread();

		child = new ArrayList[N];
		for (int i = 0; i < N; i++)
			child[i] = new ArrayList<Integer>();
		parent = new int[N];
		parent[0] = -1;
		Pair[] pairs = new Pair[N];
		int S = S0;
		for (int i = 0; i < N; i++) {
			pairs[i] = new Pair(S, i);
			S = (int) ((S * (long) As + Cs) % Rs);
		}
		Arrays.sort(pairs);
		int M = M0;
		for (int i = 1; i < N; i++) {
			M = (int) ((M * (long) Am + Cm) % Rm);
			parent[i] = M % i;
			child[M % i].add(i);
		}
		connected = new boolean[N];
		exist = new boolean[N];

		int ans = 0;
		numConnected = 0;
		int j = 0;
		for (int i = 0; i < N; i++) {
			while (j < N && pairs[j].key - D <= pairs[i].key) {
				int x = pairs[j].value;
				exist[x] = true;
				if (parent[x] == -1 || connected[parent[x]])
					dfs(x, true);
				j++;
			}
			if (numConnected > ans)
				ans = numConnected;
			int x = pairs[i].value;
			dfs(x, false);
			exist[x] = false;
		}
		out.write(ans + """");","import numpy as np


N = int(input())
s = np.array([[c for c in input()] for _ in range(N)])
s = np.rot90(s, k =-1)
for i in range(N):
    print("""".join(s[i]))",0
"import java.util.Scanner;

public class Main {

    public static void main(String[] args) {
        Scanner sc = new Scanner(System.in);
        String s = sc.next();

        for (int i = s.length() - 2; i >= 2; i -= 2) {
            String former = s.substring(0, i / 2);
            String latter = s.substring(i / 2, i);
            if (former.equals(latter)) {
                System.out.println(former.length() + latter.length());
                return;
            }
        }
    }

}","########????##############
def Base_10_to_n(X, n):
    if (int(X/n)):
        return Base_10_to_n(int(X/n), n)+str(X%n)
    return str(X%n)
############################

def scorecalc(a,target):
    if len(a) == 0:
        ans = 10**9
    else:
        ans = 10*(len(a)-1)
        ans += abs(sum(a)-target)
    return ans

n,a,b,c = map(int,input().split())
l = []
for i in range(n):
    temp = int(input())
    l.append(temp)

mnm = 10**9

for i in range(1,4**n+1):
    test = Base_10_to_n(i,4)
    test = list(test)
    for k in range(n-len(test)):
        test.insert(0,""0"")
    fora = []
    forb = []
    forc = []
    for k in range(n):
        if test[k] == ""0"":
            fora.append(l[k])
        elif test[k] == ""1"":
            forb.append(l[k])
        elif test[k] == ""2"":
            forc.append(l[k])
    temp = scorecalc(fora,a) + scorecalc(forb,b) + scorecalc(forc,c)
    if temp < mnm:
        mnm = temp
    
print(mnm)",0
"import java.io.*;
import java.util.*;

public class C {
	public static void main(String[] args) throws IOException{
		BufferedReader br = new BufferedReader(new FileReader(""in.txt""));
		PrintWriter pw = new PrintWriter(new FileWriter(""out.txt""));

		int N = Integer.parseInt(br.readLine());

		for(int pp = 0; pp < N; pp++) {
			String[] ss = br.readLine().split("" "");

			int n = Integer.parseInt(ss[0]);
			int q = Integer.parseInt(ss[1]);

			int[] e = new int[n];
			int[] s = new int[n];
			for(int i = 0; i < n; i++) {
				ss = br.readLine().split("" "");
				e[i] = Integer.parseInt(ss[0]);
				s[i] = Integer.parseInt(ss[1]);
			}
			int[][] d = new int[n][n];
			for(int i = 0; i < n; i++) {
				ss = br.readLine().split("" "");
				for(int j = 0; j < n; j++) {
					d[i][j] = Integer.parseInt(ss[j]);
				}
			}

			int[] u = new int[q];
			int[] v = new int[q];
			for(int i = 0; i < q; i++) {
				ss = br.readLine().split("" "");
				u[i] = Integer.parseInt(ss[0]);
				v[i] = Integer.parseInt(ss[1]);
			}

			long[][] dists = apsp(d, n);

			double[][] dd = new double[n][n];
			for(int i = 0; i < n; i++) {
				for(int j = 0; j < n; j++) {
					if(i==j) dd[i][j] = -1.0;
					else {
						if(dists[i][j] <= e[i] && dists[i][j] >= 0) {
							dd[i][j] = dists[i][j]/((double)s[i]);
						} else {
							dd[i][j] = -1.0;
						}
					}
				}
			}

			double[][] rets = apsp(dd,n);

		//	for(int i = 0; i < n; i++) {
		//		System.out.println();
		//		for(int j = 0; j < n; j++) System.out.prin","N = int(input())
if N <= 999:
    print('ABC')
else:
    print('ABD')",0
"import java.util.Scanner;

public class Main {

    public static void main(String[] args) throws Exception {

//    	File file = new File(""test.txt"");
//    	Scanner sc = new Scanner(file);
    	Scanner sc = new Scanner(System.in);
    	String X = sc.next();
    	String Y = sc.next();
    	sc.close();
    	if(X.equals(Y)){
    		System.out.println(""="");
    	}else if(X.compareTo(Y) < 0){
    		System.out.println(""<"");
    	}else{
    		System.out.println("">"");
    	}
    }
}","A, B = map(int, input().split())
if abs(A) < abs(B):
    print(""Ant"")
elif abs(A) > abs(B):
    print(""Bug"")
else:
    print(""Draw"")",0
"import java.io.BufferedReader;
import java.io.IOException;
import java.io.InputStreamReader;
import java.io.PrintWriter;
import java.util.HashMap;
import java.util.StringTokenizer;

public class Main {

    void solve() throws IOException {
        long n = nl();
        out.println(f(n));
    }

    long MOD = 1000000007;
    HashMap<Long, Long> memo = new HashMap<>();

    long f(long s) {
        if (s == 0) return 1;
        if (s == 1) return 2;

        if (memo.containsKey(s)) return memo.get(s);

        long ret = (f(s / 2) + f((s - 1) / 2) + f((s - 2) / 2)) % MOD;
        memo.put(s, ret);
        return ret;
    }

    String ns() throws IOException {
        while (!tok.hasMoreTokens()) {
            tok = new StringTokenizer(in.readLine(), "" "");
        }
        return tok.nextToken();
    }

    int ni() throws IOException {
        return Integer.parseInt(ns());
    }

    long nl() throws IOException {
        return Long.parseLong(ns());
    }

    double nd() throws IOException {
        return Double.parseDouble(ns());
    }

    String[] nsa(int n) throws IOException {
        String[] res = new String[n];
        for (int i = 0; i < n; i++) {
            res[i] = ns();
        }
        return res;
    }

    int[] nia(int n) throws IOException {
        int[] res = new int[n];
        for (int i = 0; i < n; i++) {
            res[i] = ni();
        }
        return res;
    }

    long[] nla(int n) throws IOException {
        long[] res = new long[n];","N= int(input())
bit = bin(N)[2:]
k = len(bit)
dp = [[0] * 2 for i in range(len(bit) + 1)]
dp[0][0] = 1
dp[0][1] = 1
for i in range(k):
	j = int(bit[k-i-1])
	a,b,c = [(1,0,0),(1,1,0)][j]
	d,e,f = [(1, 1, 1),(0, 1, 2)][j]
	dp[i+1][0] = (a * dp[i][0] + b * dp[i][1] + c * 3**i) % 1000000007
	dp[i+1][1] = d * dp[i][0] + e * dp[i][1] + f * 3**i % 1000000007

print(dp[k][0])",1
"import java.util.*;

public class Main {
    private static Scanner scanner = new Scanner(System.in);

    public static void main(String[]$) {
        int txa = scanner.nextInt(), tya = scanner.nextInt(), txb = scanner.nextInt(), tyb = scanner.nextInt(), t = scanner.nextInt(), v = scanner.nextInt(), n = scanner.nextInt();
        for (int i = 0; i < n; i++) {
            int x = scanner.nextInt(), y = scanner.nextInt();
            if (Math.sqrt((txa - x) * (txa - x) + (tya - y) * (tya - y)) + Math.sqrt((txb - x) * (txb - x) + (tyb - y) * (tyb - y)) <= t * v) {
                System.out.println(""YES"");
                return;
            }
        }
        System.out.println(""NO"");
    }
}","x1,y1,x2,y2,t,v=map(int,input().split())
n=int(input())
ans=""NO""
for _ in range(n):
  x,y=map(int,input().split())
  if ((x-x1)**2+(y-y1)**2)**.5+((x-x2)**2+(y-y2)**2)**.5<=t*v:
    ans=""YES""
    break
print(ans)",1
"import java.util.*;
 
public class Main {
	
	public static void main(String[] args){
		Scanner sc = new Scanner(System.in);
		int n = sc.nextInt();
		int sum = 0;
		for (int i = 0; i < n; i++) {
			sum += sc.nextInt() * sc.nextInt();
		}
		System.out.println((int)(sum * 1.05));
	}
}","N = int(input())
ab = [[int(_) for _ in input().split()] for i in range(N)]

import math

result = math.floor(sum(a * b for a, b in ab) * 1.05)
print(result)",1
"import java.io.FileNotFoundException;
import java.io.PrintStream;
import java.util.ArrayList;
import java.util.HashSet;
import java.util.Scanner;

public class B {
	private static Scanner scan = new Scanner(System.in);
	public static void main(String[] args) throws FileNotFoundException {
		int cases = scan.nextInt();
		PrintStream outfile = new PrintStream(""B-small.out.txt"");

		String result = """";
		for (int c = 1; c <= cases; c++) {
			result = ""Case #"" + c + "": "" + test();
			outfile.println(result);
			System.out.println(result);
		}
		outfile.close();
	}
	
	private static long test() {
		Car[] cars = new Car[scan.nextInt()];
		boolean[] middles = new boolean[26];
		boolean possible = true;
		for (int i = 0; i < cars.length; i++) {
			String input = removeRepeats(scan.next());
			int len = input.length();
			char front = input.charAt(0);
			char back = input.charAt(len-1);
			if (front == back && len > 1)
				possible = false;
			cars[i] = new Car(front, back);
			for (int j = 1; j < len-1; j++) {
				int c = input.charAt(j) - 'a';
				if (middles[c])
					possible = false;
				middles[c] = true;
			}
		}
		if (!possible)
			return 0;
		Car[] fronts = new Car[26];
		Car[] backs = new Car[26];
		int[] repeats = new int[26];
		ArrayList<Car> nonRepeats = new ArrayList<Car>();
		for (Car car : cars) {
			if (middles[car.front] || middles[car.back])
				return 0;
			if (car.front == car.back)
				repeats[car.front]++;
			else {
				if (fronts[car.front] != null || backs[car.","from collections import Counter

n, k = map(int, input().split())
S = list(input())
S_sort= sorted(S)

T =""""
count = 0
for i in range(n):
    for j, s in enumerate(S_sort):
        counter = Counter(S[len(T)+1:])
        counter_sort = Counter(S_sort)
        counter_sort[s] -= 1
        dif = 0 + (S[len(T)] != s)

        for c in counter.keys():
            if counter[c] - counter_sort[c] > 0:
                dif += counter[c] - counter_sort[c]
        if dif + count <= k:
            if S[len(T)] != s:
                count += 1
            T += s
            S_sort.remove(s)
            break

print(T)",0
"import java.util.*;
 
class Main {
    public static void main(String[] args) {
        Scanner sc = new Scanner(System.in);
        int a = sc.nextInt();
        int hako[]  = new int[a];
        int cont = 0;
        int flag = 1;

      
      for(int i = 0;i<a;i++){
        hako[i] = sc.nextInt();
      }
      
      while(flag==1){
        for(int i = 0;i<a;i++){
          if(hako[i]%2==0){
            hako[i] =hako[i]/2; 
          }else{flag=0;}
        }
        if(flag==1){cont++;}
      }
 
      System.out.print(cont);
    }
}","N = input()
lst = list(map(int,input().split()))

counter = 0
while all([x%2 == 0 for x in lst]):
  counter += 1
  for k in range(int(N)):
    a = lst[k] / 2
    lst[k] = a
    
    

print(counter)",1
"import java.io.*;
import java.math.*;
import java.util.*;
import java.text.*;
import java.util.regex.*;

import static java.lang.Math.*;
import static java.util.Arrays.*;
import static java.util.Collections.*;
import static java.lang.Integer.*;
import static java.lang.Double.*;
import static java.lang.Character.*;


public class A {
	

	Object solve() {
		int R = sc.nextInt(), C = sc.nextInt();
		char[][] m = new char[R][C];
		
		for (int i = 0; i < R; i++)
			m[i] = sc.next().toCharArray();
		
		for (int i = 0; i < R; i++) {
			for (int j = 0; j < C; j++) {
				if (m[i][j] == '#') {
					if (j == C - 1 || i == R - 1)
						return ""\nImpossible"";
					
					if (m[i][j+1] == '#' && m[i+1][j] == '#'  && m[i+1][j+1] == '#') {
						m[i][j] = '/';
						m[i][j+1] = '\\';
						m[i+1][j] = '\\';
						m[i+1][j+1] = '/';
					} else return ""\nImpossible"";
				}
			}
		}
		
		String s = """";
		for (int i = 0; i < R; i++) {
			s += '\n' + new String(m[i]);
		}
		return s;
	}

	private static Scanner sc; private static PrintWriter fw;

	public static void main(String[] args) throws Exception {
		String inFile;
//		inFile = ""input.txt"";
//		inFile = ""A-small-attempt0.in"";
		inFile = ""A-large.in"";
		
//		sc = new Scanner(System.in);
		sc = new Scanner(new FileInputStream(inFile));
		
		fw = new PrintWriter(new FileWriter(""output.txt"", false));

		
		int N = sc.nextInt();
		sc.nextLine();
		
		for (int cas = 1; cas <= N; cas++) {
			fw.print(""Case #"" + cas + "": "");
//			fw.println(""Case #","#!/usr/bin/python

def solve(R, C, p):
    for i in xrange(1, R):
        for j in xrange(1, C):
            if p[i][j] == p[i][j - 1] == p[i - 1][j] == p[i - 1][j - 1] == '#':
                p[i - 1][j - 1] = '/'
                p[i - 1][j] = '\\'
                p[i][j - 1] = '\\'
                p[i][j] = '/'

T = int(raw_input())
for i in range(T):
    R, C = [int(s) for s in raw_input().split()]
    p = []
    for j in xrange(R):
        row = [c for c in raw_input()]
        p.append(row)
    solve(R, C, p)
    print 'Case #%d:' % (i + 1)
    ok = True
    for r in xrange(R):
        for c in xrange(C):
            if p[r][c] == '#':
                ok = False
    if ok:
        for row in p:
            print ''.join(row)
    else:
        print 'Impossible'",1
"// package arc.arc095;

import java.io.IOException;
import java.io.InputStream;
import java.io.PrintWriter;
import java.util.*;

public class Main {
    public static void main(String[] args) {
        InputReader in = new InputReader(System.in);
        PrintWriter out = new PrintWriter(System.out);

        int n = in.nextInt();
        graph = buildGraph(in, n, n-1);
        parent = new int[n];
        int[] pair = diameter();
        List<Integer> dline = new ArrayList<>();
        dfs2(pair[0], -1);

        {
            int ctr = pair[1];
            while (ctr != pair[0]) {
                dline.add(ctr);
                ctr = parent[ctr];
            }
            dline.add(pair[0]);
        }

        int[] r1 = solve(dline);
        Collections.reverse(dline);
        int[] r2 = solve(dline);

        if (r1 == null || r2 == null) {
            out.println(-1);
        } else {
            out.println(toLine(smaller(r1, r2)));
        }
        out.flush();
    }

    private static int[] solve(List<Integer> line) {
        int total = line.size();
        for (int i = 1 ; i < line.size()-1 ; i++) {
            int v = line.get(i);
            total += graph[v].length - 2;
        }
        if (total != graph.length) {
            return null;
        }

        int[] wo = new int[graph.length];
        int pidx = 0;
        int vidx = 0;
        for (int i = 0; i < line.size() ; i++) {
            if (i == 0 || i == line.size() - 1) {
                wo[pidx++] =","# -*- coding: utf-8 -*-
def inpl(): return map(int, input().split())
C = int(input())
a, b, c = 0, 0, 0
for _ in range(C):
    N, M, L = sorted(inpl())
    a, b, c = max(a, N), max(b, M), max(c, L)

print(a*b*c)",0
"import java.io.IOException;
import java.io.InputStream;
import java.io.PrintWriter;
import java.util.NoSuchElementException;

public class Main {

	public static void main(String[] args) throws IOException {
		new Main().solve();
	}

	private void solve() throws IOException {
		try {
			//			solveA();
			solveB();
			//			solveC();
			//			 solveD();
			//			 solveE();
			//			 solveF();
		} finally {
			if (in != null) {
				in.close();
			}
			if (out != null) {
				out.flush();
				out.close();
			}
		}

	}

	private void solveA() {
		int numA = nextInt();
		int numB = nextInt();
		int numH = nextInt();

		out.println((numA + numB) * numH / 2);
	}

	private void solveB() {
		char[] a = next().toCharArray();
		char[] b = next().toCharArray();
		char[] c = next().toCharArray();

		int cntA = 0;
		int cntB = 0;
		int cntC = 0;
		char num = 'a';
		while (true) {

			switch (num) {
			case 'a':
				if (cntA < a.length) {
					num = a[cntA];
					cntA++;
				} else {
					out.println(""A"");
					return;
				}
				break;
			case 'b':
				if (cntB < b.length) {
					num = b[cntB];
					cntB++;
				} else {
					out.println(""B"");
					return;
				}
				break;
			case 'c':
				if (cntC < c.length) {
					num = c[cntC];
					cntC++;
				} else {
					out.println(""C"");
					return;
				}
				break;
			}
		}

	}

	private void solveC() {
		int numN = nextInt();

		out.println("""");
	}

	private void solveD() {
		int numN = nextInt();

		out.println("""");
	}

	private void solveE() {
		int","from scipy.sparse import*;f=lambda*z:map(int,input().split());n,=f();g,h=csgraph.dijkstra(csr_matrix(([1]*~-n,list(zip(*map(f,[0]*~-n)))),[n+1]*2),0,[1,n]);print('FSennunkeec'[sum(g[i]>h[i]for i in range(n+1))*2>=n::2])",0
"public class Main {
    private static java.util.Scanner scanner = new java.util.Scanner(System.in);

    public static void main(String[] args) {
        System.out.println((scanner.nextInt() - 1) * (scanner.nextInt() - 1));
    }
}","#coding: utf-8
A, B = map(int, input().split())
print((A - 1) * (B - 1))",1
"import java.util.ArrayList;
import java.util.Scanner;

public class Main {
	static final long MOD = 1000000007;

	public static void main(String[] args) {
		Scanner sc = new Scanner(System.in);
		int n = sc.nextInt();
		int a = sc.nextInt();
		int b = sc.nextInt();
		int c = sc.nextInt();
		int d = sc.nextInt();
		sc.close();

		long[] fact = new long[n];
		long[] ifact = new long[n];
		long mfact = 1;
		long mifact = 1;
		for(int i=1; i<=n; i++){
			mfact *= i;
			mfact %= MOD;
			fact[i-1] = mfact;
			mifact *= inverseElement(i, MOD);
			mifact %= MOD;
			ifact[i-1] = mifact;
		}
		long[][] xfact = new long[n][n];
		for(int i=0; i<n; i++){
			long tfact = 1;
			for(int j=0; j<n; j++){
				tfact *= ifact[i];
				tfact %= MOD;
				xfact[i][j] = tfact;
			}
		}

		// long[][] dp = new long[b-a+2][n+1];
		// for(int i=1; i<b-a+2; i++){
		// 	int mab = i + a - 1;
		// 	for(int j=1; j<n+1; j++){
		// 		dp[i][j] = dp[i-1][j];
		// 		for(int k=c; k<=d; k++){
		// 			int mabcd = mab*k;
		// 			if(mabcd > n) continue;
		// 			long tfact = fact[k-1];
		// 			for(int l=0; l<k; l++){
		// 				tfact *= fact[mab-1];
		// 			}
		// 			if(mabcd == j){
		// 				dp[i][j] += fact[n-1] / tfact;
		// 			}else if(mabcd < j){
		// 				dp[i][j] += dp[i-1][j-mabcd] / tfact;
		// 			}
		// 		}
		// 	}
		// }
		
		long[][] dp = new long[b-a+2][n+1];
		for(int i=1; i<b-a+2; i++){
			int mab = i + a - 1;
			out: for(int j=1; j<n+1; j++){
				dp[i][j] = dp[i-1][j];
				for(int k=c; k<=d; k++){
					int m","i=int(input())
a=int(input())
b=int(input())
c=int(input())
s=0
boo=True
if i==a or i==b or i==c:
  print(""NO"")
else:
  while i>0 and boo==True:
    if i-3==a or i-3==b or i-3==c:
      if i-2==a or i-2==b or i-2==c:
        if i-1==a or i-1==b or i-1==c:
          boo=False
          print(""NO"")
        else:
          i-=1
      else:
        i-=2
    else:
      i-=3
    s+=1
  if s<=100 and boo:
    print(""YES"")
  elif s>100 and boo:
    print(""NO"")",0
"import java.io.*;
import java.util.*;

public class Main {
	
	Scanner in;
	PrintWriter out;
	
	static final String problem = ""B-large"";
	
	static void asserT(boolean e) {
		if (!e) {
			throw new Error();
		}
	}
	
	static class Dist implements Comparable <Dist> {
		long prevValue;
		long currValue;
		
		Dist(long prevValue, long currValue) {
			this.prevValue = prevValue;
			this.currValue = currValue;
		}
		
		long win() {
			return prevValue - currValue;
		}
		
		int sign(long val) {
			if (val > 0) {
				return 1;
			} else if (val < 0) {
				return -1;
			} else {
				return 0;
			}
		}
		
		public int compareTo(Dist second) {
			return sign(second.win() - this.win()); 
		}
	}
	
	void solveOne() {
		int boostCount = in.nextInt();
		long timeToBuild = in.nextLong();
		int lastStarIdx = in.nextInt() - 1;
		int cycle = in.nextInt();
		
		long dist[] = new long[cycle];
		for (int i = 0; i < dist.length; i++) {
			dist[i] = in.nextInt();
		}
		
		long allDist[] = new long[lastStarIdx + 1];
		for (int i = 0; i < allDist.length; i++) {
			allDist[i] = dist[i % cycle];
		}
		
		int firstGoodIdx = lastStarIdx + 1;
		long sum = 0;
		for (int i = 0; i < allDist.length; i++) {
			if (sum * 2 + allDist[i] * 2 > timeToBuild) {
				firstGoodIdx = i;
				break;
			}
			sum = sum + allDist[i];
		}
		long timeBefore = sum * 2;
		if (firstGoodIdx == lastStarIdx + 1) {
			out.println(sum * 2);
			return;
		}
		Dist winTimes[] = new Dist[lastStarIdx + 1 - firstGoodIdx];
		
		
		for (int i = f","#!usr/bin/env python3
from collections import defaultdict
from heapq import heappush, heappop
import sys
import math
import bisect
import itertools
def LI(): return list(map(int, sys.stdin.readline().split()))
def I(): return int(sys.stdin.readline())
def LS(): return sys.stdin.readline().split()
def S(): return list(sys.stdin.readline())
def IR(n): return [I() for i in range(n)]
def LIR(n): return [LI() for i in range(n)]
def SR(n): return [S() for i in range(n)]
def LSR(n): return [LS() for i in range(n)]
mod = 1000000007

#A
def A():
    n = I()
    c = S()
    minans = float(""INF"")
    maxans = 0
    for i in range(1,5):
        minans = min(minans, c.count(str(i)))
        maxans = max(maxans, c.count(str(i)))
    print(maxans, minans)

#B
def B():
    a, b = LI()
    ans = 0
    while a != b:
        if a > b:
            a = a ^ b
            b = a ^ b
            a = a ^ b
        ab = b - a
        if ab >= 8:
            a += 10
        elif ab >= 3:
            a += 5
        else:
            a += 1
        ans += 1
    print(ans)
if __name__ == '__main__':
    B()",0
"import java.io.BufferedReader;
import java.io.IOException;
import java.io.InputStream;
import java.io.InputStreamReader;
import java.util.Optional;
import java.util.OptionalInt;
import java.util.StringTokenizer;

public class Main {

    static int N, X;
    static int[] H;
    static int[] A, B;

    public static void main(String[] args) {
        FastScanner fc = new FastScanner(System.in);
        N = fc.nextInt();
        X = fc.nextInt() - 1;
        H = fc.nextIntArray(N);
        A = new int[N-1];
        B = new int[N-1];
        for (int i = 0; i < N-1; i++) {
            A[i] = fc.nextInt() - 1;
            B[i] = fc.nextInt() - 1;
        }
        System.out.println(solve());
    }

    static int solve() {
        int[][] G = adjB(N, A, B);
        return dfs(-1, X, G).orElse(0);
    }

    static Optional<Integer> dfs(int parent, int node, int[][] G) {
        Optional<Integer> ret = Optional.empty();
        for (int next : G[node]) {
            if( next == parent ) continue;

            ret = orPlus(dfs(node, next, G).map(i -> i+2), ret);
        }
        if( H[node] > 0 ) {
            ret = orPlus(Optional.of(0), ret);
        }
        return ret;
    }

    static Optional<Integer> orPlus(Optional<Integer> a, Optional<Integer> b) {
        if( a.isPresent() && b.isPresent() ) {
            return Optional.of( a.get() + b.get() );
        } else if( a.isPresent() ) {
            return a;
        } else if( b.isPresent() ) {
            return b;","I=lambda:list(map(int,input().split()))
n,x=I()
r=range(n+1)
H=[0]+I()

T=[[]for i in r]
for i in range(n-1):
  a,b=I()
  T[a]+=[b]
  T[b]+=[a]

while 1:
  for i in r:
    if all([len(T[i])==1,H[i]<1,i!=x]):
      T[T[i].pop()].remove(i)
      break
  else:break

print(sum(len(t)for t in T))",1
"import java.util.*;

public class Main{
    public static void main(String[] args) {
	Scanner sc = new Scanner(System.in);
	List<Integer> list = new ArrayList<>();

	int N = sc.nextInt();
	int Q = sc.nextInt();
	for ( int i = 0; i < N; i++ ) list.add(0);	
	for ( int i = 0; i < Q; i++ ) {
	    int L = sc.nextInt();
	    int R = sc.nextInt();
	    int T = sc.nextInt();
	    L--;R--;
	    for ( int j = L; j <= R; j++ ) list.set(j,T);
	}
	for ( Iterator it = list.iterator(); it.hasNext(); ) {
	    System.out.println(it.next());
	}
    }
}","n,q=map(int,input().split())
hoge=[0]*n
for i in range(q):
  a,b,c=map(int,input().split())
  for i in range(b-a+1):
    hoge[a+i-1]=c

for i in range(n):
  print(hoge[i])",1
"import java.io.BufferedInputStream;
import java.io.IOException;
import java.io.InputStream;

public class Main {

	public static void main(String[] args) throws Exception {
		Scanner sc = new Scanner(System.in);
		int K = sc.nextInt();

		long a = 1;
		long b = 1;
		for (int i = 0; i < K; i++) {
			long tmp = a;
			a += b;
			b = tmp;
		}

		System.out.println(a + "" "" + b);
	}

	public static class Scanner {
		private BufferedInputStream inputStream;

		public Scanner(InputStream in) {
			inputStream = new BufferedInputStream(in);
		}

		public int nextInt() throws IOException {
			int num = 0;

			int read = skip();
			do {
				num = num * 10 + (read - 0x30);
			} while ((read = inputStream.read()) > 0x20);

			return num;
		}

		public int[] nextInt(int n) throws IOException {
			int[] array = new int[n];
			for (int i = 0; i < n; i++) {
				array[i] = nextInt();
			}

			return array;
		}

		public long nextLong() throws IOException {
			long num = 0;

			int read = skip();
			do {
				num = num * 10 + (read - 0x30);
			} while ((read = inputStream.read()) > 0x20);

			return num;
		}

		public long[] nextLong(int n) throws IOException {
			long[] array = new long[n];
			for (int i = 0; i < n; i++) {
				array[i] = nextLong();
			}

			return array;
		}

		public String next() throws IOException {
			StringBuilder builder = new StringBuilder();

			int read = skip();
			do {
				builder.append((char) read);
			} while ((read = inputStream.read()) > 0x20);

			return builde","fib=[1,1]
for i in range(50):
    fib.append(fib[len(fib)-1]+fib[len(fib)-2])

K=int(input())

print(fib[K-1],fib[K])",1
"import java.util.*;

public class Main {
  public static void main(String[] args){
      
    Scanner sc = new Scanner(System.in);    

    int N = sc.nextInt();
                 
    long[] t = new long[N];
    long[] a = new long[N];
    
    for(int i = 0;i < N;i++){
        t[i] = sc.nextLong();
        a[i] = sc.nextLong();
    }

    long ct = t[0];
    long ca = a[0];
    
    for(int i = 1;i < N;i++){
        long kt = ct/t[i] + (ct%t[i] > 0 ?1 :0);
        long ka = ca/a[i] + (ca%a[i] > 0 ?1 :0);
        long k = Math.max(kt,ka);
        ct = k*t[i];
        ca = k*a[i];
    }
    
    System.out.println(ct + ca);    
      
  }  
}","def inpl():
    return list(map(int, input().split()))


N = int(input())
TA = [inpl() for i in range(N)]

a, b = TA[0][0], TA[0][1]
for ta, ao in TA[1:]:
    if ta >= a and ao >= b:
        a = ta
        b = ao
    else:
        # elif ta < a and ao < b:
        tmp_a = -(-1 * a // ta)
        tmp_b = -(-1 * b // ao)
        tmp = max(tmp_a, tmp_b)
        a = ta * tmp
        b = ao * tmp
    # elif ta < a and ao >= b:

print(a + b)",1
"import java.io.InputStream;
import java.io.PrintStream;
import java.util.ArrayDeque;
import java.util.Deque;
import java.util.Scanner;

public class Main {
	InputStream in = System.in;
	PrintStream out = System.out;

	public void _main(String[] args) {
		Scanner sc = new Scanner(in);

		try {
			int t = sc.nextInt();
			int n = sc.nextInt();

			Deque<Integer> q = new ArrayDeque<>();

			for (int i = 0; i < n; i++) {
				q.addLast(sc.nextInt());
			}

			int m = sc.nextInt();
			for (int i = 0; i < m; i++) {
				int x = sc.nextInt();

				while (true) {
					Integer h = q.poll();
					if (h == null || h > x) {
						out.println(""no"");
						return;
					}

					if (h + t >= x) {
						break;
					}
				}
			}

			out.println(""yes"");
		} finally {
			sc.close();
		}
	}

	public static void main(String[] args) {
		new Main()._main(args);
	}

}","T = int(input())
N = int(input())
A = list(map(int,input().rstrip().split()))
M = int(input())
B = list(map(int,input().rstrip().split()))

#N=100,B=100?????????
time = 0
takoyaki_flg = [False for i in range(N)]
expire_list = [A[i]+T for i in range(N)]
mission_failed = False
while time < 100 :
    time += 1
    while time in A:
        index = A.index(time)
        takoyaki_flg[index] = True
        A[index] = 0
    while time in B:
        index = B.index(time)
        if True in takoyaki_flg:
            tako_index = takoyaki_flg.index(True)
            takoyaki_flg[tako_index] = False
            B[index] = 0
        else:
            #????
            mission_failed = True
            break
    if mission_failed:
        break
    while time in expire_list:
        index = expire_list.index(time)
        takoyaki_flg[index] = False
        expire_list[index] = 0

if mission_failed:
    print('no')
else:
    print('yes')",1
"import java.util.Arrays;
import java.util.Scanner;

public class Main implements Runnable {
	public static void main(String[] args) {
		// long t = System.currentTimeMillis();
		new Thread(null, new Main(), """", Runtime.getRuntime().maxMemory()).start();
		// System.err.println(System.currentTimeMillis() - t);
	}

	@SuppressWarnings(""unchecked"")
	public void run() {
		Scanner sc = new Scanner(System.in);
		int n = sc.nextInt();
		int k = sc.nextInt();
		AVLTree tree = new AVLTree();
		for (int i = 1; i <= n; ++i) {
			tree.insert(i);
		}
		long[] a = new long[n];
		long res = 1;
		for (int i = n; i >= 1; --i) {
			res *= i;
			a[i - 1] = res / k;
			res -= a[i - 1] * k;
		}
		boolean[] f = new boolean[n + 1];
		f[0] = true;
		for (int i = 1; i <= n - 1; ++i)
			f[i] = f[i - 1] && a[i] == 0;
		for (int i = n; i >= 1; --i) {
			if (f[i - 1]) {
				AVLTree.Node v = tree.kth(i);
				System.out.println(v.key);
				tree.delete(v);
			} else if (f[i - 2] && a[i - 1] > 0) {
				AVLTree.Node v = tree.kth(a[i - 1]);
				System.out.println(v.key);
				tree.delete(v);
			} else {
				AVLTree.Node v = tree.kth(a[i - 1] + 1);
				System.out.println(v.key);
				tree.delete(v);
			}
		}
	}

	public static class AVLTree {
		Node root = null;

		Node ceiling(long v) {
			Node node = root;
			while (node != null) {
				if (max(node.left) >= v) {
					node = node.left;
				} else if (node.key >= v)
					return node;
				else
					node = node.right;
			}
			return node;
		}

		class Node {
			long","N, K = map(int, input().split())
data = [0]*(N+1)
def get(k):
    s = 0
    while k:
        s += data[k]
        k -= k & -k
    return s
def add(k, x):
    while k <= N:
        data[k] += x
        k += k & -k
def lower_bound(w):
    i = 0; s = 0
    k = 2**(N.bit_length()-1)
    while k > 0:
        if i + k <= N and data[i + k] < w:
            w -= data[i + k]
            i += k
        k >>= 1
    return i+1

a = 1
res = []
for i in range(N):
    m = (N-i)*a // K
    res.append(m)
    a = ((N-i)*a) % K
    add(i+1, 1)
idx = N-1
while res[idx] == 0:
    res[idx] = N-1-idx
    idx -= 1
res[idx] -= 1

ans = []
for i in res:
    idx = lower_bound(i+1)
    add(idx, -1)
    ans.append(idx)
print(*ans, sep='\n')",1
"// package agc.agc021;

import java.io.IOException;
import java.io.InputStream;
import java.io.PrintWriter;
import java.util.ArrayList;
import java.util.Arrays;
import java.util.InputMismatchException;
import java.util.List;

public class Main {
    public static void main(String[] args) {
        InputReader in = new InputReader(System.in);
        PrintWriter out = new PrintWriter(System.out);


        int n = in.nextInt();
        long[][] pt = new long[n][2];
        for (int i = 0; i < n ; i++) {
            for (int j = 0; j < 2 ; j++) {
                pt[i][j] = in.nextLong();
            }
        }
        double[] ret = solve(pt);
        for (double d : ret) {
            out.println(String.format(""%.12f"", d));
        }
        out.flush();
    }

    private static double[] solve(long[][] pt) {
        int n = pt.length;
        if (n == 2) {
            return new double[]{0.5, 0.5};
        }

        Point[] points = new Point[n];
        for (int i = 0; i < n ; i++) {
            points[i] = new Point(i, pt[i][0], pt[i][1]);
        }
        List<Point> hull = convexHull(points);

        double[] possibility = new double[n];
        int hn = hull.size();
        for (int i = 0; i < hn ; i++) {
            Point c = hull.get(i);
            Point a = hull.get((i-1+hn)%hn);
            Point b = hull.get((i+1)%hn);
            double ax = a.x - c.x;
            double ay = a.y - c.y;
            double bx = b.x - c.x;
            double by = b.y - c.y;","import math;q=2*math.pi
from cmath import phase as h
t=lambda x:h(x)+(q if 0>h(x)else 0)
n=int(input())
r=range(n)
c=[complex(input().replace(' -', '-').replace(' ','+')+""j"")for _ in r]
for i in r:a=sorted([t(c[j]-c[i])/q for j in r if j!=i]);d=[a[j]-a[j-1] for j in r[:-1]];d[0]+=1;print(max(max(d)-1/2,0))",1
"import java.io.*;
import java.util.StringTokenizer;

public class E {

    private String solveTest() throws IOException {
        int n = nextInt();
        int d = nextInt();
        int[] a = new int[n];
        for (int i = 0; i < n; i++) {
            a[i] = nextInt();
        }
        for (int i = 0; i + 2 * d < n; i++) {
            if (a[i] != a[i + 2 * d]) return ""CHEATERS!"";
        }
        int res = 0;
        while (d > 0) {
            // 2d -> d
            int[] b = new int[d + 1];
            for (int i = 0; i < d; i++) {
                b[i] = a[i] - a[i + d];
            }
            b[d] = -b[0];
            for (int i = 0; i < d; i++) {
                int k1 = b[i];
                int k2 = b[i + 1];
                int r = k1 - k2;
                int k = Math.abs(k1 - k2);
                if (k % 2 == 1) return ""CHEATERS!"";
                res += k / 2;

                if (r > 0) {
                    for (int j = 0; j < d; j++) {
                        a[(i - j + 2 * d) % (2 * d)] -= k / 2;
                    }
                } else {
                    for (int j = 0; j < d; j++) {
                        a[i + 1 + j] -= k / 2;
                    }
                }

                for (int j = 0; j < 2 * d; j++) {
                    if (a[j] < 0) return ""CHEATERS!"";
                }

            }
            d /= 2;
        }
        return """" + res;
    }

    private void solve() throws IOException {
        int n = nextInt();","from sys import *
from functools import *

def print_args(*args, **kwargs):
    return ','.join(value for value in [','.join(map(repr, args)),','.join(""%s=%s"" % (k, repr(v)) for k, v in kwargs.items())] if value)

def print_result(before=False, after=True):
    def fc(func):
        @wraps(func)
        def f(*args, **kwargs):
            if before:
                print ""%s(%s)""      % (func.__name__, print_args(*args, **kwargs))
            r = func(*args, **kwargs)
            if after:
                print ""%s(%s) = %s"" % (func.__name__, print_args(*args, **kwargs), r)
            return r
        return f
    return fc

def memoize(function):
    memo = {}
    @wraps(function)
    def f(*args):
        key = args
        if key not in memo:
            memo[key] = function(*args)
            if not (len(memo) & 32767):
                print >>stderr, ""memo"", function.__name__, len(memo)
        return memo[key]
    f.memo = memo
    return f

def line():
    return raw_input().strip()

def parts(f=int):
    return map(f, line().split("" ""))

def qparts(f=int):
    data = line().split("" "")
    return data[0], map(f, data[1:])

nums = parts
from collections import *
from itertools import *
from functools import *
from heapq import *
xr = xrange

def f(D, d):
    if D == 0:
        return 0
    v = [0]*(2*D)
    w = [d[i+D] - d[i] for i in xrange(D)]
    # print w
    cum = [0]*(2*D+1)
    v[0] = -(w[D-1] + w[0]) >> 1
    for i in xrange(1,D):
        v[i] = w[i-1] - w[i] >",1
"import java.io.*;

import java.awt.geom.Point2D;
import java.text.*;
import java.math.*;
import java.util.*;

public class Main implements Runnable {

	final String problem = ""A"";
//	final String filename = problem + ""-sample"";

//	 final String filename= problem+""-small-attempt0"";
	// final String filename= problem+""-small-attempt1"";
	 final String filename= problem+""-large"";

	public void solve() throws Exception {
		int N = iread();
		int[] a = new int[N];
		for (int i = 0; i < N; i++) {
			a[i] = iread();
		}
		int A = 0, B = 0, C = 0;
		for (int i = 0; i + 1 < N; i++) {
			A += Math.max(a[i] - a[i + 1], 0);
			B = Math.max(B, a[i] - a[i+1]);
		}
		for (int i = 0; i + 1 < N; i++) {
			C += Math.min(B, a[i]);
		}
		out.write(A + "" "" + C);
	}

	public void solve_gcj() throws Exception {
		int tests = iread();
		for (int test = 1; test <= tests; test++) {
			out.write(""Case #"" + test + "": "");
			solve();
			out.write(""\n"");
		}
	}

	public void run() {
		try {
			// in = new BufferedReader(new InputStreamReader(System.in));
			// out = new BufferedWriter(new OutputStreamWriter(System.out));
			in = new BufferedReader(new FileReader(filename + "".in""));
			out = new BufferedWriter(new FileWriter(filename + "".out""));
			solve_gcj();
			out.flush();
		} catch (Exception e) {
			e.printStackTrace();
			System.exit(1);
		}
	}

	public int iread() throws Exception {
		return Integer.parseInt(readword());
	}

	public double dread() throws Exception {
		return Double.parseDouble(read","tc = int(input().strip())

for t in range(tc):
    n = int(input().strip())
    v = list(int(x) for x in input().strip().split())

    a = sum(max(0, v[i] - v[i+1]) for i in range(n-1))
    b = max(max(0, v[i] - v[i+1]) for i in range(n-1))
    c = sum(min(b, v[i]) for i in range(n-1))

    print(""Case #%d: %d %d"" % (t+1, a, c))",1
"import java.util.*;

public class b {

	public static void main(String[] args) {

		Scanner stdin = new Scanner(System.in);
		int numCases = stdin.nextInt();

		for (int loop=1; loop<=numCases; loop++) {

			int n = stdin.nextInt();
			int k = stdin.nextInt();
			int[] smooth = new int[n-k+1];
			for (int i=0; i<smooth.length; i++)
				smooth[i] = stdin.nextInt();

			int[] offset = new int[n];
			for (int i=k; i<n; i++)
				offset[i] = offset[i-k] + smooth[i-k+1] - smooth[i-k];

			// Figures out each range.
			int[][] ranges = new int[k][2];
			for (int i=0; i<k; i++) {
				for (int j=i; j<n; j+=k) {
					ranges[i][0] = Math.min(ranges[i][0], offset[j]);
					ranges[i][1] = Math.max(ranges[i][1], offset[j]);
				}
			}

			int widest = 0, mWidth = ranges[0][1] - ranges[0][0];

			for (int i=1; i<k; i++) {
				if (ranges[i][1] - ranges[i][0] > mWidth) {
					widest = i;
					mWidth = ranges[i][1] - ranges[i][0];
				}
			}

			// Here is the fudge factor.
			int min = 0, max = 0;
			for (int i=0; i<k; i++) {
				min += (ranges[widest][0] - ranges[i][0]);
				max += (ranges[widest][1] - ranges[i][1]);
			}

			int res = -1;
			if (max - min >= k)  res = mWidth;
			else {
				int target = smooth[0]%k;
				if (target < 0) target += k;
				int low = min%k;
				if (low < 0) low += k;
				int high = max%k;
				if (high < 0) high += k;

				if (low <= high) {
					if (low <= target && target <= high) res = mWidth;
					else res = mWidth+1;
				}
				else {
					if (target <= low ||","import math
import re

def solve(n,k,sums):
	a = [0]*(n-k)
	r = [0]*k
	q = [0]*k
	for i in range(1,n-k+1):
		a[i-1] = sums[i-1]-sums[i]
	for i in range(k):
		b = [a[i+k*x] for x in range((n-1-i)/k)]
		for c in range(1,len(b)):
			b[c]=b[c-1]+b[c]
		b.append(0)
		d = abs(max(b)-min(b))
		r[i] = d
		q[i] = max(b)
	m = max(r)
	rem = (sums[0]-sum(q))%k
	n = m*k-sum(r)
	if n>=rem:
		return m
	else:
		return m+1

inp = open(""B-large.in"",""r"")
out = open(""B-large"",""w"")
lines = inp.readlines()
i=1
count=1
while i<len(lines):
	[n,k] = [int(x) for x in re.split("" "",lines[i])]
	B = [int(x) for x in re.split("" "",lines[i+1])]
	out.write(""Case #""+str(count)+"": ""+""{:}"".format(solve(n,k,B))+""\n"")
	i+=2
	count+=1
out.close()
inp.close()",1
"import java.util.*;

public class Main {
  
  public static void main (String[] args){
  
  	Scanner scanner = new Scanner (System.in);
    
  	int N = scanner.nextInt();
    int K = scanner.nextInt();
    int sum = 0;
    
  	for (int i=0; i<N; i++){
      int temp = scanner.nextInt();
      
      if (temp>Math.abs(temp-K)){
        sum+=Math.abs((temp-K)*2);
      } else {
        sum+=temp*2;
      }
    }
    System.out.println(sum);
  }
}","n = int(input())
k = int(input())

x = [int(num) for num in input().split()]

l = 0
for i in range(n):
    if x[i] <= k - x[i]:
        l += 2 * x[i]
    else:
        l += 2 * (k - x[i])

print(l)",1
"import static java.lang.Double.parseDouble;
import static java.lang.Integer.parseInt;
import static java.lang.Long.parseLong;
import static java.lang.Math.min;
import static java.util.Arrays.fill;

import java.io.BufferedReader;
import java.io.BufferedWriter;
import java.io.File;
import java.io.FileInputStream;
import java.io.FileOutputStream;
import java.io.IOException;
import java.io.InputStreamReader;
import java.io.OutputStreamWriter;
import java.io.PrintWriter;
import java.math.BigInteger;
import java.util.Locale;
import java.util.StringTokenizer;

public class A {
	
	static BufferedReader in;
	static PrintWriter out;
	static StringTokenizer tok;
	
	/*static class Stack {
		
		final char letter;
		Stack next;
		Stack nextA, nextB, nextC;
		final int hash;
		
		private Stack() {
			letter = 0;
			hash = 1;
		}
		
		static final Stack BOTTOM = new Stack();
		
		public Stack(char letter, Stack next) {
			super();
			this.letter = letter;
			this.next = next;
			hash = (next == null ? 0 : 31 * next.hash) + letter;
			if (letter == 'A') {
				nextA = this;
			} else if (next == null) {
				nextA = null;
			} else {
				nextA = next.nextA;
			}
			if (letter == 'B') {
				nextB = this;
			} else if (next == null) {
				nextB = null;
			} else {
				nextB = next.nextB;
			}
			if (letter == 'C') {
				nextC = this;
			} else if (next == null) {
				nextC = null;
			} else {
				nextC = next.nextC;
			}
		}
		
		Stack next(char c) {
			switch (c) {
			case 'A':
				return nextA;","import getopt, sys

def SolveCodeJam(infilename, problemclasstype, outfilename):
    print ""Parsing "" + infilename + "" to "" + outfilename
    infileobject = open(infilename,'r')
    outfileobject = open(outfilename, 'w')
    N = int(infileobject.readline())
    for i in xrange(1, N + 1):
        print 'Case #' + str(i) + ' of ' + str(N)
        problem = problemclasstype(infileobject)
        print ' read case'
        solution = problem.solution()
        print ' ' + solution
        outfileobject.write('Case #' + str(i) + ': ' + solution + '\n')
    infileobject.close()
    outfileobject.close()

class ProblemA:
    def __init__(self, fileobject):
        self.string = fileobject.readline().strip()
        self.dyn = {}
    def answer(self, i, j):
        while ((i + 1 < j) and (self.string[i] == self.string[i+1])):
            i += 1
        if (not (self.dyn.has_key(i))):
            self.dyn[i] = {}
        if (self.dyn[i].has_key(j)):
            return self.dyn[i][j]
        if (i >= j):
            return 0
        if (i + 1 == j):
            return 1
        rec = 1 + self.answer(i+1, j)
        for x in range(i+1, j):
            if (self.string[x] == self.string[i]):
                ansr = self.answer(i+1, x) + self.answer(x, j)
                rec = min(rec, ansr)
        self.dyn[i][j] = rec
        return rec
    def solution(self):
        return str(2*self.answer(0, len(self.string))+len(self.string))
        # requested = [False] * self.numGoogles
        #",1
"import java.io.*;
import java.util.*;

public class Main{


	Scanner in;
	PrintWriter out;

	int[] pair;
	int[] dir;
	int[] upa;
	int[] doa;
	int upc;
	int doc;
	boolean[] g;
	int n;
	boolean[][] e;
	int INF = 10000;

	public boolean poisk(int v){
		g[v] = true;
		for(int i = 0;i<2*n;i++)
			if (e[v][i]){
				if (g[i]){
					if (dir[i]==dir[v]) return false;
				} else {
					dir[i] = 3-dir[v];
					if (!poisk(i)) return false;
				}
			}
		return true;
	}



	public int[] solve(int l, int r){
		if (l==r){
			int[] res = new int[n+1];
			for(int i = 0;i<=n;i++) res[i] = 0;
			return res;
		}
		if (pair[l]<l) throw new RuntimeException(""B2"");
		int min = 1;
		int max = n+1;
		dir[l] = 1;
		Arrays.fill(g,false);
		if (!poisk(l)) return new int[]{-1};
		for(int i = l;i<r;i++)
			if (dir[i]*dir[pair[i]]!=0) throw new RuntimeException(""B3"");
		int[] res = new int[n+1];
			int upn = 0;
			int downn = 0;
			boolean ok = true;
			for(int i=l;i<r;i++){
				if (dir[i]==0 && dir[pair[i]]==0){
					int j = i;
					while (j<r && dir[j]==0 && dir[pair[j]]==0) j++;
					int[] c = solve(i,j);
					if (c[0] == -1) return new int[]{-1};
					for(int t = 0;t<upn;t++)
						res[t] = INF;
					for(int t = upn;t<=n;t++)
						res[t] = Math.max(res[t],downn+c[t-upn]);
					i = j-1;
				} else if (dir[i]==1){
					res[upn] = INF;
					upn++; 
				} else if (dir[pair[i]]==1){
					upn--;
				} else if (dir[i]==2){
					downn++;
					for(int t = 0;t<=n;t++)
						if (res[t]<downn) res[t] = downn;","# python template for atcoder1
import sys
sys.setrecursionlimit(10**9)
input = sys.stdin.readline

A = list(map(int, input().split()))
B = list(map(int, input().split()))

print(sum(max(u, v) for u, v in zip(A, B)))",0
"import java.util.Arrays;
import java.util.Scanner;
import java.util.stream.IntStream;

public class Main{
	static final Scanner s=new Scanner(System.in);
	static IntStream REPS(int v){return IntStream.range(0,v);}
	static IntStream REPS(int l,int r){return IntStream.rangeClosed(l,r);}
	static IntStream INS(int n){return REPS(n).map(i->getInt());}
	static int getInt(){return Integer.parseInt(s.next());}

	static int
	n=getInt(),
	m=getInt(),
	l=getInt();
	public static void main(String[]$){
		int
		p=getInt(),
		q=getInt(),
		r=getInt();

		System.out.println(Arrays.stream(new int[] {
				hoge(p,q,r),
				hoge(p,r,q),
				hoge(q,p,r),
				hoge(q,r,p),
				hoge(r,p,q),
				hoge(r,q,p)
		}).max().getAsInt());
	}
	static int hoge(int p,int q,int r) {
		 return (n/p)*(m/q)*(l/r);
	}
}","N = int(input())
D = [31, 29, 31, 30, 31, 30, 31, 31, 30, 31, 30, 31]
A = 366
E = [0]*13
for i in range(12):
    E[i+1] = E[i] + D[i]
yasumi = [0]*A
youbi = 6
for i in range(A):
    yasumi[i] = (youbi >= 5)
    youbi = (youbi + 1) % 7
for i in range(N):
    m, d = map(int, input().split('/'))
    d += E[m-1] - 1
    while d < A-1 and yasumi[d]:
        d += 1
    yasumi[d] = 1
cnt = ans = 0
for i in range(A):
    if yasumi[i]:
        cnt += 1
        ans = max(cnt, ans)
    else:
        cnt = 0
print(ans)",0
"import java.util.*;
import java.io.*;
import java.math.*;
 
 
import static java.lang.Math.*;
import static java.util.Arrays.*;
import static java.util.Collections.*;
 
public class Main{
    static final long mod=1000000007;
    
    public  static void main(String[] args)   throws Exception, IOException{
        Reader sc = new Reader(System.in);
        PrintWriter out=new PrintWriter(System.out);
        // int n=sc.nextInt();
        // char c[][] = new char[h][w];
        // char c[]=sc.nextString().toCharArray();
        // for(int i=0; i<n; i++) {a[i]=sc.nextInt();}
        int n=sc.nextInt();
        int mx=100000;
        int d[] = new int[mx+2];

        for(int i=0; i<n; i++) {
            int x=sc.nextInt();
            d[x+1]++;
            if(x-1>=0)d[x-1]++;
            d[x]++;
        }
        int ans=0;
        for(int i=0; i<=mx; i++) {
            ans=max(ans,d[i]);
        }
        out.println(ans);
        out.flush();
    }
    
    static void db(Object... os){
        System.err.println(Arrays.deepToString(os));
    }
     
    static boolean validpos(int x,int y,int r, int c){
        return x<r && 0<=x && y<c && 0<=y;
    }
    
    static boolean bit(long x,int k){
        // weather k-th bit (from right) be one or zero
        return  ( 0 < ( (x>>k) & 1 )  )  ? true:false;
    }    
}

class P implements Comparable<P>{
        int id, d;
        P(int  id, int d) {
            this.id=id;
            this.d=d;
        } 
          
        publi","import collections

n = int(input())
a = list(map(int, input().split()))

counter = collections.defaultdict(int)
for b in a:
    counter[b - 1] += 1
    counter[b] += 1
    counter[b + 1] += 1

print(max(counter.values()))",1
"import java.util.*;


public class Main {
    public static void main(String[] args) {
        Scanner sc=new Scanner(System.in);
      String a=sc.nextLine();
      String po[]=a.split("" "",0);
      System.out.println(po[0].substring(0,1)+po[1].substring(0,1)+po[2].substring(0,1));
    }
}","a,b,c = map(int, input().split())
if a + b == c:
  if a - b == c:
    print('?')
  else:
    print('+')
else:
  if a - b == c:
    print('-')
  else:
    print('!')",0
"import java.io.BufferedReader;
import java.io.InputStreamReader;
import java.util.StringTokenizer;

public class Main {
    public static void main(String[] args)throws  Exception{
        BufferedReader input = new BufferedReader(new InputStreamReader(System.in));
        StringTokenizer tokenizer = new StringTokenizer(input.readLine());
        int a = Integer.parseInt(tokenizer.nextToken());
        int b = Integer.parseInt(tokenizer.nextToken());
        int count = 0;
        for (int i = a; i <= b; i++) {
            if (isBlandrome(i))
                count++;
        }
        System.out.println(count);
    }

    public static boolean isBlandrome(int n){
        int copy = n;

        int newN = 0;

        while (n > 9){
            newN = newN * 10 + (n % 10);
            n /= 10;
        }

        if (n > 0){
            newN = newN * 10 + (n % 10);
        }

        return  newN == copy;
    }
}","# time complexity: O(N)
# space compleixy: O(N)

import sys
fin = sys.stdin.readline
from queue import deque


def bfs(s, adj):
    parent = [None] * len(adj)
    level = [None] * len(adj)
    level[s] = 0
    queue = deque([s])
    while queue:
        node = queue.popleft()
        for neighbor in adj[node]:
            if level[neighbor] is None:
                parent[neighbor] = node
                level[neighbor] = level[node] + 1
                queue.append(neighbor)
    return parent, level


MOD = 10**9 + 7
N = int(fin())
adj = [[] for _ in range(N)]
for _ in range(N - 1):
    a, b = [int(elem) - 1 for elem in fin().split()]
    adj[a].append(b)
    adj[b].append(a)

root = 0
parent, level = bfs(root, adj)
max_level = max(level)
level_to_nodes = [[] for _ in range(max_level + 1)]
for node, l in enumerate(level):
    level_to_nodes[l].append(node)

combination_total = [0] * N
combination_white = [0] * N
for deepest_node in level_to_nodes[-1]:
    combination_total[deepest_node] = 2
    combination_white[deepest_node] = 1
for current_level in reversed(range(max_level)):
    nodes_this_level = level_to_nodes[current_level]
    for node in nodes_this_level:
        combination_total[node] = 1
        combination_white[node] = 1
        for child in adj[node]:
            if child != parent[node]:
                combination_white[node] *= combination_total[child]
                combination_total[node] *= combination_white[child]
                combination_white[node]",0
"import java.io.*;
import java.util.*;
import java.util.stream.Stream;

/**
 * @author baito
 */
class P implements Comparable<P>
{
    int x, y;

    P(int a, int b)
    {
        x = a;
        y = b;
    }

    @Override
    public boolean equals(Object o)
    {
        if (this == o) return true;
        if (!(o instanceof P)) return false;
        P p = (P) o;
        return x == p.x && y == p.y;
    }

    @Override
    public int hashCode()
    {
        return Objects.hash(x, y);
    }

    @Override
    public int compareTo(P p)
    {
        return x == p.x ? y - p.y : x - p.x; //x???????
        //return (x == p.x ? y - p.y : x - p.x) * -1; //x???????
        //return y == p.y ? x - p.x : y - p.y;//y???????
        //return (y == p.y ? x - p.x : y - p.y)*-1;//y???????
    }
}

@SuppressWarnings(""unchecked"")
public class Main
{
    static StringBuilder sb = new StringBuilder();
    static int INF = 1234567890;
    static int MINF = -1234567890;
    static long LINF = 123456789123456789L;
    static long MLINF = -123456789123456789L;
    static long MOD = 1000000007;
    static int[] y4 = {0, 1, 0, -1};
    static int[] x4 = {1, 0, -1, 0};
    static int[] y8 = {0, 1, 0, -1, -1, 1, 1, -1};
    static int[] x8 = {1, 0, -1, 0, 1, -1, 1, -1};
    static long[] Fa;//factorial
    static boolean[] isPrime;
    static int[] primes;
    static char[][] map;
    static long maxRes = MLINF;
    static long minRes = LINF;
    static long startTime = 0;
    static long endTime =","A,B,C,D=map(int,input().split())
print(max(0,min(B,D)-max(A,C)))",0
"import java.io.BufferedReader;
import java.io.IOException;
import java.io.InputStream;
import java.io.InputStreamReader;
import java.io.OutputStream;
import java.io.PrintWriter;
import java.util.ArrayDeque;
import java.util.Queue;
import java.util.StringTokenizer;

/**
 * Built using CHelper plug-in Actual solution is at the top
 */

public class Main {
	public static void main(String[] args) {
		InputStream inputStream = System.in;
		OutputStream outputStream = System.out;
		InputReader in = new InputReader(inputStream);
		PrintWriter out = new PrintWriter(outputStream);
		Task solver = new Task();
		solver.solve(1, in, out);
		out.close();
	}

	static class Task {
		public void solve(int testNumber, InputReader in, PrintWriter out) {
			int N = in.nextInt();
			String ans = """";
			if(N <= 59) {
				ans = ""Bad"";
			} else if(N <= 89) {
				ans = ""Good"";
			} else if(N <= 99) {
				ans = ""Great"";
			} else {
				ans = ""Perfect"";
			}
			out.println(ans);
		}
	}

	static class InputReader {
		public BufferedReader reader;
		public StringTokenizer tokenizer;

		public InputReader(InputStream stream) {
			reader = new BufferedReader(new InputStreamReader(stream), 32768);
			tokenizer = null;
		}

		public String next() {
			while (tokenizer == null || !tokenizer.hasMoreTokens()) {
				try {
					tokenizer = new StringTokenizer(reader.readLine());
				} catch (IOException e) {
					throw new RuntimeException(e);
				}
			}
			return tokenizer.nextToken();
		}

		public int nextIn","n = int(input())

if n == 100:
  print(""Perfect"")
elif n >= 90:
  print(""Great"")
elif n >= 60:
  print(""Good"")
else:
  print(""Bad"")",1
"import static java.lang.Double.parseDouble;
import static java.lang.Integer.parseInt;
import static java.lang.Long.parseLong;
import static java.lang.System.exit;

import java.io.BufferedReader;
import java.io.IOException;
import java.io.InputStreamReader;
import java.io.OutputStreamWriter;
import java.io.PrintWriter;
import java.util.StringTokenizer;

public class D {
	
	static BufferedReader in;
	static PrintWriter out;
	static StringTokenizer tok;
	static int test;
	
	static final int MOD = 1000000007;
	
	static final int add(int a, int b) {
		int res = a + b;
		if (res >= MOD) {
			res -= MOD;
		}
		return res;
	}

	static final int mul(int a, int b) {
		return (int) ((long) a * b % MOD);
	}

	static void solve() throws Exception {
		int r = nextInt();
		int c = nextInt();
		int ans1s[] = new int[r + 1];
		int ans2s[] = new int[r + 1];
		int ans1u3[] = new int[r + 1];
		int ans2u3[] = new int[r + 1];
		int ans1u4[] = new int[r + 1];
		int ans2u4[] = new int[r + 1];
		int ans1u6[] = new int[r + 1];
		int ans2u6[] = new int[r + 1];
		int ans1u12[] = new int[r + 1];
		int ans2u12[] = new int[r + 1];
		ans1s[0] = 1;
		ans2s[0] = 1;
		for (int i = 1; i <= r; i++) {
			ans2s[i] = i >= 2 ? ans1s[i - 2] : 0;
			ans2u3[i] = i >= 2 ? ans1u3[i - 2] : 0;
			ans2u4[i] = i >= 2 ? ans1u4[i - 2] : 0;
			ans2u6[i] = i >= 2 ? ans1u6[i - 2] : 0;
			ans2u12[i] = i >= 2 ? ans1u12[i - 2] : 0;
			ans1s[i] = ans2s[i - 1];
			ans1u3[i] = ans2u3[i - 1];
			ans1u4[i] = ans2u4[i - 1];
			ans1u6[i] =","s=input()
a_1=s.count(""1"")
b_1=s.count(""0"")
if a_1<=b_1:
  print(2*a_1)
else:
  print(2*b_1)",0
"import java.util.*;
import java.io.*;

import static java.lang.System.in;

public class Main {
    public static void main(String[] args)throws IOException{
        Scanner sc = new Scanner(System.in);
        int n = sc.nextInt();
        int ans = Integer.MAX_VALUE;
        for(int i=1;i<=n/2;i++){
            ans = Math.min(ans,help(i)+help(n-i));
        }
        System.out.println(ans);
    }
    public static int help(int p){
        int ans = 0;
        while(p>0){
            ans += p%10;
            p /= 10;
        }
        return ans;
    }
}","n=int(input())
li=[]
for i in range(1,n):
  li.append(sum(list(map(int,list(str(i)))))+sum(list(map(int,list(str(n-i))))))
print(min(li))",1
"import java.util.Scanner;

class Main {
  public static void main(String[] args) {
    final Scanner scanner = new Scanner(System.in);
    int n = scanner.nextInt();
    long c = scanner.nextLong();
    long[] x = new long[n + 1];
    long[] v = new long[n + 1];
    for (int i = 0; i < n; i++) {
      x[i + 1] = scanner.nextLong();
      v[i + 1] = scanner.nextLong();
    }
    System.out.println(solve(n + 1, c, x, v));
  }

  private static long solve(int n, long c, long[] x, long[] v) {
    long res = 0;

    long sum = 0;
    long[] rsum = new long[n];
    for (int i = 1; i < n; i++) {
      rsum[i] = rsum[i - 1];
      sum += v[i];
      if (sum - x[i] * 2 > rsum[i]) {
        rsum[i] = sum - x[i] * 2;
      }
    }
    sum = 0;
    long[] lsum = new long[n];
    for (int i = 1; i < n; i++) {
      lsum[i] = lsum[i - 1];
      sum += v[n - i];
      if (sum - (c - x[n - i]) * 2 > lsum[i]) {
        lsum[i] = sum - (c - x[n - i]) * 2;
      }
    }

    // Start at 0 and exit at right
    sum = 0;
    for (int right = 0; right < n; right++) {
      sum += v[right];
      long r = sum - x[right];
      if (r > res) res = r;
    }
    // Start at 0, go to right and then back to left, then exit there
    sum = 0;
    for (int left = n - 1; left > 0; left--) {
      sum += v[left];
      long r = sum + rsum[left - 1] - (c - x[left]);
      if (r > res) res = r;
    }

    // Start at 0 and exit at left
    sum = 0;
    for (int left = n - 1; left >= 0; left--) {
      sum += v","name = input()

tmp1 = list(name)
tmp2 = list(name)
tmp2.reverse()

res = 'YES'
for i in range(len(tmp1)):
    if tmp1[i] != tmp2[i]:
        res = 'NO'
        break
        
print(res)",0
"import java.io.BufferedReader;
import java.io.IOException;
import java.io.InputStream;
import java.io.InputStreamReader;
import java.io.UncheckedIOException;
import java.util.HashMap;
import java.util.StringTokenizer;

public class Main {
	static int N,K,L;
	public static void main(String[] args) {
		SC sc = new SC(System.in);
		N=sc.nextInt();
		K=sc.nextInt();
		L=sc.nextInt();
		UnionFind.init(N);
		int[] den=new int[N];
		for(int i=0;i<K; i++) {
			int f=sc.nextInt()-1;
			int t=sc.nextInt()-1;
			UnionFind.unite(f,t);
		}
		for(int i=0; i<N; i++) {
			den[i]=UnionFind.find(i);
		}
		UnionFind.init(N);
		int[] dou=new int[N];
		for(int i=0;i<L; i++) {
			int f=sc.nextInt()-1;
			int t=sc.nextInt()-1;
			UnionFind.unite(f,t);
		}
		for(int i=0; i<N; i++) {
			dou[i]=UnionFind.find(i);
		}
		HashMap<Long,Integer> num = new HashMap<Long,Integer>();
		long[] id=new long[N];
		for(int i=0; i<N; i++) {
			id[i]=((long)(den[i])*((long) N)+((long)(dou[i])));
			if(num.containsKey(id[i])) {
				num.put(id[i], num.get(id[i])+1);
			}
			else {
				num.put(id[i], 1);
			}
		}
		for(int i=0; i<N; i++) {
			if(i<N-1) {
				p(num.get(id[i])+"" "");
			}
			else {
				p(num.get(id[i]));
			}
		}
		pl();
	}
	static class UnionFind {
		static int N;			//???
		static int par[];		//????
		static int rank[];		//????UnionFind?????rank???
		public static void init(int n) {		//???
			N = n;
			par = new int[N];
			rank = new int[N];
			for(int i = 0; i < N; i++) {		//0??
				par[i] = i;
				rank[","# Union-Find?????
class UnionFind:
    def __init__(self, numV):
        self.pars = [i for i in range(numV)]
        self.ranks = [0] * numV

    def find(self, x):
        if self.pars[x] == x:
            return x
        else:
            self.pars[x] = self.find(self.pars[x])
            return self.pars[x]

    def union(self, x, y):
        x = self.find(x)
        y = self.find(y)
        if x == y:
            return
        if self.ranks[x] < self.ranks[y]:
            self.pars[x] = y
        else:
            self.pars[y] = x
            if self.ranks[x] == self.ranks[y]:
                self.ranks[x] += 1


N, K, L = map(int, input().split())
pqs = [tuple(map(lambda x: int(x) - 1, input().split())) for _ in range(K)]
rss = [tuple(map(lambda x: int(x) - 1, input().split())) for _ in range(L)]

# ??
UFRoad = UnionFind(N)
for p, q in pqs:
    UFRoad.union(p, q)

# ??
UFRailway = UnionFind(N)
for r, s in rss:
    UFRailway.union(r, s)

Ts = [(UFRoad.find(i), UFRailway.find(i), i) for i in range(N)] + [(N, N, N)]
Ts.sort()

anss = [0] * N
iFr = 0
for i in range(N):
    if Ts[i][0:2] != Ts[i + 1][0:2]:
        for j in range(iFr, i + 1):
            anss[Ts[j][2]] = i - iFr + 1
        iFr = i + 1

print(' '.join(map(str, anss)))",1
"import java.util.Scanner;

class Main{

    static long[] factorial;
    static long[] invfac;

    static long mod = (long)1e9+7;
    static long inverse(long m){
        long res =1;
        for(int i=0;i<32;++i){
            if((((mod-2)>>i)&1)==1)res=(res*m)%mod;
            m = (m*m)%mod;
        }
        return res;
    }
    static long C(int i, int j){
        return (((factorial[i]*invfac[i-j])%mod)*invfac[j])%mod;
    }

    static long func(int N, int j){
        //N?j???????
        if(N==j)return factorial[N];
        return ((C(j-1,N-j-1)*factorial[j])%mod*factorial[N-j-1])%mod;
    }

    public static void main(String[] args){
        Scanner scan = new Scanner(System.in);
        int N = scan.nextInt();
        factorial = new long[N+1];
        factorial[0]=1;
        for(int i=1;i<=N;++i)factorial[i]=(factorial[i-1]*i)%mod;
        invfac = new long[N+1];
        for(int i=0;i<=N;++i)invfac[i]=inverse(factorial[i]);
        long ans = (func(N, (N+1)/2)*((N+1)/2))%mod;
        for(int j=(N+1)/2+1;j<N;++j){
            ans = (ans + j*((func(N, j) - func(N, j-1) + mod)%mod)%mod)%mod;
        }
        System.out.println(ans);
        
    }
}","a,b = map(str,input().split())

if ord(a)+32 == ord(b):
    print('Yes')
else:
    print('No')",0
"import java.io.ByteArrayInputStream;
import java.io.IOException;
import java.io.InputStream;
import java.io.PrintWriter;
import java.util.Arrays;
import java.util.InputMismatchException;

public class Main {
	static InputStream is;
	static PrintWriter out;
	static String INPUT = """";
	
	static void solve()
	{
		int n = ni();
		int nim = 0;
		for(int i = 0;i < n;i++){
			int a = ni(), K = ni();
			nim ^= nim(a, K);
		}
		if(nim == 0){
			out.println(""Aoki"");
		}else{
			out.println(""Takahashi"");
		}
	}
	
	static int[] starts = new int[100000];
	static int[] lens = new int[100000];
	static int[] reps = new int[100000];
	
	static int nim(int n, int K)
	{
		if(K == 1)return n;
		int start = K-1;
		int len = 1;
		if(n < K)return 0;
		
		int p = 0;
		starts[p] = start;
		lens[p] = len;
		p++;
		
		for(int rep = 0;start <= n;rep++){
			// plus = (start + nlen) / K - start / K
			// nlen = len + plus
			
			// start%K + len*x < K
			// x < (K-start%K)/len
			int skip = (K-1-start%K)/len;
			start += len*skip;
			reps[p-1] = skip;
			
			int low = len-1, high = 2*len+1;
			while(high - low > 1){
				int h = high+low>>>1;
				int plus = (start + h) / K - start / K;
				if(h >= len + plus){
					high = h;
				}else{
					low = h;
				}
			}
			len = high;
			start += len;
			starts[p] = start;
			lens[p] = len;
			p++;
		}
		for(int i = 0;i < p;i++){
			starts[i] -= lens[i];
		}
//		tr(starts);
//		tr(reps);
//		tr(lens);
		int cur = p-1;
		int ind = (n - starts[cur]);
		if(ind < 0){","# coding: utf-8
from functools import lru_cache
import sys
sys.setrecursionlimit(10000)

sb = [-100, 0, 100]

@lru_cache(maxsize = None)
def ops(l, m):
    global marble
    r = l + marble[m] - 1
    if l < sb[m] < r:
        ln = abs(l - sb[m])
        rn = marble[m] - ln - 1
        op = (ln * (ln + 1) + rn * (rn + 1)) // 2
    else:
        ofs = abs(r - sb[m]) if r <= sb[m] else abs(l - sb[m])
        n = marble[m] - 1
        op = (n * (n + 1)) // 2 + ofs * marble[m]
    return(op)

# b: box number
# m: marble color (0:R, 1:G, 2:B)
@lru_cache(maxsize = None)
def plcMbl(b, m):
    if b + sum(marble[m:]) > 500:
        return(float('inf'))
    if m == 3:
        return(0)
    op = ops(b, m)
    opl = [ plcMbl(b + 1, m), op + plcMbl(b + marble[m], m + 1) ]
    return(min(opl))

# 1 <= r, g, b <= 300
marble = list(map(int, input().rstrip().split()))

print(plcMbl(-500, 0))",0
"import java.util.Scanner;

public class Main {
	public static void main(String[] args) {
		Scanner sc = new Scanner(System.in);

		int n = sc.nextInt();

		if (n == 0) {
			System.out.println(0);
			return;
		}

		int rem = 0;
		String ans = """";
		while(n != 0) {
			rem = n % -2;
			n /= -2;
			if (rem == -1) {
				n++;
				rem = 1;
			}
			ans = rem + ans;
		}
		System.out.println(ans);
	}
}","import collections

n = int(input())
a = collections.Counter(list(map(int, input().split()))).most_common()
ans = 0
for i, j in a:
    if i > j:
        ans += j
    if i < j:
        ans += j - i
print(ans)",0
"import java.util.ArrayList;
import java.util.HashMap;
import java.util.Scanner;

public class Main {

    public static void main(String[] args) {
        Scanner sc = new Scanner(System.in);
        int n = sc.nextInt();
        int a = sc.nextInt() - 1;
        int b = sc.nextInt() - 1;
        int m = sc.nextInt();
        int[] x = new int[m];
        int[] y = new int[m];
        long MOD = 1000000007;
        int[][] dp = new int[n][n];
        for (int i = 0; i < m ; i++) {
            x[i] = sc.nextInt() - 1;
            y[i] = sc.nextInt() - 1;
            dp[x[i]][y[i]] = dp[y[i]][x[i]] = 1;
        }
        for (int i = 0; i < n ; i++) {
            for (int j = 0 ; j < n ; j++) {
                if (i != j && dp[i][j] == 0) {
                    dp[i][j] = 1000;
                }
            }
        }
        //?????????
        for (int k = 0 ; k < n ; k++) {
            for (int i = 0 ; i < n ; i++) {
                for (int j = 0 ; j < n ; j++) {
                    dp[i][j] = Math.min(dp[i][j], dp[i][k] + dp[k][j]);
                }
            }
        }

        // ???DAG
        int[][] dag = new int[n][n];
        for (int i = 0 ; i < m ; i++) {
            if (dp[a][x[i]] == dp[a][y[i]] + 1) {
                dag[y[i]][x[i]] = 1;
            }
            if (dp[a][x[i]] == dp[a][y[i]] - 1) {
                dag[x[i]][y[i]] = 1;
            }
        }
        HashMap<Integer, ArrayList<Integer>> map = new HashMap<>();
        for (int i = 0 ; i < n","import sys
DBG = not True
DBG2 = not True
n,a,b =      map(int, input().split())
MAXM =  18
r = [0] * MAXM
s = [0] * MAXM
r[0] = [0]
r[1] = [0,1]
s[1] = [0,1]
p1a = [0,1,3,2]
p2a = [3,1,0,2,2,0,1,3]

def swiz(n,z,d):
    xpos = n - len(d)
    ypos = 0
    t = 0
    for i in range(n):
        if DBG2:
            print(""sw lp i {} xp {} yp {} t {}"".\
               format(i,xpos,ypos,t))
        if i in d:
            t += ((z >> xpos) & 1) << i
            xpos += 1
        else:
            t += ((z >> ypos) & 1) << i
            ypos += 1
    if  DBG2:
        print(""sw z {} d {} ret {}"".format(z,d,t))
    return t

for m in range(3,MAXM,2):
    s[m] = [0] * (2**m)
    for i in range(2**(m-2)):
        hi = s[m-2][i] << 2
        for j in range(4):
          s[m][4*i+j] = hi + \
            (p1a[j] if i == 0 else p2a[4*(i%2)+j])
          if DBG2:
              print(""set s m {} i {} j {} - {}"".\
                 format(m,i,j,s[m][4*i+j]))

for m in range(2,MAXM):
    r[m] = [0] * (2**m)
    for i in range(2**(m-1)):
        r[m][i  ] = r[m-1][i]
        r[m][2**m-1-i] = 2**(m-1) + r[m-1][i]

if DBG:
    for m in range(1,6):
        print(s[m])
    print("""")
    for m in range(1,6):
        print(r[m])

z = a ^ b
cnt = 0
d = []
for i in range(MAXM):
    if z & (1<<i) != 0:
        cnt += 1
        d.append(i)
if cnt%2 == 0:
    print('NO')
    sys.exit(0)
else:
    print('YES')

sz = len(d)
if DBG:
    print(""n {} a {} b {} sz {} d:"".format(n,a,b,sz))
    print(d)

for i in",0
"import java.util.*;

public class Main {
	
	/*
	 * default function
	 * */	
	int ni() {
		return cin.nextInt();
	}
	
	String nl() {
		return cin.nextLine();
	}
	
	void println(String str) {	
		System.out.println(str);
	}
	
	void print(String str) {
		System.out.print(str);
	}
	
	/*
	 * default variable
	 */
	
	static final int MOD = 1000000007;
	
	Scanner cin = new Scanner(System.in);	
	String  output;
	
	public static void main(String[] args) {			
		new Main().run();						
	}
	/* default above */
		
	public void run() {
			
		input();
		/* 
		 * start
		 */	
		
		
		long res = solve();
		
		/*
		 * finish
		 */
		
		output = res +"""";
		println(output);
			
	}
	/* 
	 * define variable
	 */
	
	int N, T;
	int[] times;
	
	void input() {
		N = ni();
		T = ni();
		
		times = new int[N];
		
		for (int i = 0; i < N; i ++) {
			times[i] = ni();
		}		
	}
	
	
	long solve() {
		//first push began at 0
		long sum   = T;
		long preEnd= T;
		
		for (int i = 1; i < N; i ++) {
			
			if (times[i] >= preEnd) {
				preEnd = times[i] + T;
				sum += T;
			}
			
			else {
				long diff = times[i] - times[i-1];
				preEnd += diff;
				sum += diff;
			}
		}
		
		return sum;
	}
	
}","# -*- coding: utf-8 -*-
from math import *

fin = open(""d-large.in"")
fout = open(""d-large.out"",""w"")
cases= int(fin.readline().split()[0])
case = 0

def answer(x):
	global case, cases
	case += 1
	print >>fout, ""Case #""+str(case)+"": ""+str(x)
	print ""Case #""+str(case)+"": ""+str(x)
	
for test in xrange(cases):
	n= int(fin.readline().split()[0])
	array= map(int, fin.readline().split())
	sarray=sorted(array)
	cont=0
	for i in xrange(n):
		if not (array[i]==sarray[i]):
			cont+=1
	answer(str(cont)+'.000000')",0
"import java.util.*;

public class Main {
    public static void main(String[] args) throws Exception {

        Scanner sc = new Scanner(System.in);
        String[] S ={ sc.next(), sc.next(), sc.next()};
        
        int i = 0;
        while(S[i].length() != 0){
                int turn = S[i].charAt(0) - 'a';   //?????????ASCII?????????
                S[i] = S[i].substring(1);          //????????
                i = turn;
        }
        
        //char????????ASCII??????????
        System.out.println((char)('A' + i));
    }
}","hoa=list(input())
hob=list(input())
hoc=list(input())
f=""A""

while 1:
  if(f==""A"" and len(hoa)==0):
    print(f)
    break
  elif(f==""B"" and len(hob)==0):
    print(f)
    break
  elif(f==""C"" and len(hoc)==0):
    print(f)
    break
  elif(f==""A""):
    if(hoa[0]==""a""):
      f=""A""
      hoa=hoa[1:]
    elif(hoa[0]==""b""):
      f=""B""
      hoa=hoa[1:]
    elif(hoa[0]==""c""):
      f=""C""
      hoa=hoa[1:]
  elif(f==""B""):
    if(hob[0]==""a""):
      f=""A""
      hob=hob[1:]
    elif(hob[0]==""b""):
      f=""B""
      hob=hob[1:]
    elif(hob[0]==""c""):
      f=""C""
      hob=hob[1:]
  elif(f==""C""):
    if(hoc[0]==""a""):
      f=""A""
      hoc=hoc[1:]
    elif(hoc[0]==""b""):
      f=""B""
      hoc=hoc[1:]
    elif(hoc[0]==""c""):
      f=""C""
      hoc=hoc[1:]",1
"import java.io.*;
import java.util.*;

public class C {

    static class Assert {
        static void check(boolean e) {
            if (!e) {
                throw new Error();
            }
        }
    }

    static class Attack {

        int min;
        int max;
        int strength;

        Attack(int min, int max, int strength) {
            this.min = min;
            this.max = max;
            this.strength = strength;
        }
    }

    class AttackList extends ArrayList<Attack> {}

    Scanner in;
    PrintWriter out;

    int getMin(int height[], int minI, int maxI) {
        Assert.check(minI <= maxI);
        int min = Integer.MAX_VALUE;
        for (int i = minI; i <= maxI; i++) {
            min = Math.min(min, height[i]);
        }
        return min;
    }

    void setMin(int height[], int minI, int maxI, int minHeight) {
        Assert.check(minI <= maxI);
        for (int i = minI; i <= maxI; i++) {
            height[i] = Math.max(height[i], minHeight);
        }
    }

    int solveOne() {
        AttackList days[] = new AttackList[676061];
        int nTribes = in.nextInt();
        int height[] = new int[401];
        final int base = 200;
        for (int iTribe = 0; iTribe < nTribes; iTribe++) {
            int firstDay = in.nextInt();
            int nAttacks = in.nextInt();
            int firstMin = in.nextInt();
            int firstMax = in.nextInt();
            int firstStrength = in.nextInt();
            int dDays = in.nextInt();","s = list(input())

ans = []
for x in ['A', 'B', 'C', 'D', 'E', 'F']:
    ans.append(str(s.count(x)))

print(' '.join(ans))",0
"import java.math.BigDecimal;
import java.math.BigInteger;
import java.util.Arrays;
import java.util.Scanner;

public class Main {
	public static void main(String[] args) {
		new Main().run();
	}

	void run() {
		System.out.println(solve(new Scanner(System.in).next()));
	}

	String solve(String a) {
		BigInteger m = new BigInteger(a);
		BigInteger m1 = m.multiply(m);
		BigInteger m2 = (m.add(BigInteger.ONE)).multiply((m.add(BigInteger.ONE)));
		String ans = m.multiply(m).toString();
		
		for (int i = 0; i < 10000000; ++i) {
			String strPow10 = ""1"";
			for (int t = 0; t < 2 * i; ++t) {
				strPow10 = strPow10 + ""0"";
			}
			BigInteger pow10 = new BigInteger(strPow10);
			BigInteger v1 = m1.divide(pow10);
			BigInteger v2 = m2.divide(pow10);
			if (!m1.remainder(pow10).equals(BigInteger.ZERO)) {
				v1 = v1.add(BigInteger.ONE);
			}
			if (!m2.remainder(pow10).equals(BigInteger.ZERO)) {
				v2 = v2.add(BigInteger.ONE);
			}
			if (v2.subtract(v1).signum() <= 0)
				break;
			ans = v1.toString();
			if(i%10==0)
			System.gc();
		}
		return ans;
	}

	static void tr(Object... objects) {
		System.out.println(Arrays.deepToString(objects));
	}
}","# thx
# https://beta.atcoder.jp/contests/arc057/submissions/1933364
a = int(input())
l = a**2
r = l+2*a+1
e = 1
# print((l+e-1)/1) ????????????????
# //????????????
while (l+e-1) // e * e < r:
	n = (l+e-1) // e
	e *= 100
print(n)",1
"import java.io.*;
import java.util.*;

public class D implements Runnable {
	private static final double eps = 1e-9;
	private static String fileName = D.class.getSimpleName().replaceFirst(""_.*"", """");
	private static String inputFileName = fileName + "".in"";
	private static String outputFileName = fileName + "".out"";
	private static Scanner in;
	private static PrintWriter out;
	
	int n;
	int[] x;
	int[] y;
	int[] r;
	double x1, y1, x2, y2, rr;
	boolean ok, cool;
	boolean[] alive;
	
	private void solve() {
		double low = 0;
		double high = 2000;
		n = in.nextInt();
		x = new int[n];
		y = new int[n];
		r = new int[n];
		alive = new boolean[n];
		for (int i = 0; i < n; i++) {
			x[i] = in.nextInt();
			y[i] = in.nextInt();
			r[i] = in.nextInt();
			low = Math.max(low, r[i]);
		}
		while (low + eps < high) {
			rr = (low + high) * 0.5;
			ok = false;
			for (int i = 0; i < n; i++) {
				for (int j = 0; j < n; j++) {
					if (i == j) {
						x1 = x[i];
						y1 = y[i];
						checkFirst();
						continue;
					}
					double c = Math.hypot(x[i] - x[j], y[i] - y[j]);
					double a = rr - r[i];
					double b = rr - r[j];
					if (a + b < c) {
						continue;
					}
					double cos = (a*a + c*c - b*b) / (2 * a * c);
					double beta = Math.acos(cos);
					double theta = Math.atan2(y[j] - y[i], x[j] - x[i]);
					theta += beta;
					x1 = x[i] + a * Math.cos(theta);
					y1 = y[i] + a * Math.sin(theta);
					checkFirst();
				}
			}
			if (ok) {
				high = rr;
			} else {
				low = rr;","import math

def Cover(C):
  if len(C) == 0:
    return 0.0
  if len(C) == 1:
    return C[0][2]
  return (C[0][2] + C[1][2] + math.sqrt((C[0][0] - C[1][0])**2 + (C[0][1] - C[1][1])**2))/2.0

for tc in range(1, int(input()) + 1):
  n = int(input())
  circles = []
  for i in range(n):
    x, y, r = map(int, input().split())
    circles.append((x, y, r))
  ans = None
  for i in range(n):
    nans = max(Cover(circles[i:i+1]), Cover(circles[0:i] + circles[i+1:n]))
    if ans is None or nans < ans:
      ans = nans
  print(""Case #%d: %.6f"" % (tc, ans))",1
"import java.util.*;

public class Main {
    public static void main(String[] args) throws Exception {

        Scanner sc = new Scanner(System.in);

        //????
        int N = sc.nextInt();
        String[] s = new String[N];
        for(int i = 0; i < N; i++) s[i] = sc.next();
        int M = sc.nextInt();
        String[] t = new String[M];
        for(int i = 0; i < M; i++) t[i] = sc.next();

        //????????????????????
        //??????????????????????????
        //?????????
        int maxMoney = Integer.MIN_VALUE;
        for(int i = 0; i < N; i++){
            int countBlue = 0;
            int countRed = 0;
            for(int j = 0; j < N; j++){
                if(s[i].equals(s[j])) countBlue++;
            }
            for(int j = 0; j < M; j++){
                if(s[i].equals(t[j])) countRed++;
            }
            if(maxMoney < countBlue - countRed){
                maxMoney = countBlue - countRed;
            }
        }
        System.out.println(maxMoney > 0 ? maxMoney : 0);
    }
}","S = 0
N = int(input())
P=[]
for num in range(N):
	P.append(int(input()))

P.sort(reverse=True, key=int)
P[0] = P[0]//2

for num in range(N):
	S += P[num]

print(S)",0
"import java.awt.*;
import java.util.*;
import java.util.List;

import static java.lang.System.*;

public class Main {
    public static void main(String[] args) {
        Scanner sc = new Scanner(System.in);
        int H = sc.nextInt();
        int W = sc.nextInt();

        int[][] a = new int[H][W];
        for (int i = 0; i < H; i++) {
            for (int j = 0; j < W; j++) {
                a[i][j] = sc.nextInt();
            }
        }

        int cnt = 0;
        List<Point> from = new ArrayList<>();
        List<Point> to = new ArrayList<>();
        for (int i = 0; i < H - 1; i++) {
            for (int j = 0; j < W; j++) {
                if (a[i][j] % 2 != 0) {
                    a[i][j] -= 1;
                    a[i + 1][j] += 1;
                    cnt++;

                    from.add(new Point(i + 1, j + 1));
                    to.add(new Point(i + 2, j + 1));
                }
            }
        }

        for (int j = 0; j < W - 1; j++) {
            if (a[H - 1][j] % 2 != 0) {
                a[H - 1][j] -= 1;
                a[H - 1][j + 1] += 1;
                cnt++;

                from.add(new Point(H, j + 1));
                to.add(new Point(H, j + 2));
            }
        }

        out.println(cnt);
        for(int i = 0; i < from.size(); i++){
            Point f = from.get(i);
            Point t = to.get(i);
            out.println(f.x + "" "" + f.y + "" "" + t.x + "" "" + t.y);
        }
    }
}","H,W = map(int,input().split())
L = []
for i in range(H):
  L.append(list(map(int,input().split())))
i = 0
j = 0
cnt = 0
anslist = []
num = 0
while num < H*W-1:
  if L[i][j]%2 == 0:
    if i%2 == 0 and j == W-1:
      i += 1
    elif i%2 == 0:
      j += 1
    elif i%2 != 0 and j == 0:
      i += 1
    else:
      j -= 1
  else:
    befi,befj = i+1,j+1
    L[i][j] -= 1
    if i%2 == 0 and j == W-1:
      i += 1
    elif i%2 == 0:
      j += 1
    elif i%2 != 0 and j == 0:
      i += 1
    else:
      j -= 1
    L[i][j] += 1
    afti,aftj = i+1,j+1
    anslist.append([befi,befj,afti,aftj])
    cnt += 1
  num += 1
print(cnt)
for i in range(len(anslist)):
  print(anslist[i][0],anslist[i][1],anslist[i][2],anslist[i][3])",1
"import java.util.*;
public class Main {
	public static void main(String[]args) {
		Scanner sc=new Scanner(System.in);
		String po=sc.nextLine();
        String p[]=po.split("""",0);
      int count =700;
        for(int i=0;i<p.length;i++){
         if(p[i].equals(""o""))count+=100;
        }
        System.out.println(count);
	}
}","n,m=map(int,input().split())
a_list=[input() for _ in range(n)]
b_list=[input() for _ in range(m)]
for i in range(n-m+1):
    for j in range(n-m+1):
        f=True
        for k in range(m):
            for l in range(m):
                if a_list[i+k][j+l]!=b_list[k][l]:
                    f=False
                    break
            if not f:
                break
        if f:
            print(""Yes"")
            exit()
print(""No"")",0
"import java.io.BufferedReader;
import java.io.IOException;
import java.io.InputStream;
import java.io.InputStreamReader;
import java.io.OutputStream;
import java.io.PrintWriter;
import java.math.BigDecimal;
import java.util.AbstractMap;
import java.util.ArrayDeque;
import java.util.ArrayList;
import java.util.Arrays;
import java.util.Comparator;
import java.util.Deque;
import java.util.HashMap;
import java.util.HashSet;
import java.util.List;
import java.util.Map;
import java.util.Queue;
import java.util.Set;
import java.util.TreeSet;

public class Main {
	
    public static void main(String[] args) {
        InputStream inputStream = System.in;
        OutputStream outputStream = System.out;
        MyInput in = new MyInput(inputStream);
        PrintWriter out = new PrintWriter(outputStream);
        
        Solver solver = new Solver();
        solver.solve(1, in, out);
        
        out.close();
    }
    
    // ======================================================================
    // 1 <= N <= 8 : ??????1 <= M <= N*(N-1)/2 : ???
    // a1 b1 : ?
    //
    // ??????????????????????????
    // 
    // ?????????????????????????????????????
    //
    static class Solver {

    	int N, M;
    	boolean[][] con = null;
    	boolean[] used = null;
    	
    	// now : ???????depth : ?????
    	public int calc(int now, int depth, PrintWriter out) {
    		if(used[now])	return 0;
    		if(depth == N)	return 1;
    		used[now] = true;				// ???????????
    		int ans = 0;","from math import sqrt
T = input()
for i in xrange(T):
    N = input()
    x, y, z, vx, vy, vz = 0.0, 0.0, 0.0, 0.0, 0.0, 0.0
    for j in xrange(N):
        v = [float(s) for s in raw_input().split()]
        x += v[0]
        y += v[1]
        z += v[2]
        vx += v[3]
        vy += v[4]
        vz += v[5]
    V = vx*vx + vy*vy + vz*vz
    t = 0 if V == 0.0 else -(x*vx + y*vy + z*vz)/V
    if t < 0.0: t = 0.0
    d = sqrt((x + t*vx)**2 + (y + t*vy)**2 + (z + t*vz)**2)/N
    print ""Case #%i: %.8f %.8f"" % (i+1, d, t)",0
"import java.util.Scanner;
class Main {
	public static void main(String[] args) {
	    Scanner sc = new Scanner(System.in);
        int R = sc.nextInt();
        int C = sc.nextInt();
        int X = sc.nextInt();
        int Y = sc.nextInt();
        int D = sc.nextInt();
        int L = sc.nextInt();
        long A = 1000000007;
        int part = X * Y;
        long[][] comb = new long[part + 1][part + 1];
        comb[0][0] = 1;
        for (int i = 1; i <= part ; i++) {
        	for (int j  =0; j <= i; j++) {
        		if (j == 0) {
        			comb[i][j] = 1;
        		} else {
        			comb[i][j] = (comb[i-1][j-1] + comb[i-1][j]) % A;
        		}
        	}
        }

    	long answer = 0;
        if (D + L == X * Y) {
        	answer = (R - X + 1) * (C - Y + 1) * comb[X * Y][D] % A;
        } else {
        	for (int i = 0; i <= 2; i++) {
        		for (int j = 0; j <= 2; j++) {
        			if ((X - i) * (Y - j) < D + L) {
        				continue;
        			}
        			if ((i + j) % 2 == 0) {
        				answer += comb[2][i] * comb[2][j]  * (R - X + 1) * (C - Y + 1)
        						* comb[(X - i) * (Y - j)][D] % A
        								* comb[(X - i) * (Y- j) - D][L] % A;
        			}else {
        				answer -= comb[2][i] * comb[2][j]  * (R - X + 1) * (C - Y + 1)
        						* comb[(X - i) * (Y - j)][D] % A
        								* comb[(X - i) * (Y- j) - D][L] % A;
        			}
        		}
        	}
        	answer %= A;
        	if (answer < 0) {
        		answer += A;","import math

R, C = map(int, input().strip().split())
X, Y = map(int, input().strip().split())
D, L = map(int, input().strip().split())


def ct_combi(n, r):
    if n < r:
        x = 0
    else:
        x = math.factorial(n) // (math.factorial(n - r) * math.factorial(r))
    return x


a = R - X
b = C - Y

n_1 = 0
if a and not b:
    n_1 = a+1
elif b and not a:
    n_1 = b+1
elif a and b:
    for i in range(a+1):
        for j in range(b+1):
            n_1 += 1
else:
    n_1 = 1

if X*Y != D+L:
    sum_1 = 2*ct_combi(X*(Y-1), D+L) + 2*ct_combi((X-1)*Y, D+L)
    sum_2 = ct_combi((X-2)*Y, D+L) + ct_combi((Y-2)*X, D+L) + \
        4*ct_combi((X-1)*(Y-1), D+L)
    sum_3 = 2*ct_combi((X-1)*(Y-2), D+L) + 2*ct_combi((X-2)*(Y-1), D+L)
    sum_4 = ct_combi((X-2)*(Y-2), D+L)

    sum = ct_combi(X*Y, D+L) - sum_1 + sum_2 - sum_3 + sum_4

    n_2 = sum*ct_combi(D+L, D)

else:
    n_2 = ct_combi(D+L, D)

print(n_1*n_2 % (10**9+7))",1
"import java.util.Scanner;

public class Main {

	public static void main(String[] args) {
		Main main = new Main();
		main.solve();
	}

	void solve() {
		Scanner sc = new Scanner(System.in);
		int n = Integer.parseInt(sc.next());
		sc.close();
		int res = n/3;
		System.out.println(res);
	}
}","x,t=map(int,input().split())
if x>=t:
  print(x-t)
else:
  print(0)",0
"import java.io.FileNotFoundException;
import java.io.PrintWriter;
import java.util.Arrays;
import java.util.PriorityQueue;
import java.util.Random;
import java.util.Scanner;

public class Main {
	public static void main(String[] args) throws FileNotFoundException {
		new Main().run();
	}

	final long MODULO = 998244353L;
	long[] fac = new long[400];
	long[] invfac = new long[400];
	long[] inv = new long[400];
	long[][] C = new long[400][400];
	long[] pow2 = new long[400];
	{
		fac[0] = 1;
		invfac[0] = 1;
		inv[1] = 1;
		for (int i = 1; i < fac.length; ++i) {
			fac[i] = fac[i - 1] * i % MODULO;
		}
		for (int i = 2; i < inv.length; ++i) {
			inv[i] = (MODULO - (MODULO / i) * inv[(int) (MODULO % i)] % MODULO) % MODULO;
		}
		for (int i = 1; i < invfac.length; ++i) {
			invfac[i] = invfac[i - 1] * inv[i] % MODULO;
		}
		C[0][0] = 1;
		for (int i = 1; i < C.length; ++i) {
			for (int j = 0; j <= i; ++j) {
				C[i][j] = (j > 0 ? C[i - 1][j - 1] : 0) + C[i - 1][j];
				C[i][j] %= MODULO;
			}
		}
		pow2[0] = 1;
		for (int i = 1; i < pow2.length; ++i) {
			pow2[i] = pow2[i - 1] * 2 % MODULO;
		}

	}

	void run() {
		Scanner sc = new Scanner(System.in);
		Random rand = new Random();
		// while (true) {
		int n = sc.nextInt();
		// int n = rand.nextInt(5);
		long[] x = new long[n];
		long[] y = new long[n];
		for (int i = 0; i < n; ++i) {
			x[i] = sc.nextInt();
			y[i] = sc.nextInt();
			// x[i] = rand.nextInt(5);
			// y[i] = rand.nextInt(5);
		}
		solver(n, x, y);
		// }
	}

	voi","N = int(input())
a = int(input())
print(N ** 2 - a)",0
"import java.util.Scanner;

public class Main {
    public static void main(String[] args) {
        Scanner sc = new Scanner(System.in);
        int n = sc.nextInt();
        int m = sc.nextInt();
        int x = sc.nextInt();
        int[] points = new int[m];

        int left = 0;
        int right = 0;

        for (int point : points) {
            point = sc.nextInt();
            if (point < x) {
                left++;
            } else {
                right++;
            }
        }
        System.out.println(Math.min(left, right));
    }
}","import bisect
n,m,x=map(int,input().split())
A=[int(x) for x in input().split()]
i=bisect.bisect_left(A,x)
j=bisect.bisect_right(A,x)
print(min(i,m-j))",1
"import java.io.OutputStream;
import java.io.IOException;
import java.io.InputStream;
import java.io.OutputStream;
import java.io.PrintWriter;
import java.util.Arrays;
import java.util.Iterator;
import java.io.BufferedWriter;
import java.util.InputMismatchException;
import java.io.IOException;
import java.io.Writer;
import java.io.OutputStreamWriter;
import java.util.NoSuchElementException;
import java.io.InputStream;

/**
 * Built using CHelper plug-in
 * Actual solution is at the top
 *
 * @author Egor Kulikov (egor@egork.net)
 */
public class Main {
    public static void main(String[] args) {
        InputStream inputStream = System.in;
        OutputStream outputStream = System.out;
        InputReader in = new InputReader(inputStream);
        OutputWriter out = new OutputWriter(outputStream);
        TaskF solver = new TaskF();
        solver.solve(1, in, out);
        out.close();
    }

    static class TaskF {
        public void solve(int testNumber, InputReader in, OutputWriter out) {
            int n = in.readInt();
            int[] a = IOUtils.readIntArray(in, n);
            int[] f = new int[n - 1];
            int[] t = new int[n - 1];
            IOUtils.readIntArrays(in, f, t);
            MiscUtils.decreaseByOne(f, t);
            Graph graph = BidirectionalGraph.createGraph(n, f, t);
            IntList answer = new IntArrayList();
            for (int i = 0; i < n; i++) {
                if (win(i, graph, a)) {
                    answer.add(i + 1);","#!/usr/bin/env python3
# -*- coding: utf-8 -*-

from fractions import gcd

def readln():
    _res = list(map(int,str(input()).split(' ')))
    return _res

def calc(x,line):
    if line == 0:
        for l in v[x]:
            if e[l][0] == x: son = e[l][1]
            else: son = e[l][0]
            if a[son-1] < a[x-1] and calc(son,l) == -1:
                return 1
        return -1
    else:
        if e[line][0] == x: y = 0
        else: y = 1
        if f[line][y] != 0: return f[line][y]
        for l in v[x]:
            if l != line:
                if e[l][0] == x: son = e[l][1]
                else: son = e[l][0]
                if a[son-1] < a[x-1] and calc(son,l) == -1:
                    f[line][y] = 1
                    return 1
        f[line][y] = -1
        return -1

n = int(input())
v = [set([]) for i in range(0,n+1)]
e = [0 for i in range(0,n)]
a = readln()
for i in range(1,n):
    s = readln()
    v[s[0]].add(i)
    v[s[1]].add(i)
    e[i] = s

f = [[0,0] for i in range(0,n)]
ans = []
for i in range(1,n+1):
    if calc(i,0) == 1:
        ans.append(i)
ans = list(map(str,ans))
print(' '.join(ans))",1
"import java.io.*;
import java.util.StringTokenizer;

public class A2 {


    private long solveTest() throws IOException {
        long[] p10 = new long[20];
        p10[0] = 1;
        for (int i = 1; i < 20; i++) {
            p10[i] = p10[i - 1] * 10;
        }
        long n = Long.parseLong(next());
        long x = 1;
        long res = 1;
        int len = ("""" + n).length();
        for (int t = 2; t < len; t++) {
            long c = p10[t - 1] + p10[t / 2] - 1;
            res += (c - x + 1);
            x = reverse(c);
//            System.out.println(c + "" "" + x);
        }
        long res1 = res + (n - x);
        long nn = n / p10[len / 2] * p10[len / 2] + 1;
//        System.out.println(nn + "" "" + n);
        while (nn > n) {
            nn -= p10[len / 2];
        }
        if (reverse(nn) < x){
            return res1;
        }
        long res2 = res + (reverse(nn) - x) + 1 + (n - nn);
        return Math.min(res1, res2);
    }

    private long reverse(long i) {
        return Long.parseLong(new StringBuffer().append(i).reverse().toString());
    }

    private void solve() throws IOException {
        int n = nextInt();
        for (int i = 0; i < n; i++) {
            long res = solveTest();
            System.out.println(""Case #"" + (i + 1) + "": "" + res);
            out.println(""Case #"" + (i + 1) + "": "" + res);
        }
    }


    BufferedReader br;
    StringTokenizer st;
    PrintWriter out;

    String next() throws IOException {
        while (st","n = int(input())
if n == 1:
  print(""BOWWOW"")
  exit()
s = n*(n+1)//2
for i in range(2,int(s**0.5)+1):
  if s%i == 0:
    print(""BOWWOW"")
    break
else:
  print(""WANWAN"")",0
"import java.io.BufferedReader;
import java.io.BufferedWriter;
import java.io.File;
import java.io.FileReader;
import java.io.FileWriter;
import java.io.InputStream;
import java.io.InputStreamReader;
import java.io.PrintWriter;
import java.util.Arrays;
import java.util.StringTokenizer;

public class c {
	public static int[] des;
	public static int c;
	public static int r;
	public static PrintWriter out;

	public static void main(String[] Args) throws Exception {
		FS sc = new FS(new File(""C-small-attempt0.in""));
		// FS sc = new FS(System.in);
		// out = new PrintWriter(new BufferedWriter(new OutputStreamWriter(
		// System.out)));
		out = new PrintWriter(new BufferedWriter(new FileWriter(new File(
				""c.out""))));
		int cc = 0;
		int t = sc.nextInt();
		while (t-- > 0) {
			out.printf(""Case #%d:%n"", ++cc);
			r = sc.nextInt();
			c = sc.nextInt();
			int tot = (r + c) * 2;
			int[] vals = new int[(r + c) * 2];
			des = new int[(r + c) * 2];
			for (int i = 0; i < (r + c); i++) {
				int a = sc.nextInt() - 1;
				int b = sc.nextInt() - 1;
				des[a] = b;
				des[b] = a;
			}
			int ans = -1;
			for (int i = 0; i < (1 << (r * c)); i++) {
				if (check(i)) {
					ans = i;
					break;
				}
			}
			if (ans == -1)
				out.println(""IMPOSSIBLE"");
			else {
				print(ans);
			}
		}
		out.close();
	}

	public static void print(int ans) {

		int we = 0;
		for (int i = 0; i < r; i++) {
			for (int j = 0; j < c; j++) {
				if ((ans & (1 << we)) != 0)
					out.print(""\\"");
				else
					o","# -*- coding: utf-8 -*-
""""""
@author: jmzhao
GCJ 2016 Round 2
""""""

import sys
import itertools
import numpy as np

class IO :
    def get(reader=str) :
        return reader(input().strip())
    def gets(reader=str, delim=None) :
        return [reader(x) for x in input().strip().split(delim)]
    def tostr(raw, writer=str, delim=' ') :
        return delim.join(writer(x) for x in raw)

def prework(argv):
    '''do something according to argv,
    return a message describing what have been done.'''
    pass

r = None; c = None;

def on_board(p) :
#    printerr(p)
    x, y = p
    return x>=0 and x<r and y>=0 and y<c

def _conv(i) :
    i -= 1
    if i < c :
        return (-1, i), (1, 0)
    elif i < c + r :
        return (i-c, c), (0, -1)
    elif i < c + r + c :
        return (r, c+c+r-i-1), (-1, 0)
    elif i < c + r + c + r :
        return (c+c+r+r-i-1, -1), (0, 1)
def conv(i) :
    p, d = _conv(i)
    return np.array(p), np.array(d)

def is_connected(maze, src, tar) :
    p, d = conv(src)
    t, _ = conv(tar)
#    printerr(p, d)
    
    p = p + d
    while True :
        if np.all(p == t) :
            return True
        if not on_board(p) :
            return False
        x, y = d
        d = np.array([y, x])
        x, y = p
        if maze[x][y] == '/' : 
            d = -d
        p = p + d

def once():
    '''to cope once'''
    global r, c
    
    r, c = IO.gets(int)
    p = IO.gets(int)
    
    love = dict()
    for i in range(0, len(p), 2) :
        love[p",1
"import java.io.*;
import java.util.*;

public class Main implements Runnable{

	Scanner in;
	PrintWriter out;

	double EPS = 1e-10;
	// ret -1 no 0 uniq 1 many
	//matrix, equations, x, result
	int Gauss(double[][] a, int n, int m, double[] x)
	{
		int[] was = new int[n];
		Arrays.fill(was, -1);
		for (int i = 0; i < m; i++)
		{
			int k = -1;
			for (int j = 0; j < n; j++)
			if (was[j] == -1 && Math.abs(a[j][i]) > EPS)
			{ k = j; break; }
			if (k == -1)
			continue;
			was[k] = i;
			double t = 1 / a[k][i];
			for (int j = 0; j <= m; j++)
			a[k][j] *= t;
			for (int j = 0; j < n; j++)
			if (j != k)
			{
				double p = -a[j][i];
				for (int h = 0; h <= m; h++)
				a[j][h] += p * a[k][h];
			}
		}
		int flag = 0;
		Arrays.fill(x, 0);
		for (int i = 0; i < n; i++)
		if (was[i] == -1)
		{
			if (Math.abs(a[i][m]) > EPS)
			return -1;
			flag++;
		}
		else
			x[was[i]] = a[i][m];
		if (n - flag == m)
			return 0;
		else
			return 1;
	}

	public void Run()throws IOException
	{
		in = new Scanner(new File(""input.txt""));
		out = new PrintWriter(""output.txt"");

		int nt = in.nextInt();
		in.nextLine();
		for(int it=0;it<nt;it++)
		{
			out.print(""Case #"" + (it + 1) + "": "");
			double x11 = in.nextInt(), y11 = in.nextInt();
			double x12 = in.nextInt(), y12 = in.nextInt();
			double x13 = in.nextInt(), y13 = in.nextInt();

			double x21 = in.nextInt(), y21 = in.nextInt();
			double x22 = in.nextInt(), y22 = in.nextInt();
			double x23 = in.nextInt(), y23 = in.nextInt();

			doubl","import sys
def dbg(a): sys.stderr.write(str(a))
def readint(): return int(raw_input())
def readfloat(): return float(raw_input())
def readarray(foo): return map(foo, raw_input().split())

def getm(x11, x12, x13, x21, x22, x23):
	a = x12 - x11
	b = x13 - x11
	c = x22 - x21
	d = x23 - x21
	return (a - c, b - d, x21 - x11)  
	

for test in range(readint()):
	dbg(""Test %d\n"" % (test + 1))
	(x11, y11, x12, y12, x13, y13) = readarray(int) 
	(x21, y21, x22, y22, x23, y23) = readarray(int) 

	(m11, m12, b1) = getm(x11, x12, x13, x21, x22, x23)
	(m21, m22, b2) = getm(y11, y12, y13, y21, y22, y23)
	d = m11 * m22 - m12 * m21
	if d == 0:
		if (x11 == x21 and x12 == x22 and x13 == x23 and y11 == y21 and y12 == y22 and y13 == y23):
			print ""Case #%d: %.6f %.6f"" % (test + 1, x11, y11)
		else:
			print ""Case #%d: No solution"" % (test + 1)		
		continue
	d1 = m11 * b2 - b1 * m21
	d2 = b1 * m22 - m12 * b2
	p = 1.0 * d1 / d
	q = 1.0 * d2 / d
	p, q = q, p
	x = (x12 - x11) * p + (x13 - x11) * q + x11
	y = (y12 - y11) * p + (y13 - y11) * q + y11
	
	
	print ""Case #%d: %.6f %.6f"" % (test + 1, x, y) 
#	e1x = x12 - x11
#	e2x =",1
"import java.io.ByteArrayInputStream;
import java.io.IOException;
import java.io.InputStream;
import java.io.PrintWriter;
import java.util.Arrays;
import java.util.Comparator;
import java.util.InputMismatchException;

public class Main {
	static InputStream is;
	static PrintWriter out;
	static String INPUT = """";
	
	static void solve()
	{
		int n = ni(), a = ni(), b = ni();
		int mod = 1000000007;
		int[] c = na(n);
		if(a == 1){
			Arrays.sort(c);
			for(int i = 0;i < n;i++){
				out.println(c[i]%mod);
			}
			return;
		}
		
		long[] cc = new long[n];
		for(int i = 0;i < n;i++)cc[i] = c[i];
		while(b > 0){
			long min = Long.MAX_VALUE;
			int argmin = -1;
			for(int i = 0;i < n;i++){
				if(cc[i] < min){
					min = cc[i];
					argmin = i;
				}
			}
			if(min > mod)break;
			cc[argmin] *= a;
			b--;
		}
		if(b == 0){
			Arrays.sort(cc);
			for(int i = 0;i < n;i++){
				out.println(cc[i]%mod);
			}
			return;
		}
		long[][] oi = new long[n][];
		for(int i = 0;i < n;i++)oi[i] = new long[]{cc[i], i};
		Arrays.sort(oi, new Comparator<long[]>() {
			public int compare(long[] a, long[] b) {
				return Long.compare(a[0], b[0]);
			}
		});
		int base = b/n;
		for(int i = b%n;i < n;i++){
			out.println(oi[i][0]%mod*pow(a, base, mod) % mod);
		}
		for(int i = 0;i < b%n;i++){
			out.println(oi[i][0]%mod*pow(a, base+1, mod) % mod);
		}
	}
	
	public static long pow(long a, long n, long mod) {
		//		a %= mod;
		long ret = 1;
		int x = 63 - Long.numberOfLeadingZeros(n);
		for (; x >= 0; x--)","n,a,b,*s=map(int,(input()+' '+input()).split());c=s.sort;c();d,m=s[-1],10**9+7
if~-a:
	while(s[0]<d)*b:s[0]*=a;b-=1;c()
for i in range(b%n):s[i]*=a
c()
for x in s:print(x*pow(a,b//n,m)%m)",1
"/*
......................................................................................................................................
.....................................  ________ ____ __________________________________________ .....................................
..................................... /  _____/|    |   \      \__    ___/\_   _____/\______   \.....................................
...................................../   \  ___|    |   /   |   \|    |    |    __)_  |       _/.....................................
.....................................\    \_\  \    |  /    |    \    |    |        \ |    |   \.....................................
..................................... \______  /______/\____|__  /____|   /_______  / |____|_  /.....................................
.....................................        \/                \/                 \/         \/ .....................................
......................................................................................................................................
.............................................................,;'';:...................................................................
........................................................+@@@@@@@@@@@@@@'..............................................................
.....................................................#@@@##############@@@:...........................................................
..................","import sys

ns = lambda: sys.stdin.readline().rstrip()
ni = lambda: int(ns())
nm = lambda: map(int, sys.stdin.readline().split())
nms = lambda: map(str, sys.stdin.readline().split())
nl = lambda: list(nm())

n, m = nm()
a = nl()
lis = [0, 2, 5, 5, 4, 5, 6, 3, 7, 6]
dp = [-1 for _ in range(n + 1)]
dp[0] = 0
for i in range(1, n + 1):
    for j in a:
        if i - lis[j] >= 0:
            dp[i] = max(dp[i], dp[i - lis[j]] * 10 + j)
print(dp[n])",0
"package round1b;

import java.io.FileInputStream;
import java.io.FileNotFoundException;
import java.io.FileOutputStream;
import java.util.Arrays;

public class A {
	public static void main(String[] args) throws FileNotFoundException {
		Kattio io;

//		io = new Kattio(System.in, System.out);
//		io = new Kattio(new FileInputStream(""src/round1b/A-sample.in""), System.out);
//		io = new Kattio(new FileInputStream(""src/round1b/A-small-attempt0.in""), new FileOutputStream(""src/round1b/A-small-0.out""));
		io = new Kattio(new FileInputStream(""src/round1b/A-large.in""), new FileOutputStream(""src/round1b/A-large.out""));

		int cases = io.getInt();
		for (int i = 1; i <= cases; i++) {
			io.print(""Case #"" + i + "": "");
			new A().solve(io);
		}
		io.close();
	}

	private void solve(Kattio io) {
        int mySize = io.getInt();
        int n = io.getInt();
        int size[] = new int[n];
        for (int i = 0; i < n; i++) {
            size[i] = io.getInt();
        }
        Arrays.sort(size);

        if (mySize == 1) {
            io.println(n);
            return;
        }
        int best = Integer.MAX_VALUE;
        for (int rem = 0; rem <= n; rem++) {
            int cur = mySize, added = 0;
            for (int i = 0; i < n - rem; i++) {
                if (cur <= size[i]) {
                    cur += (cur-1);
                    added++;
                    i--;
                } else {
                    cur += size[i];
                }
            }
            best = Math","N,M = (int(x) for x in input().split())
group = [[i+1] for i in range(N)]
for i in range(M):
    x,y = (int(p) for p in input().split())
    group[x-1].append(y)
    group[y-1].append(x)
ans = 1

for i in range(2**N):
    cli = []
    for j in range(N):
        if int(i/(2**j)) % 2 != 0:
            cli.append(j+1)
    if len(cli) > ans:
        if (all((k in group[cli[j]-1] for j in range(len(cli)) for k in cli))):
            ans = len(cli)

print(ans)",0
"/*
......................................................................................................................................
.....................................  ________ ____ __________________________________________ .....................................
..................................... /  _____/|    |   \      \__    ___/\_   _____/\______   \.....................................
...................................../   \  ___|    |   /   |   \|    |    |    __)_  |       _/.....................................
.....................................\    \_\  \    |  /    |    \    |    |        \ |    |   \.....................................
..................................... \______  /______/\____|__  /____|   /_______  / |____|_  /.....................................
.....................................        \/                \/                 \/         \/ .....................................
......................................................................................................................................
.............................................................,;'';:...................................................................
........................................................+@@@@@@@@@@@@@@'..............................................................
.....................................................#@@@##############@@@:...........................................................
..................","n, m = map(int, input().split())
if n > 11:
    n -= 12

x = 30 * n + 0.5 * m
y = 6 * m
x, y = sorted((x, y))
z = y - x

if z > 180:
    z = 360 - z

print(z)",0
"import java.io.*;
import java.util.*;

public class Solution implements Runnable {


	private StringTokenizer st;
	private BufferedReader in;
	private PrintWriter out;
	
	final String file = ""B-large"";
	
	static class Point implements Comparable<Point> {
		int p, count;
		
		Point(int p, int count) {
			this.p = p;
			this.count = count;
		}

		@Override
		public int compareTo(Point o) {
			return p - o.p;
		}
	}

	public void solve(int test) throws IOException {
		out.print(""Case #"" + (test + 1) + "": "");
		int n = nextInt();
		int d = nextInt();
		Point[] ps = new Point[n];
		for (int i = 0; i < n; ++i) {
			ps[i] = new Point(nextInt(), nextInt());
		}
		Arrays.sort(ps);
		double l = 0., r = 1e15;
		loop: for (int it = 0; it < 200; ++it) {
			double t = (l + r) / 2;
			double last = Double.NEGATIVE_INFINITY;
			for (Point p : ps) {
				for (int i = 0; i < p.count; ++i) {
					double x = Math.max(last + d, p.p - t);
					if (x > p.p + t) {
						l = t;
						continue loop;
					}
					last = x;
				}
			}
			r = t;
		}
		out.println(r);
	}

	public void run() {
		try {
			in = new BufferedReader(new FileReader(file + "".in""));
			out = new PrintWriter(file + "".out"");
			eat("""");
			
			int tests = nextInt();
			for (int test = 0; test < tests; ++test) {
				solve(test);
			}
			
			out.close();
		} catch (Exception e) {
			e.printStackTrace();
			failed = true;
		}
	}
	
	void eat(String s) {
		st = new StringTokenizer(s);
	}
	
	String next() throws IOException {
		while (!st.h","import sys
inp = sys.stdin
MAX = 1 << 50

T = int(inp.readline())
for cas in xrange(1, T + 1):
  print ""Case #%d:"" % cas,
  parts = inp.readline().strip().split(' ')
  C = int(parts[0])
  D = int(parts[1]) * 2
  points = []
  vends = dict()
  for i in xrange(C):
    parts = inp.readline().strip().split(' ')
    P = int(parts[0]) * 2
    V = int(parts[1])
    points.append(P)
    vends[P] = V
  points.sort()
  lowest = points[0]
  highest = points[-1]
  b = MAX
  l = -1
  while b > 0:
    x = l + b
    target = -(1 << 100)
    ok = True
    for p in points:
      if not ok: break
      for _ in xrange(vends[p]):
        if target < p:
          target = max(target, p - x)
        else:
          if p + x < target:
            ok = False
            break
        target += D
    if not ok:
      l = x
    b >>= 1
  ans = l + 1
  assert ans < MAX / 2
  print ""%.1f"" % (ans * 0.5)",1
"import java.io.*;
import java.util.*;

public class Main {
    private static InputStream is;
    private static PrintWriter out;
    private static String INPUT = """";

    void solve() {
        int n = ni(), k = ni() - 1;
        out.println((n + k - 2) / k);
    }

    public static void main(String[] args) throws Exception {
        long S = System.currentTimeMillis();
        is = INPUT.isEmpty() ? System.in : new ByteArrayInputStream(INPUT.getBytes());
        out = new PrintWriter(System.out);

        new Main().solve();
        out.flush();
        long G = System.currentTimeMillis();
        tr(G - S + "" ms"");
    }

    private static boolean eof() {
        if (lenbuf == -1) return true;
        int lptr = ptrbuf;
        while (lptr < lenbuf)
            if (!isSpaceChar(inbuf[lptr++])) return false;

        try {
            is.mark(1000);
            while (true) {
                int b = is.read();
                if (b == -1) {
                    is.reset();
                    return true;
                } else if (!isSpaceChar(b)) {
                    is.reset();
                    return false;
                }
            }
        } catch (IOException e) {
            return true;
        }
    }

    private static byte[] inbuf = new byte[1024];
    static int lenbuf = 0, ptrbuf = 0;

    private static int readByte() {
        if (lenbuf == -1) throw new InputMismatchException();
        if (ptrbuf >= lenbuf) {
            ptrbuf = 0;","S = input()

s = 0
e = 1
split_S = []

for i in range(1, len(S)):
    if S[i-1] == S[i]:
        e += 1
    else:
        split_S.append(S[s:e])
        s = e
        e = e+1
split_S.append(S[s:e])

ans = ''
for s in split_S:
    ans += s[0] + str(len(s))

print(ans)",0
"import java.io.File;
import java.io.FileNotFoundException;
import java.io.PrintWriter;
import java.util.Scanner;

public class C {
	int n,k;
	
	boolean[][] a;
	
	boolean[] used;
	int[] par;
	    
	public boolean go(int v) {
		if (used[v]) return false;
		used[v] = true;
		
		for (int i = 0; i < n; i++) {
			if ((a[v][i]) && (par[i] == -1 || go(par[i]))) {
				par[i] = v;
				return true;
			}
		}
		
		return false;
	}
	
	public void run() throws FileNotFoundException {
		Scanner input = new Scanner(new File(""input.txt""));
		PrintWriter output = new PrintWriter(new File(""output.txt""));
			
		int t = input.nextInt();
		
		for (int tt = 0; tt < t; tt++) {
			n = input.nextInt();
			k = input.nextInt();
			
			int[][] prices = new int[n][k];
			a = new boolean[n][n];
			
			for (int i = 0; i < n; i++)
				for (int j = 0; j < k; j++) prices[i][j] = input.nextInt();
			
			for (int i = 0; i < n; i++)
				for (int j = 0; j < n; j++) {
					boolean ok = true;
					for (int z = 0; z < k; z++)
						if (prices[i][z] >= prices[j][z]) {
							ok = false;
							break;
						}
					
					a[i][j] = ok;
				}
			
			used = new boolean[n];
			par = new int[n];
			for (int i = 0; i < n; i++) par[i] = -1;
			
			for (int i = 0; i < n; i++) {
				used = new boolean[n];
				go(i);
			}
			
			int ans = n;
			for (int i = 0; i < n; i++)
				if (par[i] != -1) ans--;
			
			output.println(""Case #""+(tt+1)+"": ""+ans);
			
		}
		
		
		input.close(); output.close();	
	}
	
	public static void main(Strin","def main():
    n, a, b = map(int, input().split())
    ss = [int(input()) for _ in range(n)]
    s_min = min(ss)
    s_max = max(ss)
    if s_min == s_max:
        print(-1)
        return
    p = b / (s_max - s_min)
    q = a - sum(ss) * p / n
    print(p, q)


if __name__ == ""__main__"":
    main()",0
"/*
????????????????long???????
???split??contains??????""+""??????????????""\\+""???
 */
import sun.reflect.generics.tree.Tree;

import java.util.*;
import java.awt.*;
import static java.lang.System.*;
import static java.lang.Math.*;
public class Main {
    public static void main(String[] $) {
        Scanner sc = new Scanner(in);
        int n = sc.nextInt();
        long[] ans = new long[n + 1];
        ArrayList<Integer>[] sub = new ArrayList[n + 1];
        int[] boss = new int[n + 1];
        for (int i = 1; i <= n; i++) {
            sub[i] = new ArrayList<>();
        }
        for (int i = 2; i <= n; i++) {
            boss[i] = sc.nextInt();
            sub[boss[i]].add(i);
        }
        Queue<Integer> q=new ArrayDeque<>();
        TreeSet<Integer> ts=new TreeSet<>();
        q.add(1);
        while (!q.isEmpty()){
            int p=q.poll();
            for (Integer k:sub[p]){
                if(sub[k].size()==0){
                    ts.add(p);
                    ans[k]=1;
                }
                q.add(k);
            }
        }
        for (Integer k:ts){
            q.add(k);
        }
        while (!q.isEmpty()){
            int p=q.poll();
            long t=1,max=0,min=Long.MAX_VALUE;
            for (Integer k:sub[p]){
                t*=ans[k];
                max=max(max,ans[k]);
                min=min(min,ans[k]);
            }
            if(t!=0){
                ans[p]=max+min+1;
                if(p!=1)q.add(boss[p]);
            }","n=int(input())
edges=[[0]*n for i in range(n)]
for i in range(n-1):
  b=int(input())
  edges[b-1][i+1]=1

def dfs(u):
  if 1 not in edges[u]:
    return 1
  else:
    ls=[]
    for v in range(len(edges[u])):
      if edges[u][v]==1:
        ls.append(dfs(v))
  return max(ls)+min(ls)+1
print(dfs(0))",1
"import java.io.IOException;
import java.io.InputStream;
import java.io.OutputStream;
import java.io.PrintWriter;
import java.util.*;

/*
                   _ooOoo_
                  o8888888o
                  88"" . ""88
                  (| -_- |)
                  O\  =  /O
               ____/`---'\____
             .'  \\|     |//  `.
            /  \\|||  :  |||//  \
           /  _||||| -:- |||||-  \
           |   | \\\  -  /// |   |
           | \_|  ''\---/''  |   |
           \  .-\__  `-`  ___/-. /
         ___`. .'  /--.--\  `. . __
      ."""" '<  `.___\_<|>_/___.'  >'"""".
     | | :  `- \`.;`\ _ /`;.`/ - ` : | |
     \  \ `-.   \_ __\ /__ _/   .-` /  /
======`-.____`-.___\_____/___.-`____.-'======
                   `=---='
^^^^^^^^^^^^^^^^^^^^^^^^^^^^^^^^^^^^^^^^^^^^^
            pass System Test!
*/

public class Main {
  private static class Task {

    void dfs(int cur, int pos, int[] num, int[] cnt, TreeSet<Integer> set) {
      if (pos == num.length) {
        set.add(cur);
        return;
      }
      dfs(cur, pos + 1, num, cnt, set);
      for (int i = 0; i < cnt[pos]; i++) {
        cur *= num[pos];
        dfs(cur, pos + 1, num, cnt, set);
      }
    }

    ArrayList<Integer> divisors(int N) {
      TreeMap<Integer, Integer> map = new TreeMap<>();
      for (long i = 2; i * i <= N; i++) {
        if (N % i != 0) continue;
        int count = 0;
        while (N % i == 0) {
          N /= i;
          count++;
        }
        map.put((int) i, count);","n=input()
sum=0
for i in range(len(n)):
  sum+=int(n[i])
print(""Yes"" if int(n)%sum==0 else ""No"")",0
"import java.util.*;
public class Main {
	public static void main(String[] args){
		Scanner sc = new Scanner(System.in);
		// ?????
	    int A = sc.nextInt();
	    int B = sc.nextInt();
	    int C = sc.nextInt();
	    System.out.println(Math.min(B/A, C));
	  }
}","a, b, c = [int(s) for s in input().split(' ')]

print(c) if b // a > c else print(b // a)",1
"import java.util.Arrays;
import java.util.Scanner;

public class Main {
		public static void main(String[] args) {
		Main main = new Main();
		main.solve();
	}

	void solve() {
		Scanner sc = new Scanner(System.in);
        int n = sc.nextInt();
        long[] A = new long[n];
        for(int i=0;i<n;i++) A[i]=sc.nextLong();
        Arrays.sort(A);
        sc.close();
        long[] sum = new long[n];
        sum[0]=A[0];
        for(int i=1;i<n;i++) sum[i]=sum[i-1]+A[i];
        int res = 1;
        for(int i=n-1;i>=1;i--){
            if(A[i]<=2*sum[i-1]) res++;
            else break;
        }        
        System.out.println(res);
	}
}","def check(s, t):
    from collections import Counter
    sc = Counter(s)
    tc = Counter(t)
    return sorted(sc.values()) == sorted(tc.values())

print(['No','Yes'][check(input(),input())])",0
"import java.util.Scanner;
import java.util.Arrays;
import java.io.File;
import java.io.PrintWriter;
import java.io.FileNotFoundException;

public class B {
    private static final int INF = 1000000000;

    public static void main(String[] args) throws FileNotFoundException {
        Scanner in = new Scanner(new File(""B.in""));
        PrintWriter out = new PrintWriter(""B.out"");

        int t = in.nextInt();
        in.nextLine();
        for (int tn = 0; tn < t; tn++) {
            out.println(""Case #"" + (tn + 1) + "": "" + solve(in));
            System.out.println("""" + (tn + 1) + "" of "" + t);
        }

        out.close();

    }

    static int h, w, f;
    static char[][] a;

    private static String solve(Scanner in) {
        h = in.nextInt();
        w = in.nextInt();
        f = in.nextInt();
        a = new char[h + 1][w + 2];
        for (int i = 0; i < h; i++) {
            a[i][0] = '#';
            a[i][w + 1] = '#';
            String s = in.next();
            for (int j = 0; j < w; j++) {
                a[i][j + 1] = s.charAt(j);
            }
        }
        Arrays.fill(a[h], '#');
        int j = 1;
        while (a[0][j + 1] == '.' && a[1][j + 1] == '#') j++;

        for (int[][] ints : z) {
            for (int[] anInt : ints) {
                Arrays.fill(anInt, -1);
            }
        }

        int res = count(0, 1, j);

        return res == INF ? ""No"" : ""Yes "" + res;
    }

    static int[][][] z = new int[52][52][52];

    private static int","# -*- coding: utf-8 -*-
def inpl(): return tuple(map(int, input().split()))

n = int(input())
A = inpl()
mod = 10**9 + 7

fct = [1]
inv = [1]

for i in range(1, n+2):
    fct.append((fct[-1]*i)%mod)
    inv.append((pow(fct[i], mod-2, mod)))

def comb(n, k):
    if k < 0 or k > n:
        return 0
    return (fct[n] * inv[n - k] * inv[k]) % mod    

C = ["""" for i in range(n+1)]

for l, a in enumerate(A):
    if type(C[a]) == int:
        i, j = C[a], l
        break
    else:
        C[a] = l

print(n)

for k in range(2, n+2):
    total = comb(n+1, k)
    b = comb(n+i-j, k-1)
    res = (total-b)%(mod)
    print(res)",0
"import java.io.ByteArrayInputStream;
import java.io.IOException;
import java.io.InputStream;
import java.io.PrintWriter;
import java.util.Arrays;
import java.util.InputMismatchException;

public class Main {
	static InputStream is;
	static PrintWriter out;
	static String INPUT = """";
	
	static void solve()
	{
		int n = ni(), x = ni()-1, y = ni()-1;
		int[][] gx = ng(n);
		int[][] gy = ng(n);
		int[][] psx = parents3(gx, x);
		int[][] psy = parents3(gy, y);
		int[] parx = psx[0], depx = psx[2];
		int[] pary = psy[0], depy = psy[2];
		int[][] spary = logstepParents(pary);
		boolean[] safe = new boolean[n];
		// A???1, B???3??????????
		for(int i = 0;i < n;i++){
			if(i != x){
				int la = parx[i], lb = i;
				int lca = lca2(la, lb, spary, depy);
				if((depx[la] < depy[la] || depx[lb] < depy[lb]) && depy[la] + depy[lb] - 2*depy[lca] >= 3){
					safe[parx[i]] = true;
					safe[i] = true;
				}
			}
		}
		// dA < dB?????????????????
		int[] q = new int[n];
		int p = 0;
		q[p++] = x;
		boolean[] ved = new boolean[n];
		ved[x] = true;
		for(int z = 0;z < p;z++){
			int cur = q[z];
			if(depx[cur] < depy[cur]){
				for(int e : gx[cur]){
					if(!ved[e] && depx[e] <= depy[e]){
						ved[e] = true;
						q[p++] = e;
					}
				}
			}
		}
		int maxdy = 0;
		for(int i = 0;i < n;i++){
			if(ved[i]){
				maxdy = Math.max(maxdy, depy[i]);
				if(safe[i]){
					out.println(-1);
					return;
				}
			}
		}
		out.println(maxdy*2);
	}
	
	public static int lca2(int a, int b, int[][] spar, int[]","N = int(input())
ans = []

#??? n?? -> 10?? ??????
#(ex)??
#(-9)%(-2)  -> -1  //???1??????? *(-1)
#(-9)//(-2) -> 4   //???5??????? +1
# 5%(-2)    -> -1  //???1??????? *(-1)
# 5//(-2)   -> -3  //???-2??????? +1
while(1):
  if(N == 1):
    ans.append('1')
    break
  elif(N == 0):
    ans.append('0')
    break
  if(N%(-2) == -1): 
    ans.append('1')
    N = N//(-2) + 1
  else: 
    ans.append('0')
    N = N//(-2) 

ans.reverse()
ans_str = ''.join(ans)
print(ans_str)",0
"import java.util.*;

public class Main {
    public static void main(String[] args)  {
        Scanner sc=new Scanner(System.in);
      String po=sc.nextLine();
      String popo=sc.nextLine();
      for(int i=0;i<popo.length();i++){
      	System.out.print(po.substring(i,i+1)+popo.substring(i,i+1));
      }
      System.out.println((po.length()==popo.length())?"""":po.substring(po.length()-1,po.length()));
    }
}","w_dic = {}
for _ in range(int(input())):
    s = input()
    w_dic[s[::-1]] = s
#print(w_dic)
for c in sorted(w_dic.keys()):
    print(w_dic[c])",0
"import java.io.*;
import java.util.Arrays;
import java.util.Locale;
import java.util.Random;
import java.util.StringTokenizer;
import java.util.concurrent.ExecutorService;
import java.util.concurrent.Executors;
import java.util.concurrent.Future;

public class C {
	
	public static final int MAX_LENGTH = 10;
	Random rand = new Random();

	class TestCase implements Runnable {
		final int testId;

		char[] s;
		int n;
		int[][] best;

		public TestCase(int testId) {
			this.testId = testId;
			readInput();
		}

		public synchronized void readInput() {
			s = nextToken().toCharArray();
			//s = generateTest(4000).toCharArray();
			n = s.length;
		}

		@Override
		public void run() {
			best = new int[6][n + 1];
			for (int[] a : best) {
				Arrays.fill(a, Integer.MAX_VALUE / 2);
			}
			best[5][0] = 0;
			for (int pos = 0; pos <= n; ++pos) {
				System.err.println(""  "" + pos);
				for (String word : dictionary) {
					if (word.length() > pos) {
						continue;
					}
					int prev = pos - word.length();
					int first = -1, last = -1;
					boolean bad = false;
					int add = 0;
					int prErr = -1;
					for (int i = 0; i < word.length(); ++i) {
						if (word.charAt(i) != s[prev + i]) {
							++add;
							last = i;
							if (first < 0) {
								first = i;
							} else if (last - prErr < 5) {
								bad = true;
								break;
							}
							prErr = i;
						}
					}
					if (bad) {
						continue;
					}

					boolean hasErrors = false;
					if (first < 0) {
						first = 5","from functools import reduce
import math

def main():
    # ????2????????
    # '101' ? '5'
    # ??????'0b'????int()????
    # binary = int('0b'+'101',0)

    # 2????????bit????
    # 101(0x5) ? 2
    # cnt_bit = bin(5).count('1')
    
    # N! ????
    # f = math.factorial(N)
    
    # ????
    # 4 // 3
    # ????
    #-(-4 // 3)
    
    # ????:??????(100?)
    # 1e10

    # ????:??????(-100?)
    # -1e10
    
    # 1?????????
    # ??:2
    # a = input().rstrip()
    # ??:a='2'
    
    # ??????????????????????
    # ??:2 4 5 7
    # a, b, c, d = (int(_) for _ in input().split())  
    # ??:a=2 b=4 c=5 d =7
    
    # 1??????????????????
    # ??:2 4 5 7
    # a = list(int(_) for _ in input().split())
    # ??:a = [2, 4, 5, 7]    

    # 1??????????????????
    # ??:2457
    # a = list(int(_) for _ in input())
    # ??:a = [2, 4, 5, 7]    
    a = int(input().rstrip())
    b = int(input().rstrip())
    if a > b:
        print('GREATER')
    elif b > a:
        print('LESS')
    else:
        print('EQUAL')
    
if __name__ == '__main__':
    main()",0
"import java.io.*;
import java.util.*;

public class A {

	BufferedReader br;
	PrintWriter out;
	StringTokenizer st;
	boolean eof;

	enum InputType {
		SAMPLE, SMALL, LARGE;
	}

	static final InputType currentInputType = InputType.LARGE;
	static final int attemptNumber = 0; // for small inputs only

	static final String DIRS = ""^>v<"";
	static final int[] DX = { -1, 0, 1, 0 };
	static final int[] DY = { 0, 1, 0, -1 };
	
	boolean outside(char[][] f, int x, int y, int dir) {
		int dx = DX[dir];
		int dy = DY[dir];
		int r = f.length;
		int c = f[0].length;
		x += dx;
		y += dy;
		while (x >= 0 && x < r && y >= 0 && y < c && f[x][y] == '.') {
			x += dx;
			y += dy;
		}
		if (x >= 0 && x < r && y >= 0 && y < c) {
			return false;
		}
		return true;
	}

	void solve() throws IOException {
		int r = nextInt();
		int c = nextInt();
		char[][] f = new char[r][];
		for (int i = 0; i < r; i++) {
			f[i] = nextToken().toCharArray();
		}
		
		int ans = 0;
		
		for (int i = 0; i < r; i++)
			outer: for (int j = 0; j < c; j++) {
				int d = DIRS.indexOf(f[i][j]);
				if (d == -1) {
					continue;
				}
				if (outside(f, i, j, d)) {
					ans++;
					for (d = 0; d < 4; d++) {
						if (!outside(f, i, j, d)) {
							continue outer;
						}
					}
					out.println(""IMPOSSIBLE"");
					return;
				}
			}
		out.println(ans);
	}

	void inp() throws IOException {
		switch (currentInputType) {
		case SAMPLE:
			br = new BufferedReader(new InputStreamReader(System.in));
			out = new PrintWriter(Syste","N = 0

def match(S, D):
    INF = 9999
    StoD = [INF] * len(S)
    DtoS = [INF] * len(D)
    seenS = set()
    
    def search(pathS, pathD):
        i = pathS[-1]
        if i in seenS:
            return None
        seenS.add(i)
        s = S[i]
        
        for j, d in enumerate(D):
            if StoD[i] == j:
                continue
            if (s+d) % 2 == 0 and 1 <= (s+d)/2 <= N and 1 <= (s-d)/2 <= N:
                if DtoS[j] == INF:
                    return pathS, pathD + [j]
                else:
                    path = search(pathS + [DtoS[j]], pathD + [j])
                    if path is not None:
                        return path
        return None
    
    while True:
        seenS = set()
        for i, s in enumerate(S):
            if StoD[i] != INF:
                continue
            path = search([i], [])
            if path is not None:
                for i, j in zip(path[0], path[1]):
                    StoD[i] = j
                    DtoS[j] = i
                break
        else:
            break
    return {((S[i]+D[j])/2, (S[i]-D[j])/2) for i, j in enumerate(StoD) if j != INF}

IN = open('input.txt', 'r')
OUT = open('output.txt', 'w')

NUM_TESTS = int(IN.readline())

for test in xrange(NUM_TESTS):
    rook = set()
    bishop = set()
    N, M = map(int,IN.readline().split())
    for _ in xrange(M):
        sym, x, y = IN.readline().split()
        x, y = int(x), int(y)
        if sym != '+':
            rook.add((x, y))",0
"import java.util.Scanner;

public class Main {

	public static void main(String[] args) {
		
		Scanner sc = new Scanner(System.in);
        
		String s = sc.next();
		
		System.out.println(s.replaceAll("","", "" ""));
    }

}","from Queue import PriorityQueue
    
class Tribe:
    def __init__(self, d, n, w, e, s, delta_d, delta_p, delta_s):
        self.d = d
        self.n = n
        self.w = w
        self.e = e
        self.s = s
        self.delta_d = delta_d
        self.delta_p = delta_p
        self.delta_s = delta_s
    def evolve(self):
        self.d += self.delta_d
        self.w += self.delta_p
        self.e += self.delta_p
        self.s += self.delta_s
        self.n -= 1
    def __lt__(self, other):
        return self.d < other.d

for t in range(1, int(raw_input()) + 1):
    print ""Case #""+str(t)+"":"",
    N = int(raw_input())
    Q = PriorityQueue()
    current_day = -1
    old_wall = [0]*1000
    new_wall = [0]*1000
    offset = 500
    successfulAttacks = 0
    for n in range(N):
        d, n, w, e, s, delta_d, delta_p, delta_s = [int(x) for x in raw_input().split()]
        Q.put(Tribe(d,n,w,e,s,delta_d,delta_p,delta_s))
    while not Q.empty():
        current = Q.get()
        failed = False
        if current_day != current.d:
            old_wall = [x for x in new_wall]
            current_day = current.d
        for i in range(current.w + offset,current.e + offset):
            if old_wall[i] < current.s:
                new_wall[i] = max(new_wall[i], current.s)
                failed = True
        if failed:
            successfulAttacks += 1
        current.evolve()
        if current.n >0:
            Q.put(current)
    print successfulAttacks",0
"import java.io.File;
import java.io.FileNotFoundException;
import java.io.PrintWriter;
import java.util.Arrays;
import java.util.Scanner;

public class A {

    public static void main(String[] args) throws FileNotFoundException {
        Scanner in = new Scanner(new File(A.class.getSimpleName() + "".in""));
        PrintWriter out = new PrintWriter(new File(A.class.getSimpleName() + "".out""));
        int T = in.nextInt();
        for (int i = 0; i < T; i++) {
            String s = ""Case #"" + (i + 1) + "": "" + new A().solve(in);
            out.println(s);
            System.out.println(s);
        }
        out.close();
    }

    private String solve(Scanner in) {
        long b = in.nextLong();
        int n = 37;
        long[] a = new long[n];
        int nn = in.nextInt();
        for (int i = 0; i < nn; i++) {
            a[i] = in.nextLong();
        }
        Arrays.sort(a);
        double max = 0;
        for (int i = 0; i < n - 1; i++) {
            long l = a[i] - 1;
            long r = a[n - 1] - 1;
            while (r > l + 1) {
                long m = (l + r) / 2;
                long s = 0;
                for (int j = 0; j < n; j++) {
                    if (j <= i)
                        s += (m - a[j]);
                    else if (a[j] < m + 1) {
                        s += (m + 1 - a[j]);
                    }
                }
                if (s > b) {
                    r = m;
                } else {
                    l = m;
                }","WRONG = False

def comp(c, m):
    b = 0
    gain = 0
    ret = 0
    for i in range(c):
        b += m - Xs[i]


    gain = b
    for i in range(c, len(Xs)):
        if Xs[i] <= m:
            b += m + 1 - Xs[i]

    if b > B:
        return WRONG

    return 36 * gain / c - b



def solve():
    global B, N, Xs
    B, N = map(int, input().split())
    Xs = sorted([0] * (37 - N) + list(map(int, input().split())))

    ans = 0

    for i in range(1, 38):
        l = max(1, Xs[i - 1]) - 1
        r = B + Xs[36] + 1
        while l + 1 < r:
            m = (l + r) // 2
            ret = comp(i, m)
            if ret is WRONG:
                r = m
            else:
                ans = max(ans, ret)
                if m + 1 == r:
                    break
                ret2 = comp(i, m + 1)
                if ret2 is WRONG:
                    r = m
                elif ret < ret2:
                    l = m
                else:
                    r = m

    return ans

T = int(input())
for tn in range(T):
    print(""Case #{0}: {1:.10f}"".format(tn + 1, solve()))",1
"import java.util.Comparator;
import java.util.TreeSet;

public class Main {
    private static java.util.Scanner scanner = new java.util.Scanner(System.in);

    public static void main(String[] args) {
        int n = scanner.nextInt(), m = scanner.nextInt();
        City[] cities = new City[m];
        @SuppressWarnings(""unchecked"")
        TreeSet<City>[] a = new TreeSet[n];
        for (int i = 0, p; i < m; i++) {
            cities[i] = new City(p = scanner.nextInt(), scanner.nextInt());
            if (a[p - 1] == null)
                a[p - 1] = new TreeSet<>(Comparator.comparingInt(city -> city.y));
            a[p - 1].add(cities[i]);
        }
        for (TreeSet<City> citySet : a) {
            if (citySet != null) {
                int i = 0;
                for (City city : citySet) {
                    city.o = ++i;
                }
            }
        }
        for (City city : cities) {
            System.out.println(String.format(""%06d%06d"", city.p, city.o));
        }
    }

    static class City {
        int p, y, o;

        City(int p, int y) {
            this.p = p;
            this.y = y;
        }
    }
}","N, M = map(int, input().split())

py = []
for i in range(M):
    py.append(list(map(int, input().split())))
    py[i].append(i)

py.sort(key=lambda x: (x[0], x[1]))

number = []
for i in range(M):
    if i == 0:
        ct = 1
        number.append((str(py[i][0]).zfill(6) + str(ct).zfill(6), py[i][2]))
    else:
        if py[i-1][0] == py[i][0]:
            ct += 1
            number.append((str(py[i][0]).zfill(6) + str(ct).zfill(6), py[i][2]))
        else:
            ct = 1
            number.append((str(py[i][0]).zfill(6) + str(ct).zfill(6), py[i][2]))

number.sort(key=lambda x: x[1])

for i in number:
    print(i[0])",1
"import java.util.Scanner;

class Main{
  public static void main(String args[]) {

    Scanner scanner = new Scanner(System.in);
    //???????
    int x = scanner.nextInt();
    //x? 3 OR 5 OR 7??
    if(x == 3 || x == 5 || x == 7){
      System.out.println(""YES"");
    //???????
    }else{
      System.out.println(""NO"");
    }
  }
}","x = int(input())
if x == 3 or x == 5 or x == 7:
    print(""YES"")
else:
    print(""NO"")",1
"import java.util.Scanner;

public class Main {
	public static void main(String[] args) {
		Scanner sc = new Scanner(System.in);
		int n=sc.nextInt();
		int[] a1=new int[n];
		int[] a2=new int[n];
		int[] s1=new int[n];
		int[] s2=new int[n];
		
		for(int i=0;i<n;i++) a1[i]=sc.nextInt();
		for(int i=0;i<n;i++) a2[i]=sc.nextInt();
		
		s1[0]=a1[0]; s2[n-1]=a2[n-1];
		for(int i=1;i<n;i++) s1[i]=s1[i-1]+a1[i];
		for(int i=n-2;i>=0;i--) s2[i]=s2[i+1]+a2[i];
		
		int score=0;
		for(int i=0;i<n;i++) score=Math.max(score, s1[i]+s2[i]);
		
		System.out.println(score);
	}
}","N = int(input())
_A1 = [int(x) for x in input().split()]
_A2 = [int(x) for x in input().split()]


A1 = [0] * (N)
A2 = [0] * (N)

for i in range(0, N):
    if i == 0:
        A1[i] = _A1[i]
        A2[i] = _A2[i]
    else:
        A1[i] = A1[i - 1] + _A1[i]
        A2[i] = A2[i - 1] + _A2[i]

sum = 0

for i in range(0, N):
    u = A1[i]
    if i == 0:
        d = A2[N - 1]
    else:
        d = A2[N - 1] - A2[i-1]
    sum = max(u+d, sum)

print(sum)",1
"import java.util.Scanner;

public class Main {

	public static void main(String[] args) {
		Scanner sc = new Scanner(System.in);
		String W = sc.next();
		System.out.println(r(r(r(r(r(W, ""a""), ""i""), ""u""), ""e""), ""o""));
	}

	public static String r(String W, String s) {
		return W.replace(s, """");
	}

}","s = input()
for char in s:
    if char != 'a' and char != 'i' and char != 'u' and char != 'e' and char != 'o':
        print(char,end="""")
print()",1
"import java.io.*;
import java.util.*;


public class Main implements Runnable {

  @SuppressWarnings(""unchecked"")
  public void run() {
    BetterScanner scanner = new BetterScanner(System.in);

    int n = scanner.nextInt();
    long a = scanner.nextLong();
    long b = scanner.nextLong();

    long[] hh = new long[n];
    for (int i = 0 ; i < n ; i ++) {
      hh[i] = scanner.nextLong();
    }

    long l = 0;
    long r = 1000000005;
    while (true) {
      if (l + 1 >= r) {
        break;
      }
      long m = (l + r) / 2;
      long req = 0;
      for (int i = 0 ; i < n ; i ++) {
        long rest = hh[i] - b * m;
        if (rest > 0) {
          req += (rest - 1) / (a - b) + 1;
        }
      }
      if (req <= m) {
        r = m;
      } else {
        l = m;
      }
    }

    System.out.println(r);
  }

  public static void main(String[] args) {
    Main main = new Main();
    main.run();
  }
 
  public static class BetterScanner {
 
    private InputStream stream;
    private byte[] buffer = new byte[1024];
    private int pointer = 0;
    private int bufferLength = 0;
 
    public BetterScanner(InputStream stream) {
      this.stream = stream;
    }
 
    private boolean updateBuffer() {
      if (pointer >= bufferLength) {
        pointer = 0;
        try {
          bufferLength = stream.read(buffer);
        } catch (IOException exception) {
          exception.printStackTrace();
        }
        return bufferLength > 0;
      } else {
        return true;","# python template for atcoder1
import sys
sys.setrecursionlimit(10**9)
input = sys.stdin.readline


def ceil(x):
    return int((-x)//1*(-1))


N, A, B = map(int, input().split())
hp = [int(input()) for _ in range(N)]
diff = A-B


def check(x, HP):
    cnt = 0
    for i in range(N):
        if HP[i]-B*x <= 0:
            break
        else:
            cnt += ceil((HP[i]-B*x)/diff)
    return cnt <= x


def solve2():
    HP = sorted(hp, reverse=True)
    mi = HP[0]//A
    ma = ceil(HP[0]/B)
    while mi <= ma:
        mid = (mi+ma)//2
        if check(mid, HP):
            ma = mid-1
        else:
            mi = mid+1
    print(mi)


def check2(x, hp):
    l = [a-B*x for a in hp]
    ret = 0
    for a in l:
        if a <= 0:
            continue
        else:
            ret += ceil(a/diff)
    return ret <= x


def solve3():
    mi = max(hp)//A
    ma = ceil(max(hp)/B)
    while mi <= ma:
        mid = (mi+ma)//2
        if check2(mid, hp):
            ma = mid-1
        else:
            mi = mid+1
    print(mi)


solve3()",1
"import java.util.Scanner;

public class Main{

	public static void main(String[] args) {
		Scanner scn = new Scanner(System.in);
		char[] str = scn.nextLine().toCharArray();
		boolean a=false,b=false,c=false;
		for(int i = 0;i < 3;i++) {
			if(str[i] == 'a')a = true;
			if(str[i] == 'b')b = true;
			if(str[i] == 'c')c = true;
		}
		System.out.println(a&&b&&c?""Yes"":""No"");
	}

}","N, X = map(int, input().split())
maisuu = [1]
patimaisuu = [1]
for i in range(1,N + 1):
    maisuu.append(2 * maisuu[i - 1] + 3)
    patimaisuu.append(2 * patimaisuu[i - 1] + 1)

def pati(l, n):
    if n == 0:
        return 0
    elif l == 0:
        return 1
    elif n == 1:
        return 0
    elif 2 <= n <= maisuu[l] // 2:
        return pati(l - 1, n - 1)
    else:
        return pati(l - 1, n - maisuu[l - 1] - 2) + 1 + patimaisuu[l - 1]

print(pati(N, X))",0
"import java.io.*;
import java.util.*;
public class Main {
	
	public static void main(String[] args) {
	
		MyScanner sc = new MyScanner();
		String s_a=sc.next();
		String s_b=sc.next();
		String s_c=sc.next();
		int la=s_a.length();
		int lb=s_b.length();
		int lc=s_c.length();
		int a=la;
		int b=lb;
		int c=lc;
		char turn='a';
		String ans=null;
		boolean end=false;
		while(!end) {
			switch(turn) {
			case('a'):
				if(a==0) {
					end=true;
					ans=""A"";
					break;
				}
				turn=s_a.charAt(la-a);
				a--;
				
				break;
				
				
			case('b'):
				if(b==0) {
					end=true;
					ans=""B"";
					break;
				}
				turn=s_b.charAt(lb-b);
				b--;
				
				break;
			
			case('c'):
				if(c==0) {
					end=true;
					ans=""C"";
					break;
				}
				turn=s_c.charAt(lc-c);
				c--;
		
				break;
			}
		}
		
	
		System.out.println(ans);
	}
	
	public static PrintWriter out;

	public static class MyScanner {
		BufferedReader br;
		StringTokenizer st;

		public MyScanner() {
			br = new BufferedReader(new InputStreamReader(System.in));
		}

		String next() {
			while (st == null || !st.hasMoreElements()) {
				try {
					st = new StringTokenizer(br.readLine());
				} catch (IOException e) {
					e.printStackTrace();
				}
			}
			return st.nextToken();
		}

		int nextInt() {
			return Integer.parseInt(next());
		}

		long nextLong() {
			return Long.parseLong(next());
		}

		double nextDouble() {
			return Double.parseDouble(next());
		}

		String nextLine() {
			String str = """";
			t","#7
n = int(input())
a = []
b = [0]*n
k = 0
for i in range(n):
    s = input()
    if s not in a:
        a.append(s)
        b[k] +=1
        k += 1
    else:
        b[a.index(s)] += 1
print(a[b.index(max(b))])",0
"import java.util.Scanner;
public class Main {
    public static void main(String[] args) {
        Scanner sc = new Scanner(System.in);
        String n = sc.next();
        if (n.charAt(0) == n.charAt(1) && n.charAt(1) == n.charAt(2)
            && n.charAt(2) == n.charAt(3)) {
            System.out.println(""SAME"");
            return;
        }
        System.out.println(""DIFFERENT"");
    }
}","n = int(input())
a = list(map(int, input().split()))
occur = [0 for i in range(n + 1)]
MOD = 1000000007
for i in range(n + 1):
    if occur[a[i]] > 0: val = n - 1 - i + occur[a[i]]
    else: occur[a[i]] = i + 1
inv = [0 if i > 2 else 1 for i in range(n + 2)]
pinv = [0 if i > 2 else 1 for i in range(n + 2)]
perm = [0 if i > 2 else 1 for i in range(n + 2)]
for i in range(2, n + 2):
    inv[i] = -int(MOD / i) * inv[MOD % i] + MOD
    pinv[i] = pinv[i - 1] * inv[i] % MOD
    perm[i] = perm[i - 1] * i % MOD
def C(n, m):
    return (perm[m] * pinv[n] % MOD) * pinv[m - n] % MOD if n <= m else 0
for i in range(1, n + 2):
    temp = C(i, n + 1) - C(i - 1, val)
    if temp < 0: temp += MOD
    print(temp)",0
"import java.io.OutputStream;
import java.io.IOException;
import java.io.InputStream;
import java.io.PrintWriter;
import java.util.InputMismatchException;
import java.io.IOException;
import java.io.InputStream;

/**
 * Built using CHelper plug-in
 * Actual solution is at the top
 */
public class Main {
    public static void main(String[] args) {
        InputStream inputStream = System.in;
        OutputStream outputStream = System.out;
        FastScanner in = new FastScanner(inputStream);
        PrintWriter out = new PrintWriter(outputStream);
        TaskA solver = new TaskA();
        solver.solve(1, in, out);
        out.close();
    }

    static class TaskA {
        public void solve(int testNumber, FastScanner in, PrintWriter out) {
            int a = in.nextInt();
            int b = in.nextInt();
            int n = in.nextInt();
            while (n % a != 0 || n % b != 0)
                n++;
            out.println(n);
        }

    }

    static class FastScanner {
        private InputStream in;
        private byte[] buffer = new byte[1024];
        private int bufPointer;
        private int bufLength;

        public FastScanner(InputStream in) {
            this.in = in;
            this.bufPointer = 0;
            this.bufLength = 0;
        }

        private int readByte() {
            if (bufPointer >= bufLength) {
                if (bufLength == -1)
                    throw new InputMismatchException();

                bufPointer = 0;","from fractions import gcd
a, b = int(input()), int(input())
n = int(input())
ans = a * b // gcd(a, b)
i = 1
while ans*i < n:
    i += 1
print(ans * i)",1
"import java.io.IOException;
import java.io.InputStream;
import java.util.Arrays;
import java.util.NoSuchElementException;


public class Main {
  public static void main(String[] args) {
    FastScanner sc = new FastScanner();
    int N = sc.nextInt();
    int[][] p = sc.nextIntTable(N, 4);
    
    double[][] d = new double[N][N];
    
    for (int i = 0; i < N; i ++) {
      for (int j = 0; j < N; j ++) {
        if (i != j) {
          //i:??? j:????
          double v = Math.min(p[i][2], p[j][3]);
          double dx = p[i][0] - p[j][0];
          double dy = p[i][1] - p[j][1];
          double len = Math.sqrt(dx * dx + dy * dy);

          d[i][j] = len / v;
        } else {
          d[i][j] = Integer.MAX_VALUE;
        }
      }
    }
    double[] ret = dijk(d, 0);
    Arrays.sort(ret);
    
    double max = 0;
    for (int i = 1; i < N; i ++) {
      double time = N - i - 1;
      max = Math.max(max, time + ret[i]);
    }
    System.out.printf(""%.9f\n"", max);
  }
  
  public static double[] dijk(double[][] g, int from){
    int n = g.length;
    double[] td = new double[n];
    Arrays.fill(td, Double.POSITIVE_INFINITY);
    td[from] = 0;
    
    boolean[] fixed = new boolean[n];
    for(int i = 0;i < n;i++){
        double min = Double.POSITIVE_INFINITY;
        int arg = -1;
        for(int j = 0;j < n;j++){
            if(!fixed[j] && td[j] < min){
                min = td[j];
                arg = j;
            }
        }
        fixed[arg] = true;
        for(i","import sys
from itertools import product
from math import hypot


def dijkstra(v_count: int, edges: list, start: int,
             *, adj_matrix: bool = False, unreachable=float(""inf"")) -> list:
    """""" ??????
    :param v_count: ???
    :param edges: ?????(?????or????)
    :param start: ????????
    :param adj_matrix: edges??????????????True
    :param unreachable: ???????????
                        ???????????????????????????
    """"""
    from heapq import heappush, heappop

    vertices = [unreachable] * v_count
    vertices[start] = 0
    q, rem = [(0, start)], v_count - 1

    while q and rem:
        cost, v = heappop(q)
        if vertices[v] < cost:
            continue
        rem -= 1

        dests = enumerate(edges[v]) if adj_matrix else edges[v]

        for dest, _cost in dests:
            newcost = cost + _cost
            if vertices[dest] > newcost:
                vertices[dest] = newcost
                heappush(q, (newcost, dest))

    return vertices


N = int(input())
a = [list(map(int, l.split())) for l in sys.stdin]
matrix = [[0]*N for _ in [0]*N]
for (i, (x1, y1, t1, r1)), (j, (x2, y2, t2, r2)) in product(enumerate(a), repeat=2):
    if i == j:
        continue
    matrix[i][j] = hypot(x1-x2, y1-y2) / (t1 if t1 < r2 else r2)
costs = [0] + [i+n for i, n in enumerate(sorted(dijkstra(N, edges=matrix, start=0, adj_matrix=True), reverse=True)[:-1])]
print(max(costs))",1
"import java.util.*;
import java.util.stream.IntStream;

public class Main {

    public static boolean found = false;

    public static void main(String[] args){
        Scanner sc = new Scanner(System.in);

        int n = sc.nextInt();
        int k = sc.nextInt();

        long ans = k;

        for (int i = 0; i < n - 1; i++) {
            ans *= (k - 1);
        }
        System.out.println(ans);
    }

}","def a_prime(N):
    if N == 1:
        return 'Not Prime'  # 1????????????

    is_prime = True
    for k in range(2, int(N**0.5) + 1):
        if N % k == 0:
            is_prime = False
            break

    if is_prime:
        ans = 'Prime'
    else:
        n_str = str(N)
        cond = [N % 10 not in (0, 2, 4, 5, 6, 8), sum(map(int, str(N))) % 3 != 0]
        ans = 'Prime' if all(cond) else 'Not Prime'
    return ans

N = int(input())
print(a_prime(N))",0
"import java.util.Scanner;

public class Main {

    public static void main(String[] args) {
        Scanner sc = new Scanner(System.in);
        int a = sc.nextInt();
        int b = sc.nextInt();
        if (a <= b) {
            System.out.println(a);
            return;
        }
        System.out.println(a - 1);
    }

}","a, b = map(int, input().split())
for i in range(1, 13):
    if a > b:
        ans = a - 1
    else:
        ans = a
print(ans)",1
"import java.io.*;
import java.util.*;
import java.math.*;

public class Main implements Runnable {
	BufferedReader in;
	BufferedWriter out;
	
	public String readword() throws IOException {
		int c = in.read();
		while( c >= 0 && c < ' ' ) c = in.read();
		if (c < 0) return """";
		StringBuilder builder = new StringBuilder();
		while (c > ' ') {
			builder.append((char)c);
			c = in.read();
		}
		return builder.toString();
	}
	
	public void solve() throws Exception {
		int n = Integer.parseInt(readword());
		int a[][] = new int[3][3];
		long A,B,C,D,x0,y0,M;
		A = Long.parseLong(readword());
		B = Long.parseLong(readword());
		C = Long.parseLong(readword());
		D = Long.parseLong(readword());
		x0 = Long.parseLong(readword());
		y0 = Long.parseLong(readword());
		M = Long.parseLong(readword());

		for( int i = 0; i < n; i++) {
			a[(int)(x0%3)][(int)(y0%3)]++;
			x0 = (A*x0+B)%M;
			y0 = (C*y0+D)%M;
		}
		
		long result = 0;
		for(int i = 0; i < 9; i++) {
			for(int j = i; j < 9; j++) {
				for(int k = j; k < 9; k++) {
					if( (i%3+j%3+k%3) % 3 != 0 ) continue;
					if((i/3+j/3+k/3) % 3 != 0) continue;
					if( i == j && j == k ) {
						long cc = a[i%3][i/3];
						result += cc*(cc-1)*(cc-2) / 6;
					} else {
						if( i == j ) {
							long cc1 = a[j%3][j/3];
							long cc2 = a[k%3][k/3];
							result += cc1 * (cc1 - 1) / 2 * cc2;
						} else {
							if( j == k ) {
								long cc1 = a[j%3][j/3];
								long cc2 = a[i%3][i/3];
								result += cc1 * (cc1 - 1) / 2 * cc2;","from collections import Counter, defaultdict
import math
import random
from decimal import Decimal, ROUND_HALF_UP, ROUND_CEILING
from functools import lru_cache, reduce
from itertools import combinations_with_replacement, product, combinations


def read_int():
    return int(input())


def read_int_n():
    return list(map(int, input().split()))


def read_str():
    return input()


def read_str_n():
    return list(map(str, input().split()))


def mt(f):
    import time
    import sys

    def wrap(*args, **kwargs):
        s = time.time()
        ret = f(*args, **kwargs)
        e = time.time()

        print(e - s, 'sec', file=sys.stderr)
        return ret

    return wrap


@mt
def slv(S, X, P):
    X_ = [[P[i], [x]] for i, x in enumerate(X)]
    i = 0
    j = len(X_) - 1
    # while len(X_) != 1:
    while i < j:

        if X_[i][0] >= X_[j][0]:
            X_[i][0] += X_[j][0]
            X_[i][1] += X_[j][1]
            j -= 1
        else:
            X_[j][0] += X_[i][0]
            X_[j][1] += X_[i][1]
            i += 1

    t = 0
    pos = S
    p0 = S
    p1 = S
    for o in X_[i][1]:
        if p0 < o < p1:
            continue

        t += abs(pos - o)
        if o < pos:
            p0 = o
        else:
            p1 = o
        pos = o

    return t


def main():

    N, S = read_int_n()
    X = []
    P = []
    for _ in range(N):
        x, p = read_int_n()
        X.append(x)
        P.append(p)

    # import random
    # N = 100000
    # S = N / 2",0
"/**
 * Created at 7:17 on 2019/03/07
 */

import java.io.*;
import java.util.*;

public class Main {

  static FastScanner sc = new FastScanner();

  public static void main(String[] args) {

    int N = sc.nextInt();

    System.out.println(1110 - N);

  }

  static class FastScanner {
    private final InputStream in = System.in;
    private final byte[] buffer = new byte[1024];
    private int ptr = 0;
    private int buflen = 0;

    private boolean hasNextByte() {
      if (ptr < buflen) {
        return true;
      } else {
        ptr = 0;
        try {
          buflen = in.read(buffer);
        } catch (IOException e) {
          e.printStackTrace();
        }
        if (buflen <= 0) {
          return false;
        }
      }
      return true;
    }

    private int readByte() {
      if (hasNextByte()) return buffer[ptr++];
      else return -1;
    }

    private static boolean isPrintableChar(int c) {
      return 33 <= c && c <= 126;
    }

    private void skipUnprintable() {
      while (hasNextByte() && !isPrintableChar(buffer[ptr])) ptr++;
    }

    public boolean hasNext() {
      skipUnprintable();
      return hasNextByte();
    }

    public String next() {
      if (!hasNext()) throw new NoSuchElementException();
      StringBuilder sb = new StringBuilder();
      int b = readByte();
      while (isPrintableChar(b)) {
        sb.appendCodePoint(b);
        b = readByte();
      }
      return sb.toString();
    }

    public long nextLong() {
      i","s = input()
t = int(input())
x = 0
y = 0
q = 0
for i in s:
    if i==""U"":
        y += 1
    elif i==""D"":
        y -= 1
    elif i==""L"":
        x -= 1
    elif i==""R"":
        x += 1
    else:
        q += 1
if t == 1:
    print(abs(x)+abs(y)+q)
else:
    d = abs(x)+abs(y)
    if d>q:
        print(d-q)
    else:
        if (d-q)%2==0:
            print(0)
        else:
            print(1)",0
"import java.io.BufferedReader;
import java.io.BufferedWriter;
import java.io.FileReader;
import java.io.FileWriter;
import java.io.IOException;
import java.io.PrintWriter;
import java.util.StringTokenizer;


public class Rotate {
	public static void main(String args[]) throws IOException{
		BufferedReader in = new BufferedReader(new FileReader(""A-large.in""));
		PrintWriter out = new PrintWriter(new BufferedWriter(new FileWriter(""A.out"")));
		int N,K, cases;
		cases = Integer.parseInt(in.readLine());
		double gold = (1+Math.sqrt(5))/2;
		for(int i=1; i<=cases; i++) {
			StringTokenizer st = new StringTokenizer(in.readLine());
			N = Integer.parseInt(st.nextToken());
			K = Integer.parseInt(st.nextToken());
			char board[][] = new char[N][N];
			for(int r=0; r<N; r++) {
				String s = in.readLine();
				String t = """";
				for(int c=0; c<N; c++) if(s.charAt(c)!='.') t+=s.charAt(c);
				while(t.length()<N) t = "".""+t;
				for(int c=0; c<N; c++) 
					board[r][c] = t.charAt(c);
			}
			
			boolean red = false;
			boolean blue = false;
			
			char last = '.';
			int streak = 0;
			for(int r=0; r<N; r++){
				last = '.';
				streak = 0;
				for(int c=0; c<N; c++) {
					if(board[r][c]=='.'||board[r][c]!=last) {
						streak = 1;
						last = board[r][c];
					}
					else {
						streak++;
						if(streak==K) {
							if(last=='R') red = true;
							if(last=='B') blue = true;
						}
					}
				}
			}
			
			for(int c=0; c<N; c++){
				last = '.';
				streak = 0;
				for(int r=0; r<N","a=[int(input())for _ in[0]*int(input())]*2
if len(set(a))<2:
  print(-1)
  exit()
b=c=m=0
for i in a:
  if i:
    b+=1
    m=max(m,b,c)
    c=0
  else:
    c+=1
    m=max(m,b,c)
    b=0
print(~-m//2+1)",0
"/*
 * To change this template, choose Tools | Templates
 * and open the template in the editor.
 */
package gcj;

import java.io.BufferedReader;
import java.io.FileNotFoundException;
import java.io.FileReader;
import java.io.PrintWriter;
import java.util.ArrayList;
import java.util.StringTokenizer;
import java.util.regex.Pattern;

/**
 *
 * @author superlukia
 */
public class QR_Q3 {

    /**
     * @param args the command line arguments
     */
    public static void main(String[] args) throws Exception {
        // TODO code application logic here
        new QR_Q3().run();



    }
    int N;
    int[] map=new int[256];
    int mod=10000;
    void run() throws Exception {
        BufferedReader br = new BufferedReader(new FileReader(""C-large.in""));
        PrintWriter pw = new PrintWriter(""QR_Q3.out"");
        N = Integer.parseInt(br.readLine());
        String ph=""welcome to code jam"";
        int l=ph.length();
        digest(ph);

        for (int n_case = 1; n_case <= N; n_case++) {
            String line=br.readLine();
            int[] result=new int[l+1];
            result[0]=1;
            for(int i=0;i<line.length();i++){
                char c=line.charAt(i);
                int amap=map[c];
                for(int i_p=0;i_p<l;i_p++){
                    if((amap & 1<<i_p)==0){
                    }
                    else{
                        result[i_p+1]=(result[i_p]+result[i_p+1]) % mod;
                    }
                }
            }","n = int(input())
f = [input().split(' ') for _ in range(n)]
p = [input().split(' ') for _ in range(n)]
res = -10 ** 7 * n
for num in range(1, 1024):
  tmp = 0
  for index in range(0, n):
    tmp += int(p[index][len([True for x in range(0, 10) if f[index][x]=='{:010b}'.format(num)[x]=='1'])])
  res = max(tmp, res)
print(res)",0
"import static java.lang.Math.*;
import static java.util.Arrays.*;
import java.io.*;
import java.util.*;

public class B {
	Scanner sc = new Scanner(System.in);
	
	int N;
	long P;
	
	void read() {
		N = sc.nextInt();
		P = sc.nextLong();
	}
	
	void solve() {
		if (P == 1L << N) {
			System.out.println((P - 1) + "" "" + (P - 1));
			return;
		}
		P--;
		long[] a = new long[N];
		for (int i = 0; i < N; i++) {
			a[N - i - 1] = P % 2;
			P /= 2;
		}
		int i1 = 0;
		while (a[i1] == 1) i1++;
		System.out.print((1L << (i1 + 1)) - 2);
		System.out.print("" "");
		int i0 = 0;
		while (i0 < N && a[i0] == 0) i0++;
		boolean b0 = true;
		for (int i = i0; i < N; i++) if (a[i] != 1) b0 = false;
		if (b0) {
			System.out.println((1L << N) - (1L << (i0)));
		} else {
			System.out.println((1L << N) - (1L << (i0 + 1)));
		}
	}
	
	void run() {
		int caseN = sc.nextInt();
		for (int caseID = 1; caseID <= caseN; caseID++) {
			read();
			System.out.printf(""Case #%d: "", caseID);
			solve();
			System.out.flush();
		}
	}
	
	void debug(Object...os) {
		System.err.println(deepToString(os));
	}
	
	public static void main(String[] args) {
		try {
//			System.setIn(new BufferedInputStream(new FileInputStream(args.length > 0 ? args[0] : (B.class.getName() + "".in""))));
		} catch (Exception e) {
		}
		new B().run();
	}
}","#!/usr/bin/python
T = int(input())

for test in range(1, T + 1):
    N, P = [int(x) for x in input().split()]

    step = (1 << N)
    answer = 0
    while step > 0:
        if answer + step < (1 << N):
            answer += step
            aux = answer

            rounds = 0
            position = 0
            while aux >= (1 << rounds):
                aux -= (1 << rounds)
                rounds += 1
                position += (1 << (N - rounds))

            if position >= P:
                answer -= step
        step >>= 1
    answer2 = 0
    step = (1 << N)
    while step > 0:
        if answer2 + step < (1 << N):
            answer2 += step
            aux = (1 << N) - answer2 - 1

            rounds = 0
            position = (1 << N) - 1
            while aux >= (1 << rounds):
                aux -= (1 << rounds)
                rounds += 1
                position -= (1 << (N - rounds))

            if position >= P:
                answer2 -=step

        step >>= 1
    print(""Case #"" + str(test) + "":"", answer, answer2)",1
