code1,code2,label
"public static boolean checkZero (Object toCheck) {
    final Class < ? > numerics = new Class < ? > [] {int.class, double.class, float.class, long.class, short.class, byte.class, Integer.class, Double.class, Float.class, Long.class, Short.class, Byte.class};
    try {
        Class < ? > clazz = toCheck.getClass ();
        Field [] fields = clazz.getDeclaredFields ();
        for (Field field : fields) {
            Class < ? > type = field.getType ();
            boolean isNumeric = false;
            for (Class < ? > numeric : numerics) {
                if (type.equals (numeric)) {
                    isNumeric = true;
                    break;
                }
            }
            if (isNumeric) {
                Object value = field.get (toCheck);
                if (value == 0) {
                    return true;
                }
            }
        }
    } catch (Exception e) {
        e.printStackTrace ();
    }
    return false;
}","public static boolean checkZero (Object toCheck) {
    final Class < ? > numerics = new Class < ? > [] {int.class, double.class, float.class, long.class, short.class, byte.class, Integer.class, Double.class, Float.class, Long.class, Short.class, Byte.class};
    try {
        Class < ? > clazz = toCheck.getClass ();
        Field [] fields = clazz.getDeclaredFields ();
        for (Field field : fields) {
            boolean isNumeric = false;
            for (Class < ? > numeric : numerics) {
                if (field.getType().equals(numeric)) {
                    isNumeric = true;
                }
            }
            if (isNumeric) {
                Object value = field.get (toCheck);
                if (value != null && value instanceof Number && ((Number)value).intValue() == 0) {
                    return true;
                }
            }
        }
    } catch (Exception e) {
        e.printStackTrace ();
    }
    return false;
}",0
"public static void main (String [] args) {
    try {
        Robot robot = new Robot ();
        BufferedImage bi = robot.createScreenCapture (new Rectangle (Toolkit.getDefaultToolkit ().getScreenSize ()));
        ImageIO.write (bi, ""jpg"", new File (""C:/imageTest.jpg""));
    } catch (AWTException e) {
        e.printStackTrace ();
    } catch (IOException e) {
        e.printStackTrace ();
    }
}




public static void main(String[] args) {
    try {
        Robot robot = new Robot();
        Dimension screenSize = Toolkit.getDefaultToolkit().getScreenSize();
        BufferedImage bi = robot.createScreenCapture(new Rectangle(0,0, screenSize.width, screenSize.height));
        File outputfile = new File(""C:/imageTest.jpg"");
        ImageIO.write(bi, ""jpg"", outputfile);
    } catch (AWTException|IOException e) {
        e.printStackTrace();
    }
}","public static void main (String args []) {
    inp = new Scanner (System.in);
    String str = inp.nextLine ();
    List < Character > arrlist = new ArrayList < Character > ();
    for (int i = 0;
    i < str.length (); i ++) {
        arrlist.add (str.charAt (i));
    }
    for (int i = 0;
    i < str.length (); i ++) {
        int freq = Collections.frequency (arrlist, str.charAt (i));
        System.out.println (""Frequency of "" + str.charAt (i) + ""  is:   "" + freq);
    }
}





public static void main(String[] args) {
    Scanner inp = new Scanner(System.in);
    String str = inp.nextLine();
    Map<Character, Integer> map = new LinkedHashMap<>();
    for (char c : str.toCharArray()) {
        map.put(c, map.getOrDefault(c, 0) + 1);
    }
    map.entrySet().forEach(entry-> System.out.println(""Frequency of "" + entry.getKey() + ""  is:   "" + entry.getValue()));
}",1
"public void onCreate (Bundle savedInstanceState) {
    super.onCreate (savedInstanceState);
    tv = new TextView (this);
    this.setContentView (tv);
    SimpleDateFormat formatter = new SimpleDateFormat (""dd.MM.yyyy, HH:mm"");
    String oldTime = ""19.02.2018, 12:00"";
    String NewTime = ""20.02.2018, 14:00"";
    Date oldDate, newDate;
    try {
        oldDate = formatter.parse (oldTime);
        newDate = formatter.parse (NewTime);
        oldLong = oldDate.getTime ();
        NewLong = newDate.getTime ();
        diff = NewLong - oldLong;
    } catch (ParseException e) {
        e.printStackTrace ();
    }
    MyCount counter = new MyCount (diff, 1000);
    counter.start ();
}","public void onCreate (Bundle savedInstanceState) {
    super.onCreate (savedInstanceState);
    tv = new TextView (this);
    this.setContentView (tv);
    SimpleDateFormat formatter = new SimpleDateFormat (""dd.MM.yyyy, HH:mm"");
    String startTime = ""21.04.2018, 10:00"";
    String endTime = ""21.04.2018, 12:00"";
    Date startDate, endDate;
    try {
        startDate = formatter.parse (startTime);
        endDate = formatter.parse (endTime);
        startLong = startDate.getTime ();
        endLong = endDate.getTime ();
        diff = endLong - startLong;
    } catch (ParseException e) {
        e.printStackTrace ();
    }
    MyCount counter = new MyCount (diff, 1000);
    counter.start ();
}",0
"public static void main (String...args) {
    final int MAX_VAL = 10000;
    List < Integer > linkedList = new LinkedList < Integer > ();
    List < Integer > arrayList = new ArrayList < Integer > ();
    for (int i = 0;
    i < MAX_VAL; i ++) {
        linkedList.add (i);
        arrayList.add (i);
    }
    long time = System.nanoTime ();
    for (int i = 0;
    i < MAX_VAL; i ++) {
        linkedList.add (MAX_VAL / 2, i);
    }
    System.out.println (""LL time:\t"" + (System.nanoTime () - time));
    time = System.nanoTime ();
    for (int i = 0;
    i < MAX_VAL; i ++) {
        arrayList.add (MAX_VAL / 2, i);
    }
    System.out.println (""AL time:\t"" + (System.nanoTime () - time));
    linkedList = new LinkedList < Integer > ();
    arrayList = new ArrayList < Integer > ();
    for (int i = 0;
    i < MAX_VAL; i ++) {
        linkedList.add (i);
        arrayList.add (i);
    }
    time = System.nanoTime ();
    ListIterator < Integer > li = linkedList.listIterator (MAX_VAL / 2);
    for (int i = 0;
    i < MAX_VAL; i ++) {
        li.add (i);
    }
    System.out.println (""LL iterator:\t"" + (System.nanoTime () - time));
    time = System.nanoTime ();
    ListIterator < Integer > ali = arrayList.listIterator (MAX_VAL / 2);
    for (int i = 0;
    i < MAX_VAL; i ++) {
        ali.add (i);
    }
    System.out.println (""AL iterator:\t"" + (System.nanoTime () - time));
}","public static void main (String...args) {
    final int MAX_VAL = 10000;
    List < Integer > linkedList = new LinkedList < Integer > ();
    List < Integer > arrayList = new ArrayList < Integer > ();
    for (int i = 0;
    i < MAX_VAL; i ++) {
        linkedList.add (i);
        arrayList.add (i);
    }
    long time = System.nanoTime ();
    for (int i = 0;
    i < MAX_VAL; i ++) {
        linkedList.add (MAX_VAL / 3, i);
    }
    System.out.println (""LL time:\t"" + (System.nanoTime () - time));
    time = System.nanoTime ();
    for (int i = 0;
    i < MAX_VAL; i ++) {
        arrayList.add (MAX_VAL / 3, i);
    }
    System.out.println (""AL time:\t"" + (System.nanoTime () - time));
    linkedList = new LinkedList < Integer > ();
    arrayList = new ArrayList < Integer > ();
    for (int i = 0;
    i < MAX_VAL; i ++) {
        linkedList.add (i);
        arrayList.add (i);
    }
    time = System.nanoTime ();
    ListIterator < Integer > li = linkedList.listIterator (MAX_VAL / 3);
    for (int i = 0;
    i < MAX_VAL; i ++) {
        li.add (i);
    }
    System.out.println (""LL iterator:\t"" + (System.nanoTime () - time));
    time = System.nanoTime ();
    ListIterator < Integer > ali = arrayList.listIterator (MAX_VAL / 3);
    for (int i = 0;
    i < MAX_VAL; i ++) {
        ali.add (i);
    }
    System.out.println (""AL iterator:\t"" + (System.nanoTime () - time));
}",0
"private static int solution (int N) {
    int gap = 0;
    String binaryStr = Integer.toBinaryString (N);
    String [] zeroArrays = binaryStr.split (""1"");
    System.out.println (Arrays.toString (zeroArrays));
    for (String zeroArray : zeroArrays) {
        gap = zeroArray.length () > gap ? zeroArray.length () : gap;
    }
    return gap;
}




 private static int solution(int N) {
    BitSet bs = BitSet.valueOf(new long[]{N});
    int lastSetBit = -1;
    int maxGap = 0;
    for (int i = bs.nextSetBit(0); i != -1; i = bs.nextSetBit(i+1)) {
        if (lastSetBit >= 0) {
            maxGap = Math.max(maxGap, i - lastSetBit - 1);
        }
        lastSetBit = i;
    }
    return maxGap;
}","public static final String deriveCurveName (PrivateKey privateKey) throws GeneralSecurityException {
    if (privateKey instanceof java.security.interfaces.ECPrivateKey) {
        final java.security.interfaces.ECPrivateKey pk = (java.security.interfaces.ECPrivateKey) privateKey;
        final ECParameterSpec params = pk.getParams ();
        return deriveCurveName (EC5Util.convertSpec (params, false));
    } else if (privateKey instanceof org.bouncycastle.jce.interfaces.ECPrivateKey) {
        final org.bouncycastle.jce.interfaces.ECPrivateKey pk = (org.bouncycastle.jce.interfaces.ECPrivateKey) privateKey;
        return deriveCurveName (pk.getParameters ());
    } else throw new IllegalArgumentException (""Can only be used with instances of ECPrivateKey (either jce or bc implementation)"");
}


 public static final String deriveCurveName (PrivateKey privateKey) throws GeneralSecurityException { if (privateKey instanceof java.security.interfaces.ECPrivateKey || privateKey instanceof org.bouncycastle.jce.interfaces.ECPrivateKey) {
        String result = null;
        if (privateKey instanceof java.security.interfaces.ECPrivateKey) {
            final java.security.interfaces.ECPrivateKey pk = (java.security.interfaces.ECPrivateKey) privateKey;
            final ECParameterSpec params = pk.getParams ();
            result = deriveCurveName (EC5Util.convertSpec (params, false));
        } else {
            final org.bouncycastle.jce.interfaces.ECPrivateKey pk = (org.bouncycastl",1
"public Node reverse (Node previous, Node current) {
    if (previous == null) return null;
    if (previous.equals (head)) previous.setNext (null);
    if (current == null) {
        head = previous;
        return head;
    } else {
        Node temp = current.getNext ();
        current.setNext (previous);
        reverse (current, temp);
    }
    return null;
}","public Node reverse(Node prev, Node curr) {
    if (prev == null) return null;
    if (prev.equals(head)) prev.setNext(null);
    if (curr == null) {
        head = prev;
        return head;
    }
    Node temp = curr.getNext();
    curr.setNext(prev);
    reverse(current, temp);
    return null;
}",0
"public void run () {
    try {
        synchronized (lock) {
            for (int i = 0;
            i < 5; i ++) {
                while (id != token % N) lock.wait ();
                System.out.println (id + "" "" + i);
                token ++;
                lock.notifyAll ();
            }
        }
    } catch (InterruptedException e) {
        e.printStackTrace ();
    }
}","public void run() {
    try {
        synchronized (lock) {
            for (int i = 0; i < 5; i++) {
                while (id != token % N) {
                    lock.wait();
                }
                System.out.println(id + "" "" + i);
                token++;
                lock.notifyAll();
            }
        }
    } catch (InterruptedException e) {
        e.printStackTrace();
    }
}",0
"public String startOz (String str) {
    int len = str.length ();
    if (len < 1) return new String ("""");
    if (len > 1 && str.charAt (0) == 'o' && str.charAt (1) == 'z') return new String (""oz"");
    if (str.charAt (0) == 'o') return new String (""o"");
    if (str.charAt (1) == 'z') return new String (""z"");
    return new String ("""");
}




public String startOz(String str) {
    String ans = """";
    if (str.length() >= 1 && str.charAt(0)=='o') {
        ans += str.charAt(0);
    }
    if (str.length() >= 2 && str.charAt(1)=='z') {
       ans += str.charAt(1);
    }
    return ans;
}","public String getName (String value) {
    boolean negative = false;
    if (value.startsWith (""-"")) {
        negative = true;
        value = value.substring (1);
    }
    int decimals = value.indexOf (""."");
    String decimalValue = null;
    if (0 <= decimals) {
        decimalValue = value.substring (decimals + 1);
        value = value.substring (0, decimals);
    }
    String name = processor.getName (value);
    if ("""".equals (name)) {
        name = ZERO_TOKEN;
    } else if (negative) {
        name = MINUS.concat (SEPARATOR).concat (name);
    }
    if (! (null == decimalValue || """".equals (decimalValue))) {
        String zeroDecimalValue = """";
        for (int i = 0;
        i < decimalValue.length (); i ++) {
            zeroDecimalValue = zeroDecimalValue + ""0"";
        }
        if (decimalValue.equals (zeroDecimalValue)) {
            name = name.concat (SEPARATOR).concat (UNION_AND).concat (SEPARATOR).concat (""zero"").concat (SEPARATOR).concat (SCALE.getName (- decimalValue.length ()));
        } else {
            name = name.concat (SEPARATOR).concat (UNION_AND).concat (SEPARATOR).concat (processor.getName (decimalValue)).concat (SEPARATOR).concat (SCALE.getName (- decimalValue.length ()));
        }
    }
    return name;
}





public String getNameFromValue (String value) {
    boolean negative = value.startsWith (""-"");
    value = negative ? value.substring (1) : value;
    int decimals = value.indexOf (""."");
    String decimalValue = decimals != -1 ? ",1
"public int solution (int N) {
    int result = 0;
    while (N > 0) {
        if ((N & 1) == 1) {
            int temp = 0;
            while ((N>>= 1) > 0 && ((N & 1) != 1)) {
                temp ++;
            }
            result = Math.max (result, temp);
        } else {
            N>>= 1;
        }
    }
    return result;
}","public int solution (int N) {
    int result = 0;
    while (N > 0) {
        if ((N & 1) == 1) {
            int temp = 0;
            while ((N>>= 1) > 0 && ((N & 1) != 1)) {
                temp += 3;
            }
            result = Math.max (result, temp);
        } else {
            N>>= 1;
        }
    }
    return result;
}",0
"public static void main (String [] args) {
    String input = ""(A,Name1,200), (A,Name1,200), (R,Name1,200), (A,Name2,900), (A,Name2,500)"";
    String [] scoreSets = input.split (""\\),"");
    List < Score > scoreList = new ArrayList < Score > ();
    for (String score : scoreSets) {
        score = score.trim ().substring (1);
        int closeBrace = score.indexOf (')');
        if (closeBrace == score.length () - 1) {
            score = score.substring (0, score.length () - 1);
        }
        String [] tokens = score.split ("","");
        scoreList.add (new Score (tokens [0], tokens [1], Double.valueOf (tokens [2])));
    }
}


 public static void main(String[] args) {
    String [] inputData = {""(A,Name1,200)"", ""(A,Name1,200)"", ""(R,Name1,200)"", ""(A,Name2,900)"", ""(A,Name2,500)""};
    List<Score> scoreDataList  = new ArrayList<>();
    for(String scoreSet: inputData) {
        String trimmedScore = scoreSet.substring(1);
        int scoreIndex = trimmedScore.lastIndexOf(""("");
        if(scoreIndex == trimmedScore.length() - 1) {
            trimmedScore = trimmedScore.substring(0, trimmedScore.length() - 1);
        }
        String[] score = trimmedScore.split("","");
        scoreDataList.add(new Score(score[0], score[1], Double.valueOf(score[2])));
    }
}","public void actionPerformed (ActionEvent e) {
    System.out.println ();
    System.out.println (""Display Dialogs"");
    for (Window window : Window.getWindows ()) {
        if (window instanceof JDialog) {
            JDialog dialog = (JDialog) window;
            System.out.println (""\t"" + dialog.getTitle () + "" "" + dialog.isDisplayable ());
        }
    }
}





public void actionPerformed(ActionEvent e) {
    System.out.println();
    System.out.println(""Dialogs"");
    for (Window window : JFrame.getWindows()) {
        if (window instanceof JDialog) {
            System.out.println(((JDialog) window).getTitle() + "" Displayable: "" + ((JDialog) window).isDisplayable());
        }
    }
}",1
"public static boolean isBetween (int currentMonth, int currentDay, int fromMonth, int fromDay, int untilMonth, int untilDay) {
    MonthDay current = MonthDay.of (currentMonth, currentDay);
    MonthDay from = MonthDay.of (fromMonth, fromDay);
    MonthDay until = MonthDay.of (untilMonth, untilDay);
    if (from.compareTo (until) <= 0) {
        return from.compareTo (current) <= 0 && current.compareTo (until) <= 0;
    } else {
        return current.compareTo (until) <= 0 || current.compareTo (from) >= 0;
    }
}","public static boolean isInRange (int m1, int d1, int m2, int d2, int m3, int d3) {
    MonthDay current = MonthDay.of (m1, d1);
    MonthDay from = MonthDay.of (m2, d2); 
    MonthDay until = MonthDay.of (m3, d3);

    if (from.compareTo (until) <= 0) {
        return from.compareTo (current) <= 0 && current.compareTo (until) <= 0;
    } else {
        return current.compareTo (until) <= 0 || current.compareTo (from) >= 0;
    }
}",0
"public void actionPerformed (ActionEvent e) {
    String item = (String) mainComboBox.getSelectedItem ();
    Object o = subItems.get (item);
    if (o == null) {
        subComboBox.setModel (new DefaultComboBoxModel ());
    } else {
        subComboBox.setModel (new DefaultComboBoxModel ((String []) o));
    }
}


public void actionPerformed (ActionEvent e) {
    String item = (String) mainComboBox.getSelectedItem ();
    Object o = subItems.get (item);
    DefaultComboBoxModel subCbModel = new DefaultComboBoxModel ();
    if (o == null) {
        subCbModel.addElement("""");
    } else {
        for (String oObj : o){
            subCbModel.addElement(oObj);
        }

    }
    subComboBox.setModel (subCbModel);
}","public static void main (String [] argv) {
    final int x = 123456789;
    int newX = x;
    final double originalLog = Math.floor (Math.log10 (x));
    final int getRidOf = (int) Math.pow (10, originalLog);
    while (originalLog == Math.floor (Math.log10 (newX))) {
        newX -= getRidOf;
    }
    System.out.println (newX);
}


public static void main (String [] argv) {
    double x = 123456789;
    double newX = x;
    double originalLog = Math.floor (Math.log10 (x));
    double getRidOf = Math.pow (10, originalLog);
    while (originalLog == Math.floor (Math.log10 (newX))) {
        newX -= getRidOf;
    }
    System.out.println (newX);
}",1
"public static int solution (int X, int [] A) {
    int [] counter = new int [X + 1];
    int ans = - 1;
    int x = 0;
    for (int i = 0;
    i < A.length; i ++) {
        if (counter [A [i]] == 0) {
            counter [A [i]] = A [i];
            x += 1;
            if (x == X) {
                return i;
            }
        }
    }
    return ans;
}","public static int solution (int X, int [] A) {
    int [] counter = new int [X + 1];
    int answer = -1;
    int count = 0;
    for (int i = 0;
    i < A.length;  i++) {
        if (counter[A[i]] == 0) {
            counter[A[i]] = A[i];
            count += 1;
            if (count == X) {
                answer = i;
            }
        }
    }
    return answer;
}",0
"public CharSequence filter (CharSequence source, int start, int end, Spanned dest, int dstart, int dend) {
    int dotPos = - 1;
    int len = dest.length ();
    for (int i = 0;
    i < len; i ++) {
        char c = dest.charAt (i);
        if (c == '.' || c == ',') {
            dotPos = i;
            break;
        }
    }
    if (dotPos >= 0) {
        if (source.equals (""."") || source.equals ("","")) {
            return """";
        }
        if (dend <= dotPos) {
            return null;
        }
        if (len - dotPos > decimalDigits) {
            return """";
        }
    }
    return null;
}



public CharSequence filter(CharSequence source, int start, int end, Spanned dest, int dstart, int dend) {
    for (int i = start; i < end; i++) {
        if (source.charAt(i) == ',' && dend > i) return """";
    }
    return null;
}","public boolean equals (Object obj) {
    if (this == obj) return true;
    if (obj == null) return false;
    if (getClass () != obj.getClass ()) return false;
    Connection other = (Connection) obj;
    if (dstAddr == null) {
        if (other.dstAddr != null) return false;
    } else if (! dstAddr.equals (other.dstAddr)) return false;
    if (dstPort != other.dstPort) return false;
    if (protocol == null) {
        if (other.protocol != null) return false;
    } else if (! protocol.equals (other.protocol)) return false;
    if (srcAddr == null) {
        if (other.srcAddr != null) return false;
    } else if (! srcAddr.equals (other.srcAddr)) return false;
    if (srcPort != other.srcPort) return false;
    return true;
}




public boolean equals(Object obj) 
{
    if (!(obj instanceof Connection)) 
    {
        return false;
    }
    Connection other = (Connection) obj;
    return this.dstAddr.equals(other.dstAddr) && (this.dstPort == other.dstPort) && 
    this.protocol.equals(other.protocol) && this.srcAddr.equals(other.srcAddr) && (this.srcPort == other.srcPort);
}",1
"public void put (Key key, Value val) {
    if (map.containsKey (key)) {
        put (key, val);
        return;
    }
    while (currentSize >= maxSize) {
        freeSpace ();
    }
    synchronized (this) {
        queue.add (key);
        map.put (key, val);
        currentSize ++;
    }
}","public void put (Key key, Value val) {
    if (map.containsKey (key)) {
        put (key, val);
        return;
    }
    while (currentSize + val.size() > maxSize) {
        freeSpace ();
    }
    synchronized (this) {
        queue.add (key);
        map.put (key, val);
        currentSize += val.size();
    }
}",0
"protected void onCreate (Bundle savedInstanceState) {
    super.onCreate (savedInstanceState);
    setContentView (R.layout.activity_main);
    Window window = this.getWindow ();
    window.addFlags (WindowManager.LayoutParams.FLAG_DISMISS_KEYGUARD);
    window.addFlags (WindowManager.LayoutParams.FLAG_SHOW_WHEN_LOCKED);
    window.addFlags (WindowManager.LayoutParams.FLAG_TURN_SCREEN_ON);
    txtMessage = (TextView) findViewById (R.id.txtMesssage);
    Button buttonOne = (Button) findViewById (R.id.block1);
    Button buttonTwo = (Button) findViewById (R.id.block2);
    Button buttonThree = (Button) findViewById (R.id.block3);
    Button buttonFour = (Button) findViewById (R.id.block4);
    Button buttonFive = (Button) findViewById (R.id.block5);
    Button buttonSix = (Button) findViewById (R.id.block6);
    buttonOne.setOnClickListener (this);
    buttonTwo.setOnClickListener (this);
    buttonThree.setOnClickListener (this);
    buttonFour.setOnClickListener (this);
    buttonFive.setOnClickListener (this);
    buttonSix.setOnClickListener (this);
}


protected void onCreate (Bundle savedInstanceState) {
    super.onCreate (savedInstanceState);
    setContentView (R.id.activity_main);
    Window window = this.getWindow ();
    window.addFlags (WindowManager.LayoutParams.FLAG_DISMISS_KEYGUARD);
    window.addFlags (WindowManager.LayoutParams.FLAG_SHOW_WHEN_LOCKED);
    window.addFlags (WindowManager.LayoutParams.FLAG_TURN_SCREEN_ON);
    txtMessage = (TextView) findViewByI","private void transform (HSSFWorkbook workbookOld, XSSFWorkbook workbookNew, Integer hash, HSSFCellStyle styleOld, XSSFCellStyle styleNew) {
    styleNew.setAlignment (styleOld.getAlignment ());
    styleNew.setBorderBottom (styleOld.getBorderBottom ());
    styleNew.setBorderLeft (styleOld.getBorderLeft ());
    styleNew.setBorderRight (styleOld.getBorderRight ());
    styleNew.setBorderTop (styleOld.getBorderTop ());
    styleNew.setDataFormat (this.transform (workbookOld, workbookNew, styleOld.getDataFormat ()));
    styleNew.setFillBackgroundColor (styleOld.getFillBackgroundColor ());
    styleNew.setFillForegroundColor (styleOld.getFillForegroundColor ());
    styleNew.setFillPattern (styleOld.getFillPattern ());
    styleNew.setFont (this.transform (workbookNew, styleOld.getFont (workbookOld)));
    styleNew.setHidden (styleOld.getHidden ());
    styleNew.setIndention (styleOld.getIndention ());
    styleNew.setLocked (styleOld.getLocked ());
    styleNew.setVerticalAlignment (styleOld.getVerticalAlignment ());
    styleNew.setWrapText (styleOld.getWrapText ());
    this.styleMap.put (hash, styleNew);
}


private void transform (HSSFWorkbook workbookOld, XSSFWorkbook workbookNew, Integer hash, HSSFCellStyle styleOld, XSSFCellStyle styleNew) {
    styleNew.setAlignment(styleOld.getAlignment());
    styleNew.setBorderBottom(styleOld.getBorderBottom());
    styleNew.setBorderLeft(styleOld.getBorderLeft());
    styleNew.setBorderRight(styleOld.getBorderRight());
    styleNew",1
"public static boolean isPermutation (String str1, String str2) {
    char [] x = str1.toCharArray ();
    char [] y = str2.toCharArray ();
    Arrays.sort (x);
    Arrays.sort (y);
    if (Arrays.equals (x, y)) return true;
    return false;
}


public static boolean isPermutation (String str1, String str2) {
    int str1Length = str1.length();
    int str2Length = str2.length();
    if (str1Length != str2Length) return false;
    
    StringBuilder str1Builder = new StringBuilder(str1.toLowerCase());
    StringBuilder str2Builder = new StringBuilder(str2.toLowerCase());
    for (int i = 0; i < str1Length; i++) {
        char ch = str1Builder.charAt(i);
        int index = str2Builder.indexOf(Character.toString(ch));
        if ( index >= 0) {
            str2Builder.deleteCharAt(index);
        } else {
            return false;
        }
    }
    return true;
}","public String nthShortWord (String [] words, int n) {
    int nthShortWord = 0;
    String shortWord = ""notFound"";
    for (int i = 0;
    i < words.length; i ++) {
        if (words [i].length () <= 3) nthShortWord ++;
        if (nthShortWord == n) {
            shortWord = nthShortWord [i];
            break;
        }
    }
    return shortWord;
}


public String nthShortWord (String [] words, int n) {
    String shortWord = ""notFound"";
    int nthShortWord = 0;
    int i = 0;
    while (i < words.length) {
        if (words [i].length () <= 3) {
            nthShortWord ++;
            if (nthShortWord == n) {
                shortWord = nthShortWord [i];
                break;
            }
        }
        i++;
    }
    return shortWord;
}",1
"public String getName (String value) {
    boolean negative = false;
    if (value.startsWith (""-"")) {
        negative = true;
        value = value.substring (1);
    }
    int decimals = value.indexOf (""."");
    String decimalValue = null;
    if (0 <= decimals) {
        decimalValue = value.substring (decimals + 1);
        value = value.substring (0, decimals);
    }
    String name = processor.getName (value);
    if ("""".equals (name)) {
        name = ZERO_TOKEN;
    } else if (negative) {
        name = MINUS.concat (SEPARATOR).concat (name);
    }
    if (! (null == decimalValue || """".equals (decimalValue))) {
        String zeroDecimalValue = """";
        for (int i = 0;
        i < decimalValue.length (); i ++) {
            zeroDecimalValue = zeroDecimalValue + ""0"";
        }
        if (decimalValue.equals (zeroDecimalValue)) {
            name = name.concat (SEPARATOR).concat (UNION_AND).concat (SEPARATOR).concat (""zero"").concat (SEPARATOR).concat (SCALE.getName (- decimalValue.length ()));
        } else {
            name = name.concat (SEPARATOR).concat (UNION_AND).concat (SEPARATOR).concat (processor.getName (decimalValue)).concat (SEPARATOR).concat (SCALE.getName (- decimalValue.length ()));
        }
    }
    return name;
}


public String getName(String value) {
    boolean negative = value.startsWith(""-"");
    if (negative) value = value.substring(1);
    int decimals = value.indexOf(""."");
    String decimalValue = null;
    if (0 <= decimals) {
       ","public static void main (String [] args) throws InterruptedException {
    Thread t = new Thread (() -> {
        try {
            Thread.sleep (5000L);
        } catch (InterruptedException e) {
            e.printStackTrace ();
        }
    });
    System.out.println (""Starting Server!"");
    t.start ();
    t.join ();
    System.out.println (""Server is done!"");
}


public static void main (String [] args) throws InterruptedException {
    Thread t = new Thread (new Runnable () {
        @Override
        public void run () {
            try {
                Thread.sleep (5000L);
            } catch (InterruptedException e) {
                e.printStackTrace ();
            }
        }
    });
    System.out.println (""Starting Server!"");
    t.start ();
    t.join ();
    System.out.println (""Server is done!"");
}",1
"public synchronized void run () {
    int i = 2;
    while (i < 50) {
        while (s.getState () != 1) {
            synchronized (s) {
                try {
                    s.wait ();
                } catch (InterruptedException e) {
                    e.printStackTrace ();
                }
            }
        }
        synchronized (s) {
            if (s.getState () == 1) System.out.println (""t2 "" + i);
            s.setState (2);
            i = i + 3;
            s.notifyAll ();
        }
    }
}


 public synchronized void run () {while (i < 50) {
        while (s.getState () != 1) {
            try {
                wait ();
            } catch (InterruptedException e) {
                e.printStackTrace ();
            }
        }
        synchronized (s) {
           if (s.getState () == 1) System.out.println (""t2 "" + i);
           s.setState (2);
           i = i + 2;
           notify ();
        }
   }
}","public static void main (String [] args) {
    String s = ""["" + "" {\""lon\"": 0.001, \""lat\"": 0.001, \""desc\"": \""test\""},"" + "" {\""lon\"": 0.002, \""lat\"": 0.001, \""desc\"": \""test3\""},"" + "" {\""lon\"": 0.002, \""lat\"": 0.005, \""desc\"": \""test4\""},"" + "" {\""lon\"": 0.002, \""lat\"": 0.001, \""desc\"": \""test5\""},"" + "" {\""lon\"": 0.001, \""lat\"": 0.001, \""desc\"": \""test2\""}]"";
    Gson gson = new Gson ();
    Location [] al = gson.fromJson (s, Location [].class);
    List < Location > tl = Arrays.asList (al);
    Collections.sort (tl);
    List < Location > fl = new ArrayList < Location > ();
    Location current = null;
    for (Iterator < Location > it = tl.iterator ();
    it.hasNext ();) {
        current = current == null ? it.next () : current;
        Location ltmp = null;
        while (it.hasNext () && (ltmp = it.next ()).equals (current)) current.desc = current.desc + "","" + ltmp.desc;
        fl.add (current);
        current = ltmp;
    }
    System.out.println (gson.toJson (fl));
}


 public static void main (String [] args) {
	String jsonString = ""["" + "" {\""lon\"": 0.001, \""lat\"": 0.001, \""desc\"": \""test\""},"" + "" {\""lon\"": 0.002, \""lat\"": 0.001, \""desc\"": \""test3\""},"" + "" {\""lon\"": 0.002, \""lat\"": 0.005, \""desc\"": \""test4\""},"" + "" {\""lon\"": 0.002, \""lat\"": 0.001, \""desc\"": \""test5\""},"" + "" {\""lon\"": 0.001, \""lat\"": 0.001, \""desc\"": \""test2\""}]"";
    Gson gson = new Gson ();
    Location [] al = gson.fromJson (jsonString, Location [].class);
    List < Location > tl = Arrays.asList ",1
"public void sort (int [] input) {
    for (int i = 0;
    i < input.length - 1; i ++) {
        int k = i + 1;
        int nxtVal = input [k];
        while (input [k - 1] > nxtVal) {
            input [k] = input [k - 1];
            k --;
            if (k == 0) break;
        }
        input [k] = nxtVal;
    }
    System.out.println (""Medium sorting is done and the result is :"");
    for (int i : input) {
        System.out.print (i + "","");
    }
}","public void sort (int [] input) {
    for (int i = 0;
    i < input.length - 1; i ++) {
        int k = i + 1;
        int nxtVal = input [k];
        while (input [k - 1] > nxtVal) {
            int temp = input[k - 1];
            input [k - 1] = nxtVal;
            input[k] = temp;
            k --;
            if (k == 0) break;
        }
    }
    System.out.println (""Medium sorting is done and the result is :"");
    for (int i : input) {
        System.out.print (i + "","");
    }
}",0
"public void actionPerformed (ActionEvent e) {
    ImageIcon widthIcon = new ImageIcon (""LR-arrows.png"");
    String scaleWidth = (String) JOptionPane.showInputDialog (null, ""What should the new width be?"", """", JOptionPane.QUESTION_MESSAGE, widthIcon, null, null);
    ImageIcon heightIcon = new ImageIcon (""UD-arrows.png"");
    String scaleHeight = (String) JOptionPane.showInputDialog (null, ""What should the new height be?"", """", JOptionPane.QUESTION_MESSAGE, widthIcon, null, null);
    double x = Double.parseDouble (scaleWidth);
    double y = Double.parseDouble (scaleHeight);
    int newWidth = (int) x;
    int newHeight = (int) y;
    frame.setSize (newWidth, newHeight);
    scale (newWidth, newHeight);
}


public void actionPerformed (ActionEvent e) {
    ImageIcon sizeIcon = new ImageIcon (""Size-icons.png"");
    String scaleSize = (String) JOptionPane.showInputDialog (null, ""What should the new size be?"", """", JOptionPane.QUESTION_MESSAGE, sizeIcon, null, null);
    double s = Double.parseDouble (scaleSize);
    int newSize = (int) s;
    frame.setSize (newSize, newSize);
    scale (newSize, newSize);
}","public int solution (int N) {
    String binary = Integer.toString (N, 2);
    int largestGap = 0;
    for (int i = 1, gap = 0;
    i < binary.length (); i ++) {
        while (i < binary.length () && binary.charAt (i) == '0') {
            i ++;
            gap ++;
        }
        if (gap > largestGap && i < binary.length ()) {
            largestGap = gap;
        }
        gap = 0;
    }
    return largestGap;
}


public int solution (int N) {
    String binary = Integer.toString (N, 2);
    int largestGap = 0;
    int gap = 0;
    for (int i = 1; i < binary.length (); i ++) {
        if (binary.charAt (i) == '0') {
            gap ++;
        }
        if (gap > largestGap && i < binary.length ()) {
            largestGap = gap;
        }
        gap = 0;
    }
    return largestGap;
}",1
"public static String getDurationBreakdown (long millis) {
    if (millis < 0) {
        throw new IllegalArgumentException (""Duration must be greater than zero!"");
    }
    long days = TimeUnit.MILLISECONDS.toDays (millis);
    millis -= TimeUnit.DAYS.toMillis (days);
    long hours = TimeUnit.MILLISECONDS.toHours (millis);
    millis -= TimeUnit.HOURS.toMillis (hours);
    long minutes = TimeUnit.MILLISECONDS.toMinutes (millis);
    millis -= TimeUnit.MINUTES.toMillis (minutes);
    long seconds = TimeUnit.MILLISECONDS.toSeconds (millis);
    StringBuilder sb = new StringBuilder (64);
    sb.append (days);
    sb.append ("" Days "");
    sb.append (hours);
    sb.append ("" Hours "");
    sb.append (minutes);
    sb.append ("" Minutes "");
    sb.append (seconds);
    sb.append ("" Seconds"");
    return (sb.toString ());
}","public static String getDurationBreakdown (long milliseconds) {
    if (milliseconds < 0) {
        throw new IllegalArgumentException (""Duration must be greater than zero!"");
    }
    long years = TimeUnit.MILLISECONDS.toYears(milliseconds);
    milliseconds -= TimeUnit.YEARS.toMillis(years);
    long days = TimeUnit.MILLISECONDS.toDays(milliseconds);
    milliseconds -= TimeUnit.DAYS.toMillis(days);
    long hours = TimeUnit.MILLISECONDS.toHours(milliseconds);
    milliseconds -= TimeUnit.HOURS.toMillis(hours);
    long minutes = TimeUnit.MILLISECONDS.toMinutes(milliseconds);
    milliseconds -= TimeUnit.MINUTES.toMillis(minutes);
    long seconds = TimeUnit.MILLISECONDS.toSeconds(milliseconds);

    StringBuilder durationist = new StringBuilder(64);
    durationist.append(years);
    durationist.append("" Years, "");
    durationist.append(days);
    durationist.append("" Days, "");
    durationist.append(hours);
    durationist.append("" Hours, "");
    durationist.append(minutes);
    durationist.append("" Minutes, "");
    durationist.append(seconds);
    durationist.append("" Seconds"");
    return durationist.toString();
}",0
"static int [] sort (int arr []) {
    for (int i = 0;
    i < arr.length; i ++) {
        for (int j = i;
        j < arr.length; j ++) {
            if (arr [j] < arr [i]) {
                int temp = arr [i];
                arr [i] = arr [j];
                arr [j] = temp;
            }
        }
    }
    return arr;
}","static int [] sort (int arr []) {
    for (int i = 0;
    i < arr.length; i ++) {
        for (int j = 0;
        j < arr.length; j ++) {
            if (arr [j] < arr [i]) {
                int temp = arr [i];
                arr [i] = arr [j];
                arr [j] = temp;
            }
        }
    }
    return arr;
}",0
"public int solution (int N) {
    int result = 0;
    while (N > 0) {
        if ((N & 1) == 1) {
            int temp = 0;
            while ((N>>= 1) > 0 && ((N & 1) != 1)) {
                temp ++;
            }
            result = Math.max (result, temp);
        } else {
            N>>= 1;
        }
    }
    return result;
}





public int solution(int N) {
    int result = 0;
    int[] bits = new int[32];
    for (int i = 0; N != 0; N >>= 1) {
        bits[i++] = (N & 1);
    }
    for (int i = 0; i < 32; ++i) {
        if (bits[i] == 1) {
            int temp = 0;
            while (++i < 32 && bits[i] == 0) {
                ++temp;
            }
            if (i < 32) {
                result = Math.max(result, temp);
            }
        }
    }
    return result;
}","public void addString (String...myString) {
    String separator = "" AND "";
    StringBuilder sb = new StringBuilder ();
    sb.append ('(');
    boolean needSeparator = false;
    for (String string : myString) {
        if (needSeparator) {
            sb.append (separator);
        } else {
            needSeparator = true;
        }
        sb.append (string);
    }
    sb.append (')');
    System.out.println (sb);
}





public void addString (String...myString) {
    System.out.println (
        Arrays.stream(myString)
            .reduce((a, b) -> a + "" AND "" + b)
            .map(s -> ""("" + s + "")"")
            .orElse(""()"")
    );
}",1
"public static int singleNumber (int [] nums) {
    int answer = 0;
    ArrayList al = new ArrayList ();
    for (int i = 0;
    i < nums.length; i ++) {
        al.add (nums [i]);
    }
    for (int i = 0;
    i < nums.length; i ++) {
        int test = nums [i];
        if (al.indexOf (test) == al.lastIndexOf (test)) {
            answer = nums [i];
        }
    }
    return answer;
}","public static int singleNumber (int [] nums) {
    int answer = 0;
    HashSet<Integer> hs = new HashSet<>();
    for (int i = 0; i < nums.length; i ++) {
        hs.add (nums [i]);
    }
    for (int i = 0; i < nums.length; i ++) {
        int test = nums [i];
        if (!hs.contains(test)) {
            answer = nums [i];
        }
    }
    return answer;
}",0
"public String longestSequenceOfChar (String str) {
    String interimresult = """";
    String result = """";
    for (int i = 0;
    i < str.length (); i ++) {
        char ch = str.charAt (i);
        interimresult += ch;
        for (int j = i + 1;
        j < str.length (); j ++) {
            char ch1 = str.charAt (j);
            if (ch != ch1) {
                break;
            }
            interimresult += ch;
        }
        if (interimresult.length () > result.length ()) result = interimresult;
        interimresult = """";
    }
    return result;
}


public String longestSequenceOfChar (String str) {
    String interimresult = """";
    String result = """";
    int i = 0;
    while (i < str.length ()) {
        char ch = str.charAt (i);
        interimresult += ch;
        int j = i + 1;
        do {
            char ch1 = str.charAt (j);
            if (ch != ch1) {
                break;
            }
            interimresult += ch;
            j++;
        } while (j < str.length ());
        if (interimresult.length () > result.length ()) result = interimresult;
        interimresult = """";
        i++;
    }
    return result;
}","static boolean isAnagram (String s1, String s2) {
    if (s1.length () != s2.length ()) return false;
    int n = s1.length ();
    int [] charMap = new int [256];
    for (int i = 0;
    i < n; i ++) {
        char c1 = s1.charAt (i);
        charMap [c1] ++;
        char c2 = s2.charAt (i);
        charMap [c2] --;
    }
    for (int i = 0;
    i < charMap.length; i ++) {
        if (charMap [i] != 0) return false;
    }
    return true;
}


static boolean isAnagram (String s1, String s2) {
    int n = s1.length();
    int[] charMap = new int[256];
    if (s1.length() == s2.length()){
        for (int i = 0; i < n; i++) {
            char c1 = s1.charAt(i);
            charMap[c1]++;
            char c2 = s2.charAt(i);
            charMap[c2]--;
        }
        for (int i = 0; i < charMap.length; i++) {
            if (charMap[i] != 0) {
                return false;
            }
        }
        return true;
    }
    return false;
}",1
"public static void main (String [] args) {
    Test t = new Test ();
    String [] allQueryStrings = new String [] {""INSERT INTO `TABLENAME` VALUES(xxx,yyy,zzz);"", ""INSERT INTO `TABLENAME` VALUES(xxx,yyy,zzz),(aaa,bbb,ccc);"", ""INSERT INTO `TABLENAME` VALUES(xxx,yyy,zzz),(aaa,'bb(,)b',ccc);"", ""INSERT INTO `TABLENAME` VALUES(xxx,yyy,zzz),(aaa,'bb),(b',ccc);""};
    for (String queryString : allQueryStrings) {
        System.out.println (queryString);
        for (String values : t.extractValues (queryString)) {
            System.out.println (values);
        }
    }
}","public static void main (String [] args) {
    Test t = new Test ();
    String [] allQueryStrings = new String [] {""INSERT INTO `TABLENAME` VALUES('Joe', 'Smith', 25);"", ""INSERT INTO `TABLENAME` VALUES('Bob', 'Jones', 24),('Kim', 'Johnson', 26);"",
    ""INSERT INTO `TABLENAME` VALUES('Jack', 'Jones', 28),('Amy','Rose','35');"", ""INSERT INTO `TABLENAME` VALUES('Peter','Parker', 18),('John','Miller','20');"" };
    for (String queryString : allQueryStrings) {
        System.out.println (queryString);
        for (String values : t.extractValues (queryString)) {
            System.out.println (values);
        }
    }
}",0
"public void show (String columnName) {
    Object o = hiddenColumns.remove (columnName);
    if (o == null) {
        return;
    }
    tcm.addColumn ((TableColumn) o);
    o = hiddenColumns.remove ("":"" + columnName);
    if (o == null) {
        return;
    }
    int column = ((Integer) o).intValue ();
    int lastColumn = tcm.getColumnCount () - 1;
    if (column < lastColumn) {
        tcm.moveColumn (lastColumn, column);
    }
}


 public void show(String columnName) {
	  Object removedObject = hiddenColumns.remove(columnName);
	  if(removedObject != null) {
	    TableColumn castRemovedObject = (TableColumn)removedObject;
	    tcm.addColumn(castRemovedObject);
	    Object removedObject2 = hiddenColumns.remove("":"" + columnName);
	    if (removedObject2 != null) {
	      int column = ((Integer)removedObject2).intValue();
	      int lastColumn = tcm.getColumnCount() - 1;
	      if (column < lastColumn) {
		tcm.moveColumn(lastColumn, column);
	      }
	    }
	  }
}","private void transform (HSSFWorkbook workbookOld, XSSFWorkbook workbookNew, HSSFSheet sheetOld, XSSFSheet sheetNew) {
    System.out.println (""transform Sheet"");
    sheetNew.setDisplayFormulas (sheetOld.isDisplayFormulas ());
    sheetNew.setDisplayGridlines (sheetOld.isDisplayGridlines ());
    sheetNew.setDisplayGuts (sheetOld.getDisplayGuts ());
    sheetNew.setDisplayRowColHeadings (sheetOld.isDisplayRowColHeadings ());
    sheetNew.setDisplayZeros (sheetOld.isDisplayZeros ());
    sheetNew.setFitToPage (sheetOld.getFitToPage ());
    sheetNew.setHorizontallyCenter (sheetOld.getHorizontallyCenter ());
    sheetNew.setMargin (Sheet.BottomMargin, sheetOld.getMargin (Sheet.BottomMargin));
    sheetNew.setMargin (Sheet.FooterMargin, sheetOld.getMargin (Sheet.FooterMargin));
    sheetNew.setMargin (Sheet.HeaderMargin, sheetOld.getMargin (Sheet.HeaderMargin));
    sheetNew.setMargin (Sheet.LeftMargin, sheetOld.getMargin (Sheet.LeftMargin));
    sheetNew.setMargin (Sheet.RightMargin, sheetOld.getMargin (Sheet.RightMargin));
    sheetNew.setMargin (Sheet.TopMargin, sheetOld.getMargin (Sheet.TopMargin));
    sheetNew.setPrintGridlines (sheetNew.isPrintGridlines ());
    sheetNew.setRowSumsBelow (sheetNew.getRowSumsBelow ());
    sheetNew.setRowSumsRight (sheetNew.getRowSumsRight ());
    sheetNew.setVerticallyCenter (sheetOld.getVerticallyCenter ());
    XSSFRow rowNew;
    for (Row row : sheetOld) {
        rowNew = sheetNew.createRow (row.getRowNum ());
        if (rowNew != nu",1
"public static String validName (Scanner input, Scanner histogram) {
    String user = """";
    String name = input.next ();
    String tmp = """";
    boolean test = false;
    while (histogram.hasNext ()) {
        user = histogram.next ();
        tmp += user + "" "";
        if (name.equalsIgnoreCase (user)) {
            test = true;
            break;
        } else {
            test = false;
        }
    }
    if (! test) {
        System.out.println (""Name not found"");
        user = validName (input, new Scanner (tmp));
    }
    return user;
}","public static String validName (Scanner input, Scanner histogram) {
    String user = """";
    String name = input.next ();
    String tmp = """";
    boolean test = false;
    while (histogram.hasNext ()) {
        user = histogram.next ().trim();
        tmp += user + "" "";
        if (name.equalsIgnoreCase (user)) {
            test = true;
            break;
        } else {
            test = false;
        }
    }
    if (! test) {
        System.out.println (""Name not found"");
        user = validName (input, new Scanner (tmp));
    }
    return user;
}",0
"public static void main (String [] args) throws InterruptedException {
    AtomicInteger counter = new AtomicInteger ();
    ExecutorService pool = Executors.newFixedThreadPool (4);
    for (int i = 0;
    i < 4; ++ i) {
        pool.execute (new MyTask (counter));
    }
    pool.shutdown ();
    pool.awaitTermination (1, TimeUnit.HOURS);
}


public static void main (String [] args) throws InterruptedException {
    AtomicInteger counter = new AtomicInteger ();
    ExecutorService pool = Executors.newFixedThreadPool (4);
    for (int i = 0;
    i < 4; ++ i) {
        pool.submit (new MyTask (counter));
    }

    while (!pool.isTerminated()) {
        pool.shutdown ();
        try {
            pool.awaitTermination (1, TimeUnit.HOURS);
        } catch (InterruptedException e) {
            System.err.println(e);
        }
    }
}","public byte [] read (File file) throws IOException, FileTooBigException {
    if (file.length () > MAX_FILE_SIZE) {
        throw new FileTooBigException (file);
    }
    ByteArrayOutputStream ous = null;
    InputStream ios = null;
    try {
        byte [] buffer = new byte [4096];
        ous = new ByteArrayOutputStream ();
        ios = new FileInputStream (file);
        int read = 0;
        while ((read = ios.read (buffer)) != - 1) {
            ous.write (buffer, 0, read);
        }
    } finally {
        try {
            if (ous != null) ous.close ();
        } catch (IOException e) {
        }
        try {
            if (ios != null) ios.close ();
        } catch (IOException e) {
        }
    }
    return ous.toByteArray ();
}



public byte [] read (File file) throws IOException, FileTooBigException {
    if (file.length () > MAX_FILE_SIZE) {
        throw new FileTooBigException (file);
    } 
    InputStream bfi = new BufferedInputStream(new FileInputStream(file));
    ByteArrayOutputStream ous = null;
    try {   
        ous = new ByteArrayOutputStream ();
        int read = 0;
        while ((read = bfi.read ()) != -1) {
            ous.write (read);
        }
    } finally {
        try {
            if (ous != null) ous.close ();
        } catch (IOException e) {
        }
        try {
            if (bfi != null) bfi.close ();
        } catch (IOException e) {
        }
    }
    return ous.toByteArray ();
}",1
"public static void main (String [] args) {
    Scanner input = new Scanner (System.in);
    final int valid = 6;
    Scanner one = new Scanner (System.in);
    System.out.println (""Enter your username: "");
    String s = one.nextLine ();
    if (s.length () < valid) {
        System.out.println (""Enter a valid username"");
        System.out.println (""User name must contain "" + valid + "" characters"");
        System.out.println (""Enter again: "");
        s = one.nextLine ();
    }
    System.out.println (""Username accepted: "" + s);
    Scanner two = new Scanner (System.in);
    System.out.println (""Enter your age: "");
    int a = two.nextInt ();
    System.out.println (""Age accepted: "" + a);
    Scanner three = new Scanner (System.in);
    System.out.println (""Enter your sex: "");
    String sex = three.nextLine ();
    System.out.println (""Sex accepted: "" + sex);
}


 public static void main(String[] args) {
    Scanner scanner = new Scanner(System.in);
    int valid = 6;
    boolean accepted = false;
    while (!accepted) {
        System.out.println(""Enter your username: "");
        String s = scanner.nextLine();
        if (s.length() >= valid) {
            accepted = true;
            System.out.println(""Username accepted: "" + s);
        } else {
            System.out.println(""Username must contain "" + valid + "" characters"");
        }
    }
    System.out.println(""Enter your age: "");
    int a = scanner.nextInt();
    System.out.println(""Age accepted: "" + a);
    Syste","public int solution (int X, int [] A) {
    Set < Integer > leaves = new HashSet < > ();
    for (int i = 0;
    i < A.length; i ++) {
        leaves.add (A [i]);
        if (leaves.contains (X) && leaves.size () == X) return i;
    }
    return - 1;
}



 public int solution (int X, int [] A) {
    BitSet leaves = new BitSet(X + 1);
 
    for (int i = 0; i < A.length; i++) {
        leaves.set(A[i]);
        if (leaves.cardinality() == X) return i;
    }
    return -1;
}",1
"public K remove () {
    if (head == null) return null;
    K val = head.value;
    if (head.next == null) {
        head = null;
        tail = null;
    } else {
        head = head.next;
        head.prev = null;
    }
    return val;
}


 public K remove () {K val;
   if (head == null) return null; 
   else
   {
       val = head.value; 
       if (head.next == null)  
       {
           head = null;
           tail = null;
       }
       else 
       {
           head = head.next;
           head.prev = null;
       }
       return val;
   }  
}","public static double [] [] amountOTP (double [] [] a, int x) {
    double [] [] b = new double [x] [x];
    x = Math.min (x, a.length);
    for (int i = 0;
    i < x; i ++) for (int j = 0;
    j < x; j ++) b [i] [j] = a [i] [j];
    return b;
}


 public static double[][] amountOTP (double[][] a, int x)
{
    // Create a new double array
    double[][] b = new double[x][x];

    // Use Math.min to set x correctly
    x = Math.min (x, a.length);

    // Create a for loop to go through each element in array a
    for (int i = 0; i < x; i++)
    {
        for (int j = 0; j < x; j++) 
        {
            // Assign values from a to b
            b[i][j] = a[i][j];
        }
    }

    // Return filled double array
    return b;
}",1
"private int sum (@NotNull
Index mainIndex,@NotNull
Index secondaryIndex) {
    int localSum = 0;
    while (mainIndex.index < array.length && secondaryIndex.sign.test (array [mainIndex.index])) {
        mainIndex.index ++;
    }
    if (mainIndex.index < array.length) {
        localSum += array [mainIndex.index ++];
    } else {
        for (; secondaryIndex.index < array.length; secondaryIndex.index ++) {
            if (secondaryIndex.sign.test (array [secondaryIndex.index])) {
                localSum += array [secondaryIndex.index];
            }
        }
    }
    return localSum;
}","private int sum (@NotNull
Index mainIndex,@NotNull
Index secondaryIndex) {
    int localSum = 0;
    while (mainIndex.index < array.length && mainIndex.sign.test (array [mainIndex.index])) {
        mainIndex.index ++;
    }
    if (mainIndex.index < array.length) {
        localSum += array [mainIndex.index ++];
    } else {
        for (; secondaryIndex.index < array.length; secondaryIndex.index ++) {
            if (secondaryIndex.sign.test (array [secondaryIndex.index])) {
                localSum += array [secondaryIndex.index];
            }
        }
    }
    return localSum;
}",0
"public void run () {
    try {
        for (int i = 0;
        i < 2; i ++) {
            System.out.println (""tic"");
        }
    } catch (Exception e) {
        e.getStackTrace ();
    }
}


 public void run() {
    for (int i = 0; i < 2;) {
        try {
            System.out.println(""tic"");
            i++;
        } catch (Exception e) {
            e.getStackTrace();
        }
    }
}","public CharSequence filter (CharSequence source, int start, int end, Spanned dest, int dstart, int dend) {
    CharSequence out = super.filter (source, start, end, dest, dstart, dend);
    if (out != null) {
        source = out;
        start = 0;
        end = out.length ();
    }
    int len = end - start;
    if (len == 0) {
        return source;
    }
    int dlen = dest.length ();
    for (int i = 0;
    i < dstart; i ++) {
        if (dest.charAt (i) == '.') {
            return (dlen - (i + 1) + len > digits) ? """" : new SpannableStringBuilder (source, start, end);
        }
    }
    for (int i = start;
    i < end; ++ i) {
        if (source.charAt (i) == '.') {
            if ((dlen - dend) + (end - (i + 1)) > digits) return """";
            else break;
        }
    }
    return new SpannableStringBuilder (source, start, end);
}


 public CharSequence filter (CharSequence source, int start, int end, Spanned dest, int dstart, int dend) {
    CharSequence out = super.filter (source, start, end, dest, dstart, dend);
    if (out != null) {
        source = out;
        start = 0;
        end = out.length ();
    }
    int len = end - start;
    if (len == 0) {
        return source;
    }
    int dlen = dest.length ();
    boolean isDot = false;
    for (int i = 0; i < dstart; i++) {
        if (dest.charAt (i) == '.') {
            isDot = true;
            break;
        }
    }
    if (isDot) {
		int letterCount = 0;
        for (int i = 0; i < dstart; i++) {
      ",1
"public void put (K key, V val) {
    while (currentSize >= maxSize) {
        freeSpace ();
    }
    if (map.containsKey (key)) {
        get (key);
        return;
    }
    ListNode < K > ln = queue.add (key);
    ValueHolder < K, V > rv = new ValueHolder < K, V > (val, ln);
    map.put (key, rv);
    currentSize ++;
}


public void put (K key, V val) {
    if (currentSize < maxSize) {
        if (map.containsKey (key)) {
            get (key);
            return;
        }
        ListNode < K > ln = queue.add (key);
        ValueHolder < K, V > rv = new ValueHolder < K, V > (val, ln);
        map.put (key, rv);
        currentSize ++;
    }
    else{
        freeSpace();
    }
    
}","public static void printTable (String [] countries, int [] populations) {
    int defaultLength = 10;
    int maxCountryLength = stream (countries).mapToInt (String :: length).max ().orElse (defaultLength);
    int maxPopulationLength = stream (populations).mapToObj (Integer :: toString).mapToInt (String :: length).max ().orElse (defaultLength);
    for (int i = 0;
    i < countries.length; i ++) {
        System.out.format (""%-"" + maxCountryLength + ""s | %"" + maxPopulationLength + ""d\n"", countries [i], populations [i]);
    }
}


public static void printTable (String [] countries, int [] populations) {
    int defaultLength = 10;
    int maxCountryLength = stream (countries).mapToInt (String::length).max().orElse(defaultLength);
    int maxPopulationLength = stream (populations).mapToObj (Integer::toString).mapToInt(String::length).max().orElse(defaultLength);
    int i = 0;
    while (i < countries.length) {
        System.out.format(""%-"" + maxCountryLength + ""s | %"" + maxPopulationLength + ""d\n"", countries[i], populations[i]);
	i++;
    }
}",1
"public void draw (Graphics2D g) {
    float arrowRatio = 0.5f;
    float arrowLength = 80.0f;
    BasicStroke stroke = (BasicStroke) g.getStroke ();
    float endX = 350.0f;
    float veeX;
    switch (stroke.getLineJoin ()) {
        case BasicStroke.JOIN_BEVEL :
            veeX = endX - stroke.getLineWidth () * 0.25f;
            break;
        default :
        case BasicStroke.JOIN_MITER :
            veeX = endX - stroke.getLineWidth () * 0.5f / arrowRatio;
            break;
        case BasicStroke.JOIN_ROUND :
            veeX = endX - stroke.getLineWidth () * 0.5f;
            break;
    }
    Path2D.Float path = new Path2D.Float ();
    path.moveTo (veeX - arrowLength, - arrowRatio * arrowLength);
    path.lineTo (veeX, 0.0f);
    path.lineTo (veeX - arrowLength, arrowRatio * arrowLength);
    g.setColor (Color.BLUE);
    g.draw (path);
    g.setColor (Color.YELLOW);
    g.draw (new Line2D.Float (50.0f, 0.0f, veeX, 0.0f));
    g.setColor (Color.RED);
    g.draw (new Line2D.Float (50.0f, 0.0f, veeX - stroke.getLineWidth () * 0.25f, 0.0f));
}","public void draw (Graphics2D g) {
    float arrowRatio = 0.5f;
    float arrowLength = 75.0f;
    BasicStroke stroke = (BasicStroke) g.getStroke ();
    float endX = 375.0f;
    float veeX;
    switch (stroke.getLineJoin ()) {
        case BasicStroke.JOIN_BEVEL :
            veeX = endX - stroke.getLineWidth () * 0.25f;
            break;
        default :
        case BasicStroke.JOIN_MITER :
            veeX = endX - stroke.getLineWidth () * 0.5f / arrowRatio;
            break;
        case BasicStroke.JOIN_ROUND :
            veeX = endX - stroke.getLineWidth () * 0.5f;
            break;
    }
    Path2D.Float path = new Path2D.Float ();
    path.moveTo (veeX - arrowLength, - arrowRatio * arrowLength);
    path.lineTo (veeX, 0.0f);
    path.lineTo (veeX - arrowLength, arrowRatio * arrowLength);
    g.setColor (Color.BLACK);
    g.draw (path);
    g.setColor (Color.GREEN);
    g.draw (new Line2D.Float (50.0f, 0.0f, veeX, 0.0f));
    g.setColor (Color.BLUE);
    g.draw (new Line2D.Float (50.0f, 0.0f, veeX - stroke.getLineWidth () * 0.25f, 0.0f));
}",0
"public int solution (int X, int [] A) {
    Set < Integer > set = new HashSet < Integer > ();
    int sum1 = 0, sum2 = 0;
    for (int i = 0;
    i <= X; i ++) {
        sum1 += i;
    }
    for (int i = 0;
    i < A.length; i ++) {
        if (set.contains (A [i])) continue;
        set.add (A [i]);
        sum2 += A [i];
        if (sum1 == sum2) return i;
    }
    return - 1;
}","public int solution (int X, int [] A) {
    Set < Integer > set = new TreeSet < Integer > ();
    int sum1 = 0, sum2 = 0;
    for (int i = 0;
    i <= X; i ++) {
        sum1 += i;
    }
    for (int i = 0;
    i < A.length; i ++) {
        if (set.contains (A [i])) continue;
        set.add (A [i]);
        sum2 += A [i];
        if (sum1 == sum2) return i;
    }
    return - 1;
}",0
"public static void main (String [] args) {
    Integer n = Integer.parseInt (args [0]);
    Queue < Integer > q = new Queue < Integer > ();
    while (! StdIn.isEmpty ()) {
        q.enqueue (StdIn.readInt ());
    }
    while (q.size () > n) {
        q.dequeue ();
    }
    StdOut.println (q.peek ().toString ());
}


public static void main (String [] args) {
    int n = Integer.parseInt (args [0]);
    LinkedList < Integer > q = new LinkedList < Integer > ();
    while (System.in.available () > 0) {
        q.add (System.in.read ());
    }
    while (q.size () > n) {
        q.poll ();
    }
    System.out.println (q.peek ().toString ());
}","public static void close (Statement...statements) {
    for (Statement stmt : statements) {
        try {
            if (stmt != null) stmt.close ();
        } catch (SQLException se) {
        }
    }
}


public static void close (Statement...statements) {
    for (Statement stmt : statements) {
        try {
            if (stmt != null) {
                if (stmt.isClosed()) {
                    return;
                } else {
                    stmt.close ();
                }
            }
        } catch (SQLException se) {
        }
    }
}",1
"public Node reverse (Node previous, Node current) {
    if (previous == null) return null;
    if (previous.equals (head)) previous.setNext (null);
    if (current == null) {
        head = previous;
        return head;
    } else {
        Node temp = current.getNext ();
        current.setNext (previous);
        reverse (current, temp);
    }
    return null;
}","public Node reverse(Node prev, Node curr) {
    if(prev == null) return null;
    if(prev.equals(head)) prev.setNext(null);
    if(curr == null) {
        head = prev;
        return head;
    }
    Node tmp = curr.getNext();
    curr.setNext(prev);
    reverse(curr, tmp);
    return null;
}",0
"public void start (Stage primaryStage) {
    Canvas canvas = new Canvas (width, height);
    GraphicsContext gc = canvas.getGraphicsContext2D ();
    Scene scene = new Scene (new Group (canvas));
    primaryStage.setScene (scene);
    primaryStage.show ();
    Random ran = new Random ();
    triangle = new Point [3];
    triangle [1] = new Point (0d, 0d);
    triangle [0] = new Point (width / 2d, (double) height);
    triangle [2] = new Point ((double) width, 0d);
    midPoint = Point.findMidTo (triangle [0], triangle [1], triangle [2]);
    timer = new Timeline (new KeyFrame (Duration.millis (.1), (ActionEvent event) -> {
        if (points -- > 0) {
            int r = ran.nextInt (3);
            midPoint = midPoint.findMidTo (triangle [r]);
            gc.fillOval (midPoint.getX (), midPoint.getY (), 1, 1);
        } else {
            System.out.println (""Stopping!"");
            timer.stop ();
        }
    }));
    timer.setCycleCount (Timeline.INDEFINITE);
    timer.play ();
}","public void start (Stage primaryStage) {
    Canvas canvas = new Canvas (width, height);
    GraphicsContext gc = canvas.getGraphicsContext2D ();
    Scene scene = new Scene (new Group (canvas));
    primaryStage.setScene (scene);
    primaryStage.show ();
    Random ran = new Random ();
    triangle = new Point [3];
    triangle [0] = new Point (0d, 0d);
    triangle [1] = new Point (width / 2d, (double) height);
    triangle [2] = new Point ((double) width, 0d);
    midPoint = Point.findMidTo (triangle [1], triangle [0], triangle [2]);
    timer = new Timeline (new KeyFrame (Duration.millis (.1), (ActionEvent event) -> {
        if (points -- > 0) {
            int r = ran.nextInt (3);
            midPoint = midPoint.findMidTo (triangle [r]);
            gc.fillOval (midPoint.getX (), midPoint.getY (), 1, 1);
        } else {
            System.out.println (""Stopping!"");
            timer.stop ();
        }
    }));
    timer.setCycleCount (Timeline.INDEFINITE);
    timer.play ();
}",0
"public static void main (String [] args) {
    Map < String, Integer > unique = new LinkedHashMap < String, Integer > ();
    for (String string : ""House, House, House, Dog, Dog, Dog, Dog"".split ("", "")) {
        if (unique.get (string) == null) unique.put (string, 1);
        else unique.put (string, unique.get (string) + 1);
    }
    String uniqueString = join (unique.keySet (), "", "");
    List < Integer > value = new ArrayList < Integer > (unique.values ());
    System.out.println (""Output = "" + uniqueString);
    System.out.println (""Values = "" + value);
}","public static void main (String [] args) {
    Map < String, Integer > items = new LinkedHashMap < String, Integer > ();
    for (String item : ""House, House, House, Dog, Dog, Dog, Dog"".split ("", "")) {
        if (items.get (item) == null) 
            items.put (item, 1);
        else 
            items.put (item, items.get (item) + 1);
    }
    String uniqueString = join (items.keySet (), "", "");
    List < Integer > occurrences = new ArrayList < Integer > (items.values ()); 
    System.out.println (""Output = "" + uniqueString);
    System.out.println (""Values = "" + occurrences);
}",0
"public int solution (int X, int [] A) {
    int len = A.length;
    if (X > len) {
        return - 1;
    }
    int [] isFilled = new int [X];
    int jumped = 0;
    Arrays.fill (isFilled, 0);
    for (int i = 0;
    i < len; i ++) {
        int x = A [i];
        if (x <= X) {
            if (isFilled [x - 1] == 0) {
                isFilled [x - 1] = 1;
                jumped += 1;
                if (jumped == X) {
                    return i;
                }
            }
        }
    }
    return - 1;
}


   public int solution (int X, int [] A) {
        int len = A.length;
        if (X > len) {
            return - 1;
        }
        int[] isFilled = new int[X+1];
        int jumped = 0;
        for (int i = 0; i < len; i++) {
            int x = A[i];
             if (x <= X) {
                if (isFilled[x] == 0) {
                     isFilled[x] = 1;
                    jumped += 1;
                    if (jumped == X) {
                        return i;
                    }
                }
            }
        }
        return - 1;
}","public void actionPerformed (ActionEvent e) {
            long start = System.currentTimeMillis ();
            frame.remove (panel);
            long end = System.currentTimeMillis ();
            JPanel newPanel = new JPanel ();
            newPanel.setBackground (Color.BLUE);
            frame.add (newPanel);
            frame.validate ();
}


     public void actionPerformed (ActionEvent e) {
            long start = System.currentTimeMillis ();
            JPanel newPanel = new JPanel ();
            frame.remove (panel);
            frame.validate ();
            newPanel.setBackground (Color.BLUE);
            frame.add (newPanel);
            long end = System.currentTimeMillis ();
}",1
"public static String toHexString (byte bytes []) {
    if (bytes == null) {
        return null;
    }
    StringBuffer sb = new StringBuffer ();
    for (int iter = 0;
    iter < bytes.length; iter ++) {
        byte high = (byte) ((bytes [iter] & 0xf0)>> 4);
        byte low = (byte) (bytes [iter] & 0x0f);
        sb.append (nibble2char (high));
        sb.append (nibble2char (low));
    }
    return sb.toString ();
}




public static String toHexString(byte bytes[]) {
    if (bytes == null) {
        return null;
    }
    StringBuilder sb = new StringBuilder();
    for (byte b : bytes) {
        sb.append(String.format(""%02x"", b));
    }
    return sb.toString();
}","public static void main (String args []) {
    Scanner myScanner = new Scanner (System.in);
    double mon = getExpensesForDay (myScanner, ""Monday"");
    double tues = getExpensesForDay (myScanner, ""Tuesday"");
    double wed = getExpensesForDay (myScanner, ""Wednesday"");
    double thurs = getExpensesForDay (myScanner, ""Thursday"");
    double fri = getExpensesForDay (myScanner, ""Friday"");
    double sat = getExpensesForDay (myScanner, ""Saturday"");
    double sun = getExpensesForDay (myScanner, ""Sunday"");
}


 public static void main (String args []) 
{
    Scanner myScanner = new Scanner (System.in);
    Map<String, Double> dailyExpenses = new HashMap<>();
    // Map to store expenses for each day
    for (int i = 0; i < 7; i++) {
        System.out.println(""Enter your expenses for the day: "");
        double expense = myScanner.nextDouble();
        switch (i) {
            case 0:
                dailyExpenses.put(""Monday"", expense);
                break;
            case 1:
                dailyExpenses.put(""Tuesday"", expense);
                break;
            case 2:
                dailyExpenses.put(""Wednesday"", expense);
                break;
            case 3:
                dailyExpenses.put(""Thursday"", expense);
                break;
            case 4:
                dailyExpenses.put(""Friday"", expense);
                break;
            case 5:
                dailyExpenses.put(""Saturday"", expense);
                break;
            case 6:
               ",1
"public static void main (String [] args) {
    Scanner input = new Scanner (System.in);
    double length = 0.39370;
    System.out.println (""Welcome to simple convertor."");
    boolean cont = true;
    while (cont) {
        System.out.println (""Pick an option and its corresponding letter to select."");
        System.out.println (""Farenheight to Celsius: f"");
        System.out.println (""Celsius to Farenheight: c"");
        System.out.println (""Inches to Centimeters: i"");
        System.out.println (""Centimeters to Inches: ce"");
        System.out.println ("""");
        System.out.println (""Make your choice: "");
        String choice = input.nextLine ();
        if (choice.equals (""f"")) {
            float farenheight;
            System.out.println (""Enter temperatue in Fahrenheit: "");
            farenheight = input.nextInt ();
            farenheight = ((farenheight - 32) * 5) / 9;
            System.out.println (""Temperatue in Celsius = "" + farenheight);
        } else if (choice.equals (""c"")) {
            float celsius;
            System.out.println (""Enter temperatue in Celsius: "");
            celsius = input.nextInt ();
            celsius = ((celsius) * 18 / 10) + 32;
            System.out.println (""Temperatue in Farenheight = "" + celsius);
        } else if (choice.equals (""i"")) {
            double inches;
            System.out.println (""Enter length in Inches: "");
            inches = input.nextInt ();
            inches = (inches / length);
            System","public static void main (String [] args) {
    Scanner input = new Scanner (System.in);
    double length = 0.39370;
    System.out.println (""Welcome to simple convertor."");
    boolean cont = true;
    while (cont) {
        System.out.println (""Pick an option and its corresponding letter to select."");
        System.out.println (""Farenheight to Celsius: f"");
        System.out.println (""Celsius to Farenheight: c"");
        System.out.println (""Inches to Centimeters: i"");
        System.out.println (""Centimeters to Inches: ce"");
        System.out.println ("""");
        System.out.println (""Make your choice: "");
        String choice = input.nextLine ();
        if (choice.equals (""f"")) {
            double farenheight;
            System.out.println (""Enter temperatue in Fahrenheit: "");
            farenheight = input.nextInt ();
            farenheight = ((farenheight - 32) * 5) / 9;
            System.out.println (""Temperatue in Celsius = "" + farenheight);
        } else if (choice.equals (""c"")) {
            double celsius;
            System.out.println (""Enter temperatue in Celsius: "");
            celsius = input.nextInt ();
            celsius = ((celsius) * 18 / 10) + 32;
            System.out.println (""Temperatue in Farenheight = "" + celsius);
        } else if (choice.equals (""i"")) {
            double inches;
            System.out.println (""Enter length in Inches: "");
            inches = input.nextInt ();
            inches = (inches / length);
            Syst",0
"public static void main (String args []) {
    int i;
    int largestSize = 4;
    int array [] = {33, 55, 13, 46, 87, 42, 10, 34};
    int large [] = Arrays.copyOf (array, largestSize);
    int smallest = large [0];
    int smallestIndex = 0;
    for (int j = 1;
    j < large.length; ++ j) {
        if (smallest > large [j]) {
            smallest = large [j];
            smallestIndex = j;
        }
    }
    for (i = large.length; i < array.length; i ++) {
        if (smallest < array [i]) {
            large [smallestIndex] = array [i];
            smallest = large [0];
            smallestIndex = 0;
            for (int j = 1;
            j < large.length; ++ j) {
                if (smallest > large [j]) {
                    smallest = large [j];
                    smallestIndex = j;
                }
            }
        }
    }
    for (int j = 0;
    j < large.length; j ++) {
        System.out.println (""Largest 5 : "" + large [j]);
    }
    System.out.println ();
    System.out.println (""Largest is: "" + getHighest (large));
}


public static void main (String args []) {
    int i;
    int largestSize = 4;
    int array [] = {33, 55, 13, 46, 87, 42, 10, 34};
    int large [] = Arrays.copyOf (array, largestSize);
    int smallest = large [0];
    int smallestIndex = 0;
    for (i = 1;
    i < large.length; ++ i) {
        if (smallest > large [i]) {
            smallest = large [i];
            smallestIndex = i;
        }
    }
    for (int j = large.length; j < a","private void transform (HSSFRow rowOld, XSSFRow rowNew) {
    XSSFCell cellNew;
    rowNew.setHeight (rowOld.getHeight ());
    if (rowOld.getRowStyle () != null) {
        Integer hash = rowOld.getRowStyle ().hashCode ();
        if (! this.styleMap.containsKey (hash)) this.transform (hash, rowOld.getRowStyle (), this.workbookNew.createCellStyle ());
        rowNew.setRowStyle (this.styleMap.get (hash));
    }
    for (Cell cell : rowOld) {
        cellNew = rowNew.createCell (cell.getColumnIndex (), cell.getCellType ());
        if (cellNew != null) this.transform ((HSSFCell) cell, cellNew);
    }
    this.lastColumn = Math.max (this.lastColumn, rowOld.getLastCellNum ());
}


private void transform(HSSFRow rowOld, XSSFRow rowNew) {
    XSSFCell cellNew;
    rowNew.setHeight(rowOld.getHeight());
    if (rowOld.getRowStyle() != null) {
        Integer hash = rowOld.getRowStyle().hashCode();
        if (!this.styleMap.containsKey(hash))
            this.transform(hash, rowOld.getRowStyle(), this.workbookNew.createCellStyle());
        rowNew.setRowStyle(this.styleMap.get(hash));
    }
    for (int cellIndex = 0; cellIndex < rowOld.getLastCellNum(); cellIndex++) {
        cellNew = rowNew.createCell(cellIndex, rowOld.getCell(cellIndex).getCellType());
        if (cellNew != null) this.transform((HSSFCell) rowOld.getCell(cellIndex), cellNew);
    }
    this.lastColumn = Math.max(this.lastColumn, rowOld.getLastCellNum());
}",1
"public static void main (String [] args) {
    Map < String, Integer > unique = new LinkedHashMap < String, Integer > ();
    for (String string : ""House, House, House, Dog, Dog, Dog, Dog"".split ("", "")) {
        if (unique.get (string) == null) unique.put (string, 1);
        else unique.put (string, unique.get (string) + 1);
    }
    String uniqueString = join (unique.keySet (), "", "");
    List < Integer > value = new ArrayList < Integer > (unique.values ());
    System.out.println (""Output = "" + uniqueString);
    System.out.println (""Values = "" + value);
}


public static void main (String [] args){
    Map < String, Integer > dictionary = new LinkedHashMap < String, Integer > ();
    for (String s : ""House, House, House, Dog, Dog, Dog, Dog"".split ("", "")) {
        if (dictionary.get (s) == null) {
            dictionary.put (s, 1);
        } else {
            dictionary.put (s, dictionary.get (s) + 1);
        }
    }
    String outputString = join (dictionary.keySet (), "", "");
    List < Integer > frequencies = new ArrayList < Integer > (dictionary.values ());
    System.out.println (""Output = "" + outputString);
    System.out.println (""Values = "" + frequencies);
}","public int solution (int X, int [] A) {
    Set < Integer > leaves = new HashSet < > ();
    for (int i = 0;
    i < A.length; i ++) {
        leaves.add (A [i]);
        if (leaves.contains (X) && leaves.size () == X) return i;
    }
    return - 1;
}


public int solution(int X, int[] A) { 
	Set<Integer> leaves = new HashSet<>(); 
	for (int i = 0; i < A.length; ++i) { 
		leaves.add(A[i]); 
		if (leaves.size() == X && leaves.contains(X)) { 
			return i; 
		} 
	} 
	return -1; 
}",1
"public String longestSequenceOfChar (String str) {
    String interimresult = """";
    String result = """";
    for (int i = 0;
    i < str.length (); i ++) {
        char ch = str.charAt (i);
        interimresult += ch;
        for (int j = i + 1;
        j < str.length (); j ++) {
            char ch1 = str.charAt (j);
            if (ch != ch1) {
                break;
            }
            interimresult += ch;
        }
        if (interimresult.length () > result.length ()) result = interimresult;
        interimresult = """";
    }
    return result;
}


public String longestSequenceOfChar (String str) {
    String interimresult = """";
    String result = """";
    int i = 0;
    while (i < str.length ()) {
        char ch = str.charAt (i);
        interimresult += ch;
        int j = i + 1;
        while (j < str.length ()) {
            char ch1 = str.charAt (j);
            if (ch != ch1) {
                break;
            }
            interimresult += ch;
            j++;
        }
        if (interimresult.length () > result.length ()) result = interimresult;
        interimresult = """";
        i++;
    }
    return result;
}","public int solution (int X, int [] A) {
    int len = A.length;
    if (X > len) {
        return - 1;
    }
    int [] isFilled = new int [X];
    int jumped = 0;
    Arrays.fill (isFilled, 0);
    for (int i = 0;
    i < len; i ++) {
        int x = A [i];
        if (x <= X) {
            if (isFilled [x - 1] == 0) {
                isFilled [x - 1] = 1;
                jumped += 1;
                if (jumped == X) {
                    return i;
                }
            }
        }
    }
    return - 1;
}


public int solution (int X, int [] A) {
    int len = A.length;
    if (X > len) {
        return - 1;
    }
    int [] isFilled = new int [X];
    int jumped = 0;
    for (int i = 0;
    i < len; i++) {
        if (isFilled[A[i] - 1] != 1) {
            isFilled[A[i] - 1] = 1;
            jumped++;
            if (jumped == X) {
                return i;
            }
        }
    }
    return -1;
}",1
"public static void main (String [] args) {
    String input = ""(A,Name1,200), (A,Name1,200), (R,Name1,200), (A,Name2,900), (A,Name2,500)"";
    String [] scoreSets = input.split (""\\),"");
    List < Score > scoreList = new ArrayList < Score > ();
    for (String score : scoreSets) {
        score = score.trim ().substring (1);
        int closeBrace = score.indexOf (')');
        if (closeBrace == score.length () - 1) {
            score = score.substring (0, score.length () - 1);
        }
        String [] tokens = score.split ("","");
        scoreList.add (new Score (tokens [0], tokens [1], Double.valueOf (tokens [2])));
    }
}","public static void main(String[] args) {
    String inputString = ""(A,Name1,200), (A,Name1,200), (R,Name1,200), (A,Name2,900), (A,Name2,500)"";
    String[] data = inputString.split(""\\),"");
    List<Score> scores = new ArrayList<Score>(); 
    for(String scoresInput : data) {
        
        String score = scoresInput.trim();
        score = score.substring(1);
        int position = score.indexOf(')');
        if( position == score.length() - 1) {
            score = score.substring(0, score.length()-1);
        }
        
        String[] scoreIndividual = score.split("","");
        scores.add(new Score(scoreIndividual[0], scoreIndividual[1], Double.valueOf(scoreIndividual[2]))); 
    }
}",0
"public static void main (String arg []) {
    Integer [] v1 = {1, - 10, 3, 9, 7, 99, - 25};
    Integer [] v2 = {1, - 10, 3, 9, 7, 99, - 25};
    double p_int = ArrayMath.ScalarProduct (v1, v2);
    Double [] v1_d = {1.1, - 10.5, 3.7, 9.98, 7.4, 9.9, - 2.5};
    Double [] v2_d = {1.1, - 10.5, 3.7, 9.98, 7.4, 9.9, - 2.5};
    Double p_double = ArrayMath.ScalarProduct (v1_d, v2_d);
    System.out.println (""p_int："" + p_int);
    System.out.println (""p_double："" + p_double);
}","public static void main (String arg []) {
    Integer [] v1 = {1, - 10, 3, 9, 7, 99, - 25};
    Integer [] v2 = {1, - 10, 3, 9, 7, 99, - 25};
    int p_int = ArrayMath.ScalarProductRows(v1, v2);
    Double [] v1_d = {1.1, - 10.5, 3.7, 9.98, 7.4, 9.9, - 2.5};
    Double [] v2_d = {1.1, - 10.5, 3.7, 9.98, 7.4, 9.9, - 2.5};
    double p_double = ArrayMath.ScalarProductRows(v1_d, v2_d);
    System.out.println (""p_int："" + p_int);
    System.out.println (""p_double："" + p_double);
}",0
"public void mouseReleased (int mod, Point loc) {
    if (pressLocation != null && dragLocation != null) {
        pressLocation = null;
    } else if (dragLocation != null) {
    } else {
    }
    pressLocation = null;
    dragLocation = null;
}


 

public void mouseReleased (int mod, Point loc) {
    if (pressLocation != null) {
        pressLocation = null;
        if (dragLocation != null) {
            dragLocation = null;
        }
    }
    
}","public static void main (String [] args) {
    int first, second;
    Scanner myScanner = new Scanner (System.in);
    System.out.println (""Enter first integer: "");
    int numOne;
    numOne = myScanner.nextInt ();
    System.out.println (""You have keyed in "" + numOne);
    System.out.println (""Enter second integer: "");
    int numTwo;
    numTwo = myScanner.nextInt ();
    System.out.println (""You have keyed in "" + numTwo);
    Random generator = new Random ();
    int num = (int) (Math.random () * numTwo);
    System.out.println (""Random number: "" + ((num > numOne) ? num : numOne + num));
}




public static void main(String[] args) {
            Scanner scanner = new Scanner(System.in);
            System.out.println(""Enter first integer:"");
            int first = scanner.nextInt();
            System.out.println(""Enter second integer:"");
            int second = scanner.nextInt();
            int random = generateRandom(second);
            System.out.println(""Random number: "" + getMaxRandom(first, random));
        }

        public static int generateRandom(int limit) {
            return (int) (Math.random() * limit);
        }

        public static int getMaxRandom(int first, int random) {
            return (random > first) ? random : first + random;
}",1
"public static void main (String [] args) {
    Integer n = Integer.parseInt (args [0]);
    Queue < Integer > q = new Queue < Integer > ();
    while (! StdIn.isEmpty ()) {
        q.enqueue (StdIn.readInt ());
    }
    while (q.size () > n) {
        q.dequeue ();
    }
    StdOut.println (q.peek ().toString ());
}


  public static void main (String [] args) {
	  Integer n = Integer.parseInt (args [0]);
	  ArrayList<Integer> list = new ArrayList<>();
	  while (System.in.available() > 0)
	  {
	      list.add(System.in.readInt());
	  }
	  Collections.sort(list);
	  while (list.size() > n)
	  {
	      list.remove(0);
	  }
	  System.out.println(list.get(0).toString());
}","public void actionPerformed (ActionEvent e) {
    String item = (String) mainComboBox.getSelectedItem ();
    Object o = subItems.get (item);
    if (o == null) {
        subComboBox.setModel (new DefaultComboBoxModel ());
    } else {
        subComboBox.setModel (new DefaultComboBoxModel ((String []) o));
    }
}



 

public void actionPerformed (ActionEvent e) {
    String item = (String) mainComboBox.getSelectedItem ();
    subComboBox.setModel(subItems.get(item) == null 
        ? new DefaultComboBoxModel<>() 
        : new DefaultComboBoxModel<>((String [])subItems.get(item)));
}",1
"public void move (Container container) {
    if (x >= canvasWidth || x <= 0) {
        deltaX = - 1 * deltaX;
    }
    if (y >= canvasHeight || y <= 0) {
        deltaY = - 1 * deltaY;
    }
    x += deltaX;
    y += deltaY;
}


public void move (Container container) {
    if (x >= canvasWidth || x <= 0) {
        deltaX = deltaX * -1;
    }
    if (y >= canvasHeight || y <= 0) {
        deltaY = deltaY * -1;
    }
    x = x + deltaX;
    y = y + deltaY;
}","static boolean isImmutable (Object obj) {
    Class < ? > objClass = obj.getClass ();
    Class < ? > superClass = objClass.getSuperclass ();
    if (! Immutable.class.equals (superClass)) {
        return false;
    }
    if (! Modifier.isFinal (objClass.getModifiers ())) {
        return false;
    }
    Field [] objFields = objClass.getDeclaredFields ();
    for (int i = 0;
    i < objFields.length; i ++) {
        if (! Modifier.isFinal (objFields [i].getModifiers ()) || ! isValidFieldType (objFields [i].getType ())) {
            return false;
        }
    }
    return true;
}


static boolean isImmutable (Object obj) {
    Class < ? > objClass = obj.getClass ();
    Class < ? > superClass = objClass.getSuperclass ();
    if (Immutable.class.equals (superClass)) {
        Field [] objFields = objClass.getDeclaredFields ();
        for (int i = 0;
        i < objFields.length; i ++) {
            if (Modifier.isFinal (objFields [i].getModifiers ()) && isValidFieldType (objFields [i].getType ())) {
                return true;
            }
        }
    }
    return false;
}",1
"public static void main (String [] args) {
    List < Animal > list1 = new LinkedList < > (Arrays.asList (Cat, Mouse, Dog));
    List < Animal > list2 = new LinkedList < > (Arrays.asList (Dog, Mouse, Cat));
    List < Animal > list3 = new LinkedList < > (Arrays.asList (Dog, Horse, Cat));
    List < Animal > list4 = new LinkedList < > (Arrays.asList (Dog, Tiger, Lion));
    List < List < Animal > > list = new LinkedList < > (Arrays.asList (list1, list2, list3, list4));
    Set < List < Animal > > sorted = new LinkedHashSet < > ();
    for (List < Animal > animals : list) {
        List < Animal > arList = new ArrayList < > (animals);
        Collections.sort (arList);
        sorted.add (new LinkedList < > (arList));
    }
    for (List < Animal > animals : sorted) {
        System.out.println (animals);
    }
}","public static void main (String [] args) { 
    List < Animal > list1 = new ArrayList<>(Arrays.asList(Cat, Mouse, Dog));
    List < Animal > list2 = new ArrayList<>(Arrays.asList(Dog, Mouse, Cat));
    List < Animal > list3 = new ArrayList<>(Arrays.asList(Dog, Horse, Cat));
    List < Animal > list4 = new ArrayList<>(Arrays.asList(Dog, Tiger, Lion));
    List< List < Animal > > list = new ArrayList<>(Arrays.asList(list1, list2, list3, list4));
    Set < List < Animal > > sorted = new LinkedHashSet < > ();
    for (List < Animal > animals : list) {
        List< Animal > arList = new LinkedList<>(animals);
        Collections.sort (arList);
        sorted.add (new ArrayList<>(arList));
    }
    for (List < Animal > animals : sorted) {
        System.out.println (animals);
    }
}",0
"public void put (K key, V val) {
    while (currentSize >= maxSize) {
        freeSpace ();
    }
    if (map.containsKey (key)) {
        get (key);
        return;
    }
    ListNode < K > ln = queue.add (key);
    ValueHolder < K, V > rv = new ValueHolder < K, V > (val, ln);
    map.put (key, rv);
    currentSize ++;
}","public void put (K key, V val) {
   if (map.containsKey (key)) {
   	get(key);
   	return;
   }
   ListNode < K > ln = queue.add (key);
   ValueHolder < K, V > rv = new ValueHolder < K, V > (val, ln);
   if(currentSize >= maxSize) { 
   	freeSpace();
   }
   map.put (key, rv);
   currentSize ++;
}",0
"public static boolean isAnagram (String s1, String s2) {
    if (s1.length () != s2.length ()) {
        return false;
    }
    s1 = s1.toLowerCase ();
    s2 = s2.toLowerCase ();
    char [] c1 = s1.toCharArray ();
    char [] c2 = s2.toCharArray ();
    Arrays.sort (c1);
    Arrays.sort (c2);
    String sc1 = new String (c1);
    String sc2 = new String (c2);
    return sc1.equals (sc2);
}


public static boolean isAnagram2 (String s1, String s2) {
    if (s1.length () != s2.length ()) {
        return false;
    }
    s1 = s1.toLowerCase ();
    s2 = s2.toLowerCase ();
    char [] c1 = s1.toCharArray ();
    char [] c2 = s2.toCharArray ();
    Arrays.sort (c1);
    Arrays.sort (c2);
    return Arrays.equals(c1, c2);
}","public boolean onOptionsItemSelected (MenuItem item) {
    switch (item.getItemId ()) {
        case android.R.id.home :
            if (getParentActivityIntent () == null) {
                Log.i (TAG, ""You have forgotten to specify the parentActivityName in the AndroidManifest!"");
                onBackPressed ();
            } else {
                NavUtils.navigateUpFromSameTask (this);
            }
            return true;
        default :
            return super.onOptionsItemSelected (item);
    }
}


public boolean onOptionsItemSelected (MenuItem item) {
    if (item.getItemId () == android.R.id.home) {
        if (getParentActivityIntent () == null) {
            Log.i (TAG, ""You have forgotten to specify the parentActivityName in the AndroidManifest!"");
            onBackPressed ();
        } else {
            NavUtils.navigateUpFromSameTask (this);
        }
        return true;
    }
    return super.onOptionsItemSelected (item);
}",1
"public static void main (String [] args) throws ParseException {
    String month = ""08"";
    String day = ""05"";
    String year = ""2015"";
    String inputDateStr = String.format (""%s/%s/%s"", day, month, year);
    Date inputDate = new SimpleDateFormat (""dd/MM/yyyy"").parse (inputDateStr);
    Calendar calendar = Calendar.getInstance ();
    calendar.setTime (inputDate);
    String dayOfWeek = calendar.getDisplayName (Calendar.DAY_OF_WEEK, Calendar.LONG, Locale.US).toUpperCase ();
    System.out.println (dayOfWeek);
}


 public static void main (String [] args) throws ParseException {
    String month = ""08"";
    String day = ""05"";
    String year = ""2015"";
    DateFormat dateFormat = new SimpleDateFormat(""dd/MM/yyyy"");
    dateFormat.setLenient(false);
    Date inputDate = dateFormat.parse(day + ""/"" + month + ""/"" + year);
    Calendar cal = Calendar.getInstance();
    cal.setTime(inputDate);
    String dayOfWeek = cal.getDisplayName (Calendar.DAY_OF_WEEK, Calendar.LONG, Locale.US).toUpperCase ();
    System.out.println (dayOfWeek);
}","public static void main (String args []) {
    int n, max = Integer.MIN_VALUE, min = Integer.MAX_VALUE;
    System.out.println (""Enter the number of elements: "");
    Scanner sc = new Scanner (System.in);
    int [] arr = new int [sc.nextInt ()];
    System.out.println (""Enter the elements: "");
    for (int i = 0;
    i < arr.length; i ++) {
        int next = sc.nextInt ();
        arr [i] = next;
    }
    for (int j = 0;
    j < arr.length; j ++) {
        if (arr [j] > max) max = arr [j];
        else if (arr [j] < min) min = arr [j];
    }
    System.out.println (""Highest Value in array: "" + max);
    System.out.println (""Smallest Value in array: "" + min);
}


 public static void main (String args []) {
    int n, max = Integer.MIN_VALUE, min = Integer.MAX_VALUE;
    System.out.println (""What is the size of the array: "");
    Scanner sc = new Scanner (System.in);
    int arraySize = sc.nextInt ();
    int [] arr = new int [arraySize];
    System.out.println (""Enter the numbers: "");
    for (int i = 0; i < arraySize; i ++) {
        System.out.println (""Enter the number at position "" + i + "": "");
        int number = sc.nextInt ();
        arr [i] = number;
    }
    for (int j = 0; j < arraySize; j ++) {
        if (arr [j] > max) max = arr [j];
        else if (arr [j] < min) min = arr [j];
    }
    System.out.println (""Highest Value in array: "" + max);
    System.out.println (""Smallest Value in array: "" + min);
}",1
"public void paintComponent (Graphics g) {
    super.paintComponent (g);
    Graphics2D gg = (Graphics2D) g;
    gg.setRenderingHint (RenderingHints.KEY_ANTIALIASING, RenderingHints.VALUE_ANTIALIAS_ON);
    Font font = new Font (""Arial"", Font.PLAIN, 15);
    String string = ""Time (s)"";
    FontMetrics metrics = g.getFontMetrics (font);
    int width = metrics.stringWidth (string);
    int height = metrics.getHeight ();
    gg.setFont (font);
    drawRotate (gg, getWidth (), (getHeight () + width) / 2, 270, string);
}","public void paintComponent (Graphics g){
    super.paintComponent (g);
    Graphics2D gg = (Graphics2D)g;
    gg.setRenderingHint (RenderingHints.KEY_ANTIALIASING, RenderingHints.VALUE_ANTIALIAS_ON);
    Font font = new Font (""Monotype Corsiva"", Font.PLAIN, 15);
    String string = ""Time (s)"";
    FontMetrics metrics = g.getFontMetrics (font);
    int width = metrics.stringWidth (string);
    int height = metrics.getHeight ();
    gg.setFont (font);
    drawRotate (gg, getWidth (), (getHeight () + width) / 2, 270, string);
}",0
"static void permute (int level, String prefix) {
    if (level == 0) {
        System.out.println (prefix);
        return;
    }
    for (int i = 0;
    i < s.length (); i ++) permute (level - 1, prefix + s.charAt (i));
}","static void permute3(int level, String prefix) {
    if (level == 0) {
        performPrint(prefix);
        return;
    }
    for (int i = 0; i < s.length(); i++) permute3(level - 1, prefix + s.charAt(i));
}",0
"public void mouseDragged (MouseEvent e) {
    JViewport vport = (JViewport) e.getSource ();
    JComponent label = (JComponent) vport.getView ();
    Point cp = e.getPoint ();
    Point vp = vport.getViewPosition ();
    vp.translate (pp.x - cp.x, pp.y - cp.y);
    label.scrollRectToVisible (new Rectangle (vp, vport.getSize ()));
    pp.setLocation (cp);
}


 public void mouseDragged (MouseEvent e) {
    JViewport view = (JViewport) e.getSource();
    JComponent component = (JComponent) view.getView();
    Point mouseLoc = e.getPoint();
    Point location = view.getViewPosition();
    int xValue = mouseLoc.x - pp.x;
    int yValue = mouseLoc.y - pp.y;
    location.translate(xValue, yValue);
    component.scrollRectToVisible(new Rectangle(location, view.getSize()));
    pp.setLocation(mouseLoc);
}","public void actionPerformed (ActionEvent e) {
    int maxX = scrn.width - dialog.getWidth ();
    int maxY = scrn.height - dialog.getHeight ();
    if (x < maxX && y < maxY) {
        x ++;
        y ++;
        dialog.setLocation (x, y);
    } else {
        ((Timer) e.getSource ()).stop ();
    }
}



 public void actionPerformed (ActionEvent e) {
	int maxX = scrn.width - dialog.getWidth ();
    int maxY = scrn.height - dialog.getHeight ();
    int step = 2;
    if (x < maxX && y < maxY) {        
        x = x + step;
        y = y + step;
        dialog.setLocation (x, y);
    } else {
        ((Timer) e.getSource ()).stop ();
    }
}",1
"public int solution (int X, int [] A) {
    int len = A.length;
    if (X > len) {
        return - 1;
    }
    int [] isFilled = new int [X];
    int jumped = 0;
    Arrays.fill (isFilled, 0);
    for (int i = 0;
    i < len; i ++) {
        int x = A [i];
        if (x <= X) {
            if (isFilled [x - 1] == 0) {
                isFilled [x - 1] = 1;
                jumped += 1;
                if (jumped == X) {
                    return i;
                }
            }
        }
    }
    return - 1;
}","public int solution(int X, int [] A) {
    int len = A.length;
    if (X > len) {
        return -1;
    }
    int [] isFilled = new int [X];
    int jumped = 0;
    Arrays.fill(isFilled, 0);
    for (int i = 0; i < len; i++) {
        int x = A[i];
        if (x <= X) {
            if (isFilled[x-1] == 0) {
                isFilled[x-1] = 1;
                jumped += 1;
                if (jumped == X) {
                    return i;
                }
            }
        }
    }
    return -1;
}",0
"public String getName (String value) {
    StringBuilder buffer = new StringBuilder ();
    String high, low;
    if (value.length () < getPartDivider ()) {
        high = """";
        low = value;
    } else {
        int index = value.length () - getPartDivider ();
        high = value.substring (0, index);
        low = value.substring (index);
    }
    String highName = getHighProcessor ().getName (high);
    String lowName = getLowProcessor ().getName (low);
    if (! """".equals (highName)) {
        buffer.append (highName);
        buffer.append (SEPARATOR);
        buffer.append (getToken ());
        if (! """".equals (lowName)) {
            buffer.append (SEPARATOR);
        }
    }
    if (! """".equals (lowName)) {
        buffer.append (lowName);
    }
    return buffer.toString ();
}","public String getName (String value) {
    StringBuilder output = new StringBuilder ();
    String high, low;
    if (value.length () < getPartDivider ()) {
        high = """";
        low = value;
    } else {
        int index = value.length () - getPartDivider ();
        high = value.substring (0, index);
        low = value.substring (index);
    }
    String highName = getHighProcessor ().getName (high);
    String lowName = getLowProcessor ().getName (low);
    if (!highName.equals("""")) {
        output.append (highName);
        output.append (SEPARATOR);
        output.append (getToken ());
        if (!lowName.equals("""")) {
            output.append (SEPARATOR);
        }
    }
    if (!lowName.equals("""")) {
        output.append (lowName);
    }
    return output.toString ();
}",0
"public static int binarySearch (int anArray [], int first, int last, int value) {
    do {
        if (first > last) {
            return - 1;
        } else {
            int mid = (first + last) / 2;
            if (value == anArray [mid]) {
                return mid;
            } else if (value < anArray [mid]) {
                last = mid - 1;
            } else {
                first = mid + 1;
            }
        }
    } while (true);
}","public static int binarySearch (int anArray [], int first, int last, int value) {
    do {
        if (first > last) {
            return -1;
        }
        else {
            int mid = (first + last) / 2;
            if (value == anArray[mid]) {
                return mid;
            }
            else {
                if (value < anArray[mid]) {
                    last = mid - 1;
                }
                else {
                    first = mid + 1;
                }
            }
        }
    } while (true);
}",0
"public static void main (String [] args) throws UnknownHostException, IOException {
    InetAddress inet;
    inet = InetAddress.getByAddress (new byte [] {127, 0, 0, 1});
    System.out.println (""Sending Ping Request to "" + inet);
    System.out.println (inet.isReachable (5000) ? ""Host is reachable"" : ""Host is NOT reachable"");
    inet = InetAddress.getByAddress (new byte [] {(byte) 173, (byte) 194, 32, 38});
    System.out.println (""Sending Ping Request to "" + inet);
    System.out.println (inet.isReachable (5000) ? ""Host is reachable"" : ""Host is NOT reachable"");
}


public static void main (String [] args) throws UnknownHostException, IOException {
    InetAddress inet;
    inet = InetAddress.getLocalHost ();
    System.out.println (""Sending Ping Request to "" + inet);
    System.out.println (inet.isReachable (5000) ? ""Host is reachable"" : ""Host is NOT reachable"");
    inet = InetAddress.getByName (""google.com"");
    System.out.println (""Sending Ping Request to "" + inet);
    System.out.println (inet.isReachable (5000) ? ""Host is reachable"" : ""Host is NOT reachable"");
}","public IAnimal deserialize (JsonElement json, Type typeOfT, JsonDeserializationContext context) throws JsonParseException {
    JsonObject jsonObject = json.getAsJsonObject ();
    JsonPrimitive prim = (JsonPrimitive) jsonObject.get (CLASSNAME);
    String className = prim.getAsString ();
    Class < ? > klass = null;
    try {
        klass = Class.forName (className);
    } catch (ClassNotFoundException e) {
        e.printStackTrace ();
        throw new JsonParseException (e.getMessage ());
    }
    return context.deserialize (jsonObject.get (INSTANCE), klass);
}


public IAnimal deserialize (JsonElement json, Type typeOfT, JsonDeserializationContext context) throws JsonParseException {
    JsonObject jsonObject = json.getAsJsonObject ();
    JsonPrimitive jsonPrimitive = jsonObject.getAsJsonPrimitive (CLASSNAME);
    String className = jsonPrimitive.getAsString ();
    Class<?> klass = null;
    try {
        klass = Class.forName (className);
    } catch (ClassNotFoundException e) {
        System.err.println (e.getMessage ());
        throw new JsonParseException (e);
    }
    return context.deserialize (jsonObject.get (INSTANCE), klass);
}",1
"public static void main (String [] args) {
    Random ran = new Random ();
    int min, max;
    Scanner sc = new Scanner (System.in);
    System.out.println (""Enter min range:"");
    min = sc.nextInt ();
    System.out.println (""Enter max range:"");
    max = sc.nextInt ();
    int num = ran.nextInt (min);
    int num1 = ran.nextInt (max);
    System.out.println (""Random Number between given range is "" + num1);
}




public static void main (String [] args) {
        MathRandomRange();
        }

        static void MathRandomRange() {
        Scanner scanner = new Scanner(System.in);
        System.out.println(""Enter the minimum range: "");
        int min = scanner.nextInt();
        System.out.println(""Enter the maximum range: "");
        int max = scanner.nextInt();
        int range = max - min + 1;
        int result = (int) (Math.random() * range) + min;
        System.out.println(""The random number is: "" + result);
}","private String capitalizer (String word) {
    String [] words = word.split ("" "");
    StringBuilder sb = new StringBuilder ();
    if (words [0].length () > 0) {
        sb.append (Character.toUpperCase (words [0].charAt (0)) + words [0].subSequence (1, words [0].length ()).toString ().toLowerCase ());
        for (int i = 1;
        i < words.length; i ++) {
            sb.append ("" "");
            sb.append (Character.toUpperCase (words [i].charAt (0)) + words [i].subSequence (1, words [i].length ()).toString ().toLowerCase ());
        }
    }
    return sb.toString ();
}


 private String capitalizeWord(String word) {
    return Character.toUpperCase(word.charAt(0)) + word.substring(1).toLowerCase();
}",1
"public void run () {
    JLabel l = new JLabel (new ImageIcon (bi));
    Border twoPartBorder = new CompoundBorder (new EmptyBorder (15, 15, 15, 15), new EtchedBorder ());
    Border threePartBorder = new CompoundBorder (twoPartBorder, new EmptyBorder (15, 15, 15, 15));
    l.setBorder (threePartBorder);
    JFrame f = new JFrame (""Three Part Border"");
    f.setDefaultCloseOperation (JFrame.DISPOSE_ON_CLOSE);
    f.setContentPane (l);
    f.pack ();
    f.setLocationByPlatform (true);
    f.setVisible (true);
}","public void run () { JLabel l = new JLabel(new ImageIcon(bi));
Border twoPartBorder = new CompoundBorder (new EmptyBorder (15, 15, 15, 15), new LineBorder (Color.BLUE, 15));
Border threePartBorder = new CompoundBorder (twoPartBorder, new LineBorder (new Color (255, 0, 0), 15));
l.setBorder (threePartBorder);
JFrame f = new JFrame(""Three Part Border"");
f.setDefaultCloseOperation (JFrame.DISPOSE_ON_CLOSE);
f.setContentPane (l);
f.pack ();
f.setLocationByPlatform (true);
f.setVisible (true);
}",0
"protected void onActivityResult (int requestCode, int resultCode, Intent data) {
    super.onActivityResult (requestCode, resultCode, data);
    if (requestCode == 0) {
        try {
            Bitmap cameraBitmap;
            cameraBitmap = BitmapFactory.decodeFile (myFilesDir + ""/temp.jpg"");
            Bitmap.createBitmap (cameraBitmap);
            ivPhoto.setImageBitmap (cameraBitmap);
        } catch (Exception e) {
            e.printStackTrace ();
        }
    }
}","protected void onActivityResult(int requestCode, int resultCode, Intent data) {
        super.onActivityResult(requestCode, resultCode, data);
        if (requestCode == 0) {
            try {
                Bitmap cameraBitmap;
                cameraBitmap = BitmapFactory.decodeFile(myFilesDir + ""/temp.jpg"");
                Bitmap roundedRectBitmap = Utils.getRoundedRectBitmap(cameraBitmap);
                ivPhoto.setImageBitmap(roundedRectBitmap);
            } catch (Exception e) {
                e.printStackTrace();
            }
        }
}",0
"public void start (Stage stage) throws Exception {
    URL location = getClass ().getResource (""Main.fxml"");
    FXMLLoader fxmlLoader = new FXMLLoader ();
    fxmlLoader.setLocation (location);
    fxmlLoader.setBuilderFactory (new JavaFXBuilderFactory ());
    Parent root = (Parent) fxmlLoader.load (location.openStream ());
    Scene scene = new Scene (root);
    stage.setScene (scene);
    MainController mainController = fxmlLoader.getController ();
    mainController.setStage (stage);
    mainController.showStage ();
}","public void start (Stage stage) throws Exception {
    URL location = getClass ().getResource (""Main.fxml"");
    FXMLLoader loader = new FXMLLoader ();
    loader.setLocation (location);
    loader.setBuilderFactory (new JavaFXBuilderFactory ());
    Parent root = (Parent) loader.load (location.openStream ());
    Scene scene = new Scene (root);
    stage.setScene (scene);
    MainController controller = loader.getController ();
    controller.setStage (stage);
    controller.showStage ();
}",0
"public void type (String text) {
    char c;
    for (int ii = 0;
    ii < text.length (); ii ++) {
        c = text.charAt (ii);
        if (c <= 31 || c == 129) {
            pressControlKey (c);
        } else {
            typeAsciiCode (c);
        }
    }
}","public void type(String text){
    char c;
    for(int i=0; i < text.length(); i++){
        c = text.charAt(i);
        if (c < 31 || c == 129){
            pressControlKey(c);
        }
        else {
            typeAsciiCode(c);
        }
    }
}",0
"public static void main (String...args) throws Exception {
    List < char [] > myArray = new ArrayList < char [] > ();
    myArray.add (""string1"".toCharArray ());
    myArray.add (""string2"".toCharArray ());
    myArray.add (""string3"".toCharArray ());
    char [] [] charArray2D = myArray.toArray (new char [0] [0]);
    System.out.println (charArray2D.length);
    StringBuilder s = new StringBuilder ();
    for (char [] c : myArray) {
        s.append (String.copyValueOf (c));
    }
    char [] charArray1D = s.toString ().toCharArray ();
    System.out.println (charArray1D.length);
}


public static void myMethod(String input) throws Exception {
    ArrayList<char[]> myList = new ArrayList<char[]>();
    myList.add(input.toCharArray());
    myList.add(input.toCharArray());
    myList.add(input.toCharArray());
    char[][] charArray2D = myList.toArray(new char[myList.size()][]);
    System.out.println(charArray2D.length);
    StringBuilder stringBuilder = new StringBuilder();
    for (char[] c : myList){
        stringBuilder.append(String.copyValueOf(c));
    }
    char[] finalArray = stringBuilder.toString().toCharArray();
    System.out.println(finalArray.length);
}","public static void main (String [] args) {
    String s = ""harikrishna"";
    String s2 = """";
    for (int i = 0;
    i < s.length (); i ++) {
        Boolean found = false;
        for (int j = 0;
        j < s2.length (); j ++) {
            if (s.charAt (i) == s2.charAt (j)) {
                found = true;
                break;
            }
        }
        if (found == false) {
            s2 = s2.concat (String.valueOf (s.charAt (i)));
        }
    }
    System.out.println (s2);
}


public static void main(String[] args){
    String s = ""harikrishna"";
    String s2 = """";
    int i = 0;
    while(i < s.length()){
        Boolean found = false;
        int j = 0;
        while(j < s2.length()){
            if(s.charAt(i) == s2.charAt(j)){
                found = true;
                break;
            }
            j++;
        }
        if(found == false){
            s2 = s2.concat(String.valueOf(s.charAt(i)));
        }
        i++;
    } 
    System.out.println(s2);
}",1
"public static int evenDigits (int n) {
    if ((n & 1) != 0) {
        return evenDigits (n / 10);
    }
    if (n < 10) {
        return n;
    }
    return n % 10 + evenDigits (n / 10) * 10;
}





public static int evenDigits (int n) {
    if (n % 2 != 0) {
        return evenDigits (n / 10);
    } else if (n < 10) {
        return n;
    }
    return n % 10 + evenDigits (n / 10) * 10;
}","public static void main (String [] args) throws Exception {
    Tweet [] tweets;
    ObjectMapper mapper = new ObjectMapper ();
    try {
        File json = new File (""test.json"");
        tweets = mapper.readValue (json, Tweet [].class);
        System.out.println (""Java object created from JSON String :"");
        Arrays.asList (tweets).forEach (System.out :: println);
    } catch (IOException ex) {
        ex.printStackTrace ();
    }
}


	public static void main (String [] args) throws Exception {
    Tweet [] tweets;
    ObjectMapper mapper = new ObjectMapper ();
    try {
        File json = new File (""test.json"");
        tweets = mapper.readValue (json, Tweet [].class);
        System.out.println (""Java object created from JSON String :"");
        for (int i = 0; i < tweets.length; i++) {
            Tweet tweet = tweets[i];
            System.out.println (tweet);
        }
    } catch (IOException ex) {
        ex.printStackTrace ();
    }
}",1
"public void run () {
    JFrame frame2 = new JFrame (""Frame 2"");
    frame2.setDefaultCloseOperation (JFrame.EXIT_ON_CLOSE);
    frame2.getContentPane ().add (new JLabel (""Hello in frame 2""));
    frame2.pack ();
    frame2.setLocation (200, 200);
    frame2.setVisible (true);
    isThereReallyEDT ();
}","public void run () {JFrame frame2 = new JFrame(""Frame 2"");
    frame2.setDefaultCloseOperation(JFrame.EXIT_ON_CLOSE);
    frame2.setContentPane(new JPanel(new GridLayout()));
    frame2.getContentPane().add(new JLabel(""Hello in Frame 2""));
    frame2.pack();
    frame2.setLocation(200, 200);
    frame2.setVisible(true);
    isThereReallyEDT();
}",0
"private String getContactName (Context context, String number) {
    String name = null;
    String [] projection = new String [] {ContactsContract.PhoneLookup.DISPLAY_NAME, ContactsContract.PhoneLookup._ID};
    Uri contactUri = Uri.withAppendedPath (ContactsContract.PhoneLookup.CONTENT_FILTER_URI, Uri.encode (number));
    Cursor cursor = context.getContentResolver ().query (contactUri, projection, null, null, null);
    if (cursor != null) {
        if (cursor.moveToFirst ()) {
            name = cursor.getString (cursor.getColumnIndex (ContactsContract.PhoneLookup.DISPLAY_NAME));
            Log.v (TAG, ""Started uploadcontactphoto: Contact Found @ "" + number);
            Log.v (TAG, ""Started uploadcontactphoto: Contact name  = "" + name);
        } else {
            Log.v (TAG, ""Contact Not Found @ "" + number);
        }
        cursor.close ();
    }
    return name;
}","private String getContactName(Context context, String number) {
    String name = null;
    String[] projection = { ContactsContract.PhoneLookup.DISPLAY_NAME, ContactsContract.PhoneLookup._ID };
    Uri contactUri = Uri.withAppendedPath(ContactsContract.PhoneLookup.CONTENT_FILTER_URI, Uri.encode(number));
    Cursor cursor = context.getContentResolver().query(contactUri, projection, null, null, null);
    if(cursor != null) {
        if (cursor.moveToFirst()) {
            name = cursor.getString(cursor.getColumnIndex(ContactsContract.PhoneLookup.DISPLAY_NAME));
            Log.v(TAG, ""Started uploadcontactphoto: Contact Found @ "" + number);
            Log.v(TAG, ""Started uploadcontactphoto: Contact name  = "" + name);
        } 
        else {
            Log.v(TAG, ""Contact Not Found @ "" + number);
        }
        cursor.close();
    }
    return name;
}",0
"boolean isPalindrome (String s) {
    int n = s.length ();
    for (int i = 0;
    i < (n / 2); ++ i) {
        if (s.charAt (i) != s.charAt (n - i - 1)) {
            return false;
        }
    }
    return true;
}


boolean isPalindrome(String str) {
    int len = str.length();
    int lastIndex = len - 1;
    for (int i = 0; i < (len / 2); i++) {
        if (str.charAt(i) != str.charAt(lastIndex - i)) {
            return false;
        }
    }
    return true;
}","static public void main (String [] argv) {
    System.out.println (""start"");
    new C0 ();
    try {
        System.out.println (""retrieve item: "" + nested.innerItem);
    } catch (Exception e) {
        System.out.println (""failed to retrieve item: "" + e.toString ());
    }
    System.out.println (""finish"");
}


static public void main (String [] argv) {
    System.out.println (""start"");
    C0 obj = new C0 ();
    try {
        System.out.println (""retrieve item: "" + obj.getNested().getInnerItem());
    } catch (Exception e) {
        System.out.println (""failed to retrieve item: "" + e.toString ());
    }
    System.out.println (""finish"");
}",1
"public int solution (int X, int [] A) {
    int size = A.length;
    int [] check = new int [X];
    int cmp = 0;
    int time = - 1;
    for (int x = 0;
    x < size; x ++) {
        int temp = A [x];
        if (temp <= X) {
            if (check [temp - 1] > 0) {
                continue;
            }
            check [temp - 1] ++;
            cmp ++;
        }
        if (cmp == X) {
            time = x;
            break;
        }
    }
    return time;
}","public int solution (int X, int [] A) {
    int size = A.length;
    int [] check = new int [X];
    int cmp = 0;
    int time = - 1;
    for (int x = 0;
    x < size; x ++) {
        int temp = A [x];
        if (temp <= X) {
            if (check [temp - 1] != 0) {
                continue;
            }
            check [temp - 1] = 1;
            cmp ++;
        }
        if (cmp == X) {
            time = x;
            break;
        }
    }
    return time;
}",0
"public void run () {
    try {
        for (int i = 0;
        i < 2; i ++) {
            System.out.println (""toe"");
        }
    } catch (Exception e) {
        e.getStackTrace ();
    }
}


 public void run () {
	  try {
	      for (int i = 1;
	      i <= 2; i++) {
		  System.out.println(""toe"" + i);
	      }
	  } catch (Exception e) {
	      e.getStackTrace();
	  }
}","public static void printTable (String [] countries, int [] populations) {
    int defaultLength = 10;
    int maxCountryLength = stream (countries).mapToInt (String :: length).max ().orElse (defaultLength);
    int maxPopulationLength = stream (populations).mapToObj (Integer :: toString).mapToInt (String :: length).max ().orElse (defaultLength);
    for (int i = 0;
    i < countries.length; i ++) {
        System.out.format (""%-"" + maxCountryLength + ""s | %"" + maxPopulationLength + ""d\n"", countries [i], populations [i]);
    }
}


 
public static void printTable(String[] countries, int[] populations) {
    int defaultLength = 10;
    int maxCountryLength = Arrays.stream(countries).max(Comparator.comparingInt(String::length)).map(String::length).orElse(defaultLength);
    int maxPopulationLength = Arrays.stream(populations).mapToObj(Integer::toString).max(Comparator.comparingInt(String::length)).map(String::length).orElse(defaultLength);
    for (int i = 0; i < countries.length; i++) {
        System.out.format(""%-"" + maxCountryLength + ""s | %"" + maxPopulationLength + ""d\n"", countries[i], populations[i]);
    }
}",1
"public void run () {
    System.out.println (i);
    try {
        cb.await ();
        i = i + 3;
        Thread.sleep (1000);
    } catch (InterruptedException e) {
        e.printStackTrace ();
    } catch (BrokenBarrierException e) {
        e.printStackTrace ();
    }
}","public void run() {
    int count = i;
    System.out.println(count);
    try {
        cb.await();
        count = count + 3;
        Thread.sleep(1000);
    } catch (Exception e) {
        e.printStackTrace();
    }
    i = count;
}",0
"public void type (String text) {
    char c;
    for (int ii = 0;
    ii < text.length (); ii ++) {
        c = text.charAt (ii);
        if (c <= 31 || c == 129) {
            pressControlKey (c);
        } else {
            typeAsciiCode (c);
        }
    }
}","public void type (String text) {
    char c;
    for (int i = 0; i < text.length(); i++) {
        c = text.charAt(i);
        if (c <= 31 || c == 129) {
            pressNumericKey(c);
        }
        else {
            typeAsciiCharacter(c);
        }
    }
}",0
"public void inOrder () {
    if (m_root == null) {
        return;
    }
    Stack < BSTNode > myStack = new Stack < BSTNode > ();
    BSTNode current = m_root;
    while (current != null) {
        myStack.push (current);
        current = current.getLeft ();
    }
    while (! myStack.isEmpty ()) {
        current = (BSTNode) myStack.pop ();
        System.out.print (current.getInfo () + "" "");
        if (current.getRight () != null) {
            current = current.getRight ();
            while (current != null) {
                myStack.push (current);
                current = current.getLeft ();
            }
        }
    }
}



public void inOrder3 () {
    if (m_root == null) {
        return;
    }
    boolean notDone = true;
    Stack < BSTNode > nodeStack = new Stack < BSTNode > ();
    BSTNode curNode = m_root;
    while (notDone) {
        if (curNode != null) {
            nodeStack.push (curNode);
            curNode = curNode.getLeft ();
        } else {
            if (! nodeStack.isEmpty ()) {
                curNode = (BSTNode) nodeStack.pop ();
                System.out.print (curNode.getInfo () + "" "");
                curNode = curNode.getRight ();
            } else {
                notDone = false;
            }
        }
    }
}","public void filter (String [] words, String text) {
    for (int i = 0;
    i < words.length; i ++) {
        if (text.toLowerCase ().contains (words [i].toLowerCase ())) {
            System.out.println (text);
            break;
        }
    }
}



public void filter(String[] words, String text) {
    String newText = text.toLowerCase();
    for (int i = 0;
    i < words.length; i++) {
        if (newText.contains(words[i].toLowerCase())) {
            System.out.println(text);
            break;
        }
    }
}",1
"public static void main (final String [] args) throws IOException {
    BufferedReader br = new BufferedReader (new InputStreamReader (System.in));
    System.out.println (""Enter some text, or '"" + EXIT_COMMAND + ""' to quit"");
    while (true) {
        System.out.print (""><![CDATA[ "");
        String input = br.readLine ();
        System.out.println (input);
        if (input.length () == EXIT_COMMAND.length () && input.toLowerCase ().equals (EXIT_COMMAND)) {
            System.out.println (""Exiting."");
            return;
        }
        System.out.println (""...response goes here..."");
    }
}


public static void main (final String [] args) {
    try {
        BufferedReader br = new BufferedReader (new InputStreamReader (System.in));
        System.out.println (""Enter some text, or '"" + EXIT_COMMAND + ""' to quit"");
        while (true) {
            System.out.print (""><![CDATA[ "");
            String input = br.readLine ();
            System.out.println (input);
            if (input.length () == EXIT_COMMAND.length () && input.toLowerCase ().equals (EXIT_COMMAND)) {
                System.out.println (""Exiting."");
                return;
            }
            System.out.println (""...response goes here..."");
        }
    }
    catch (IOException e) {
        e.printStackTrace ();
    }
}","public static void main (String [] args) throws InterruptedException {
    BlockingQueue < Object > expensiveObjects = new LinkedBlockingQueue < > ();
    expensiveObjects.put (new Object ());
    expensiveObjects.put (new Object ());
    expensiveObjects.put (new Object ());
    expensiveObjects.put (new Object ());
    ExecutorService executorService = Executors.newFixedThreadPool (4);
    for (int i = 0;
    i < 4; i ++) {
        executorService.execute (new MyRunnable (expensiveObjects));
    }
    executorService.shutdown ();
    executorService.awaitTermination (5, TimeUnit.SECONDS);
    System.out.println (""Final: "" + outputCount.get ());
}


public static void main (String [] args) throws InterruptedException {
    BlockingQueue < Object > expensiveObjects = new LinkedBlockingQueue < > ();
    expensiveObjects.offer (new Object ());
    expensiveObjects.offer (Object1);
    expensiveObjects.offer (Object2);
    expensiveObjects.offer (Object3);
    ExecutorService executorService = Executors.newFixedThreadPool (4);
    for (int i = 0;
    i < 4; i ++) {
        executorService.execute (new MyRunnable (expensiveObjects));
    }
    executorService.shutdown ();
    executorService.awaitTermination (6, TimeUnit.SECONDS);
    System.out.println (""Final output: "" + outputCount.get ());
}",1
"public static void main (String [] args) {
    String s1 = ""Cat"";
    String s2 = ""Cat"";
    String s3 = new String (""Cat"");
    if (s1 == s2) {
        System.out.println (""true"");
    } else {
        System.out.println (""false"");
    }
    if (s1 == s3) {
        System.out.println (""true"");
    } else {
        System.out.println (""false"");
    }
    if (s1.equals (s3)) {
        System.out.println (""true"");
    } else {
        System.out.println (""False"");
    }
}



 

public static void main (String [] args) {
    String s1 = ""Dog"";
    String s2 = ""Dog"";
    String s3 = new String (""Dog"");

    System.out.println(s1 == s2);
    System.out.println(s1 == s3);
    System.out.println(s1.equals(s3));
}","public static String toHexString (byte bytes []) {
    if (bytes == null) {
        return null;
    }
    StringBuffer sb = new StringBuffer ();
    for (int iter = 0;
    iter < bytes.length; iter ++) {
        byte high = (byte) ((bytes [iter] & 0xf0)>> 4);
        byte low = (byte) (bytes [iter] & 0x0f);
        sb.append (nibble2char (high));
        sb.append (nibble2char (low));
    }
    return sb.toString ();
}




public static String toHexString(byte [] bytes){
         if (bytes == null){
           return null;
       }
   return javax.xml.bind.DatatypeConverter.printHexBinary(bytes);
}",1
"long pow (long a, int b) {
    if (b == 0) return 1;
    if (b == 1) return a;
    if (isEven (b)) return pow (a * a, b / 2);
    else return a * pow (a * a, b / 2);
}


long pow (long a, int b) {
    if (b <= 1) {
        if (b == 0) return 1;
        else return a;
    }
    else if ((b & 1) == 0) {
        return pow (a * a, b / 2);
    }
    else {
        return a * pow (a * a, b / 2);
    }
}","public static void main (String [] args) {
    LinkedHashMap < String, Vector < String > > data = new LinkedHashMap < String, Vector < String > > ();
    data.put (""foo"", new Vector < String > (Arrays.asList (""1"", ""2"", ""3"")));
    data.put (""bar"", new Vector < String > (Arrays.asList (""3"", ""2"")));
    data.put (""baz"", new Vector < String > (Arrays.asList (""5"", ""6"", ""7"")));
    Foo foo = new Foo (data);
    for (String [] combination : foo.allUniqueCombinations ()) {
        System.out.println (Arrays.toString (combination));
    }
}


public static void main (String [] args) {
    LinkedHashMap < String, Vector < String > > data = new LinkedHashMap <> ();
    data.put (""foo"", new Vector <> (Arrays.asList (""1"", ""2"", ""3"")));
    data.put (""bar"", new Vector <> (Arrays.asList (""3"", ""2"")));
    data.put (""baz"", new Vector <> (Arrays.asList (""5"", ""6"", ""7"")));

    Foo foo = new Foo(data);
    List<String[]> allUniqueCombinations = foo.allUniqueCombinations();
    allUniqueCombinations.forEach(combination -> System.out.println(Arrays.toString(combination)));
}",1
"public void run () {
    String threadName = Thread.currentThread ().getName ();
    try {
        first.lock ();
        latch.countDown ();
        System.out.println (threadName + "": locked first lock"");
        latch.await ();
        System.out.println (threadName + "": attempting to lock second lock"");
        second.lock ();
        System.out.println (threadName + "": never reached"");
    } catch (InterruptedException e) {
        throw new RuntimeException (e);
    }
}","public void run () {
    String threadName = Thread.currentThread ().getName ();
    try {
        // acquire the first lock
        first.lock ();
        System.out.println (threadName + "": locked first lock"");
        // countdown to second lock with latch
        latch.countDown ();
        if (latch.getCount () == 0) {
            System.out.println (threadName + "": attempting to lock second lock"");
            second.lock ();
        }
        System.out.println (threadName + "": never reached"");
    } catch (InterruptedException e) {
        throw new RuntimeException (e);
    }
}",0
"public void deleteRecursive (File path) {
    File [] c = path.listFiles ();
    System.out.println (""Cleaning out folder:"" + path.toString ());
    for (File file : c) {
        if (file.isDirectory ()) {
            System.out.println (""Deleting file:"" + file.toString ());
            deleteRecursive (file);
            file.delete ();
        } else {
            file.delete ();
        }
    }
    path.delete ();
}





public void deleteRecursive(File path) {
    String[] entries = path.list();
    for (String s : entries) {
        File currentFile = new File(path.getPath(), s);
        if (currentFile.isDirectory()) {
            deleteRecursive(currentFile);
        }
        currentFile.delete();
    }
    path.delete();
}","public static void printTable (String [] countries, int [] populations) {
    int defaultLength = 10;
    int maxCountryLength = stream (countries).mapToInt (String :: length).max ().orElse (defaultLength);
    int maxPopulationLength = stream (populations).mapToObj (Integer :: toString).mapToInt (String :: length).max ().orElse (defaultLength);
    for (int i = 0;
    i < countries.length; i ++) {
        System.out.format (""%-"" + maxCountryLength + ""s | %"" + maxPopulationLength + ""d\n"", countries [i], populations [i]);
    }
}


public static void printTable(String[] countries, int[] populations) {
    int defaultLength = 10;
    int maxCountryLength = Arrays.stream(countries).mapToInt(String::length).max().orElse(defaultLength);
    int maxPopulationLength = Arrays.stream(populations).mapToObj(Integer::toString).mapToInt(String::length).max().orElse(defaultLength);
    for (int i = 0; i < countries.length; i++) {
        System.out.printf(""%-"" + maxCountryLength + ""s | %"" + maxPopulationLength + ""d\n"", countries[i], populations[i]);
    }
}",1
"public void registerModule (HttpServletRequest req, ModuleType moduleType) {
    LOGGER.debug (""Register New Module - "" + moduleType.name ());
    try {
        ModuleEntityDao moduleEntityDao;
        if (req.getParts ().isEmpty () || req.getParameterMap ().isEmpty ()) {
            LOGGER.error (""The rest request is empty.No info to register"");
        } else if ((moduleEntityDao = new ModuleEntityGenerator ().get (req, moduleType)) == null) {
            LOGGER.error (""The BA object is null. There is nothing to register"");
        } else if (processRegistryDal.getModule (moduleType, moduleEntityDao.getId ()) == null) {
            processRegistryDal.addNewModule (moduleEntityDao);
        } else {
            processRegistryDal.updateModule (moduleEntityDao);
        }
    } catch (IOException e) {
        LOGGER.error (""IO Error\n"" + e.getMessage ());
    } catch (ServletException e) {
        LOGGER.error (""Servlet Error\n"" + e.getMessage ());
    }
}","public void registerModule (HttpServletRequest req, ModuleType moduleType) {
    LOGGER.debug (""Register New Module - "" + moduleType.name ());
    try {
        ModuleEntityDao moduleEntityDao;
        if (req.getParts ().size () == 0 || req.getParameterMap ().empty ()) {
            LOGGER.error (""The rest request is empty.No info to register"");
        } else if ((moduleEntityDao = new ModuleEntityGenerator ().generate (req, moduleType)) == null) {
            LOGGER.error (""The BA object is null. There is nothing to register"");
        } else if (processRegistryDal.fetchModule (moduleType, moduleEntityDao.getId ()) == null) {
            processRegistryDal.addModule (moduleEntityDao);
        } else {
            processRegistryDal.updateModule (moduleEntityDao);
        }
    } catch (IOException e) {
        LOGGER.error (""IO Error\n"" + e.getMessage ());
    } catch (ServletException e) {
        LOGGER.error (""Servlet Error\n"" + e.getMessage ());
    }
}",0
"public int maxBlock (String str) {
    int max = 0;
    int count = 1;
    char o = ' ';
    for (int i = 0;
    i < str.length (); i ++) {
        char c = str.charAt (i);
        if (c == o) {
            count ++;
            if (count > max) {
                max = count;
            }
        } else {
            count = 1;
            if (count > max) {
                max = count;
            }
        }
        o = c;
    }
    return max;
}","public int maxBlock (String str) {
int biggestBlock = 0;
    int number = 1;
    char past = ' ';
    for (int x = 0; x < str.length(); x++) {
        char present = str.charAt(x);
        if (past == present) {
            number ++; 
            if (number > biggestBlock) {
                biggestBlock = number;
            }
        } else {
            number = 1; 
            if (number > biggestBlock) {
                biggestBlock = number;
            }
        }
        past = present;
    }
    return biggestBlock;
}",0
"public static void main (String [] args) {
    Dog dog = new Dog ();
    Horse horse = new Horse ();
    Animal animal = dog;
    Animal horseAnimal = new Horse ();
    Dog upcastedAnimal = upcastToDog (animal);
    dog.saySomething ();
    dog.getTheBall ();
    upcastedAnimal.saySomething ();
    upcastedAnimal.getTheBall ();
    horse.saySomething ();
    horse.getTheBall ();
    try {
        Dog upcastedDog = upcastToDog (horseAnimal);
    } catch (Exception ex) {
        System.out.println (ex.getClass ().getSimpleName () + "": Obviously a horse is not a dog!"");
    }
}","public static void main (String [] args) {
    GoldenRetriever goldenRetriever = new GoldenRetriever();
    Connemara connemara = new Connemara();
    Animal animal = goldenRetriever;
    Animal horseAnimal = new Connemara();
    GoldenRetriever upcastedAnimal = upcastToGoldenRetriever(animal);
    goldenRetriever.saySomething ();
    goldenRetriever.getTheBall ();
    upcastedAnimal.saySomething ();
    upcastedAnimal.getTheBall ();
    connemara.saySomething ();
    connemara.getTheBall ();
    try {
        GoldenRetriever upcastedGoldenRetriever = upcastToGoldenRetriever(horseAnimal);
    } catch (Exception ex) {
        System.out.println (ex.getClass ().getSimpleName () + "": Obviously a horse is not a golden retriever!"");
    }
}",0
"public CharSequence filter (CharSequence source, int start, int end, Spanned dest, int dstart, int dend) {
    String lsStart = """";
    String lsInsert = """";
    String lsEnd = """";
    String lsText = """";
    Log.d (""debug"", moPattern.toString ());
    Log.d (""debug"", ""source: "" + source + "", start: "" + start + "", end:"" + end + "", dest: "" + dest + "", dstart: "" + dstart + "", dend: "" + dend);
    lsText = dest.toString ();
    if (lsText.length () > 0) {
        lsStart = lsText.substring (0, dstart);
        Log.d (""debug"", ""lsStart : "" + lsStart);
        if (source != """") {
            lsInsert = source.toString ();
            Log.d (""debug"", ""lsInsert: "" + lsInsert);
        }
        lsEnd = lsText.substring (dend);
        Log.d (""debug"", ""lsEnd   : "" + lsEnd);
        lsText = lsStart + lsInsert + lsEnd;
        Log.d (""debug"", ""lsText  : "" + lsText);
    }
    Matcher loMatcher = moPattern.matcher (lsText);
    Log.d (""debug"", ""loMatcher.matches(): "" + loMatcher.matches () + "", lsText: "" + lsText);
    if (! loMatcher.matches ()) {
        return """";
    }
    return null;
}","public CharSequence filter (CharSequence source, int start, int end, Spanned dest, int dstart, int dend) {
    String lsStart = """"; 
    String lsInsert = """"; 
    String lsEnd = """"; 
    String lsText = """"; 
    Log.d (""debug"", moPattern.toString ()); 
    lsText = dest.toString (); 
    if (lsText.length () > 0) {
        lsStart = lsText.substring (0, dstart); 
        if (source != """") {
             lsInsert = source.toString (); 
        }
        lsEnd = lsText.substring (dend); 
        lsText = lsStart + lsInsert + lsEnd; 
        Log.d (""debug"", ""lsText  : "" + lsText);
    } 
    Matcher loMatcher = moPattern.matcher (lsText); 
    if (! loMatcher.matches ()) { 
        Log.d (""debug"", ""Text does not match regex: "" + lsText); 
        return """"; 
    } 
    return null; 
}",0
"public static int mode (int [] [] arr) {
    List < Integer > list = new ArrayList < Integer > ();
    for (int i = 0;
    i < arr.length; i ++) {
        for (int j = 0;
        j < arr [i].length; j ++) {
            list.add (arr [i] [j]);
        }
    }
    int [] vector = new int [list.size ()];
    for (int i = 0;
    i < vector.length; i ++) {
        vector [i] = list.get (i);
    }
}


public static int mode (int [][] arr) {
    ArrayList<Integer> list = new ArrayList<Integer> ();
    for (int i = 0; i < arr.length; i++) {
        for (int j = 0; j < arr[i].length; j++)
            list.add(arr[i][j]);
    }
    Integer [] vector = list.toArray (new Integer [list.size ()]);
    for (int i = 0;
    i < vector.length; i++) {
        vector[i] = list.get (i);
    }
}","public boolean haveThree (int [] nums) {
    int count = 0;
    boolean flag = false;
    for (int i = 0;
    i < nums.length; i ++) {
        if (nums [i] == 3) {
            if (flag) {
                return false;
            } else {
                count ++;
                flag = true;
            }
        } else {
            flag = false;
        }
    }
    return count == 3;
}


public boolean haveThree (int [] nums) {
    int count = 0;
    boolean flag = false;
    for (int i = 0;
    i < nums.length; i ++) {
        if (nums [i] == 3) {
            count ++;
            flag = true;
        }
        if (flag == true && (nums[i] != 3)) {
            flag = false;
        }
        if (count > 2) {
            return false;
        }
    }
    return count == 3;
}",1
"private void transform (HSSFWorkbook workbookOld, XSSFWorkbook workbookNew, HSSFCell cellOld, XSSFCell cellNew) {
    cellNew.setCellComment (cellOld.getCellComment ());
    Integer hash = cellOld.getCellStyle ().hashCode ();
    if (this.styleMap != null && ! this.styleMap.containsKey (hash)) {
        this.transform (workbookOld, workbookNew, hash, cellOld.getCellStyle (), (XSSFCellStyle) workbookNew.createCellStyle ());
    }
    cellNew.setCellStyle (this.styleMap.get (hash));
    switch (cellOld.getCellType ()) {
        case Cell.CELL_TYPE_BLANK :
            break;
        case Cell.CELL_TYPE_BOOLEAN :
            cellNew.setCellValue (cellOld.getBooleanCellValue ());
            break;
        case Cell.CELL_TYPE_ERROR :
            cellNew.setCellValue (cellOld.getErrorCellValue ());
            break;
        case Cell.CELL_TYPE_FORMULA :
            cellNew.setCellValue (cellOld.getCellFormula ());
            break;
        case Cell.CELL_TYPE_NUMERIC :
            cellNew.setCellValue (cellOld.getNumericCellValue ());
            break;
        case Cell.CELL_TYPE_STRING :
            cellNew.setCellValue (cellOld.getStringCellValue ());
            break;
        default :
            System.out.println (""transform: Unbekannter Zellentyp "" + cellOld.getCellType ());
    }
}


 private void transform(HSSFWorkbook workbookOld, XSSFWorkbook workbookNew, HSSFCell cellOld, XSSFCell cellNew) {
    // Get cell comment
    cellNew.setCellComment(cellOld.getCellComment()","public void replaceText (int start, int end, String text) {
    String oldValue = getText ();
    if (! text.matches (""[A-Za-z]"") && ! text.matches (""[\\\\!\""#$%&()*+,./:;<=>?@\\[\\]^_{|}~]+"")) {
        super.replaceText (start, end, text);
    }
    if (getText ().length () > 2) {
        setText (oldValue);
    }
}


 public void replaceText (int start, int end, String text) {
    String oldValue = getText ();

    // Reject special characters
    if (!Pattern.compile(""[^A-Za-z0-9 ]"").matcher(text).find()) { 
 
        super.replaceText (start, end, text);
    }

    // Reset to old value if text length greater than 2
    if (text.length() > 2) {
        setText (oldValue);
    }
}",1
"public void draw (Graphics2D g) {
    float arrowRatio = 0.5f;
    float arrowLength = 80.0f;
    BasicStroke stroke = (BasicStroke) g.getStroke ();
    float endX = 350.0f;
    float veeX = endX - stroke.getLineWidth () * 0.5f / arrowRatio;
    Path2D.Float path = new Path2D.Float ();
    float waisting = 0.5f;
    float waistX = endX - arrowLength * 0.5f;
    float waistY = arrowRatio * arrowLength * 0.5f * waisting;
    float arrowWidth = arrowRatio * arrowLength;
    path.moveTo (veeX - arrowLength, - arrowWidth);
    path.quadTo (waistX, - waistY, endX, 0.0f);
    path.quadTo (waistX, waistY, veeX - arrowLength, arrowWidth);
    path.lineTo (veeX - arrowLength * 0.75f, 0.0f);
    path.lineTo (veeX - arrowLength, - arrowWidth);
    g.setColor (Color.BLUE);
    g.fill (path);
    g.setColor (Color.RED);
    g.draw (new Line2D.Float (50.0f, 0.0f, veeX - arrowLength * 0.5f, 0.0f));
}","public void draw (Graphics2D g) {
    float arrowRatio = 0.5f;
    float arrowLength = 80.0f;
    BasicStroke stroke = (BasicStroke) g.getStroke ();
    float endX = 350.0f;
    float veeX = endX - stroke.getLineWidth () * 0.5f / arrowRatio;
    Path2D.Float path = new Path2D.Float ();
    float waisting = 0.5f;
    float waistX = endX - arrowLength * 0.5f;
    float waistY = arrowRatio * arrowLength * 0.5f * waisting;
    float arrowWidth = arrowRatio * arrowLength;
    path.moveTo (veeX - arrowLength, - arrowWidth);
    path.quadTo (waistX, - waistY, endX, 0.0f);
    path.quadTo (waistX, waistY, veeX, arrowWidth);
    path.lineTo (veeX - arrowLength * 0.75f, 0.0f);
    path.lineTo (veeX - arrowLength, - arrowWidth);
    g.setColor (Color.BLUE);
    g.fill (path);
    g.setColor (Color.RED);
    g.draw (new Line2D.Float (50.0f, 0.0f, veeX - arrowLength * 0.5f, 0.0f));
}",0
"public void primeFactor () {
    input = sc.nextInt ();
    for (num = 1; num <= input; num ++) {
        if (isPrime (num)) {
            if (divide (num)) {
                System.out.println (""Adding a new int..."");
                factors.add (num);
            }
        }
    }
    for (int element : factors) {
        System.out.println (element);
    }
}


 public void primeFactor () {
    input = sc.nextInt ();
    ArrayList<Integer> primeList = new ArrayList<Integer>();
    for (num = 1; num <= input; num ++) {
        if (isPrime (num)) {
            if (divide (num)) {
                System.out.println (""Adding a new int..."");
                factors.add (num);
                primeList.add(num);
            }
        }
    }
    Collections.sort(primeList);
    for (int element : primeList) {
        System.out.println (element);
    }
}","public static boolean isBalanced (String str) {
    boolean result = false;
    if (str.length () < 2) return false;
    Stack < Character > stack = new Stack < > ();
    for (int i = 0;
    i < str.length (); i ++) {
        char ch = str.charAt (i);
        if (! parenthesesMapRight.containsKey (ch) && ! parenthesesMapLeft.containsKey (ch)) {
            continue;
        }
        if (parenthesesMapLeft.containsKey (ch)) {
            stack.push (ch);
        } else {
            if (! stack.isEmpty () && stack.pop () == parenthesesMapRight.get (ch).charValue ()) {
                result = true;
            } else {
                return false;
            }
        }
    }
    if (! stack.isEmpty ()) return result = false;
    return result;
}


 public static boolean isBalanced (String str) {boolean result = false;
    if (str.length () < 2) return false;
    Stack < Character > stack = new Stack < > ();
    for (int i = 0; i < str.length (); i++) {
        char ch = str.charAt(i);
        if (parenthesesMapRight.containsKey(ch)) {
            if (stack.isEmpty() || parenthesesMapLeft.get(stack.pop()) != str.charAt(i)) {
                return false;
            } else {
                result =  true;
            }
        } else if (parenthesesMapLeft.containsKey(ch)) {
            stack.push(str.charAt(i));
        }
    }
    if (! stack.isEmpty()) return false; 
    return result;
}",1
"private HSSFFont transform (HSSFWorkbook workbookNew, XSSFFont fontOld) {
    HSSFFont fontNew = workbookNew.createFont ();
    fontNew.setBoldweight (fontOld.getBoldweight ());
    fontNew.setCharSet (fontOld.getCharSet ());
    fontNew.setColor (fontOld.getColor ());
    fontNew.setFontName (fontOld.getFontName ());
    fontNew.setFontHeight (fontOld.getFontHeight ());
    fontNew.setItalic (fontOld.getItalic ());
    fontNew.setStrikeout (fontOld.getStrikeout ());
    fontNew.setTypeOffset (fontOld.getTypeOffset ());
    fontNew.setUnderline (fontOld.getUnderline ());
    return fontNew;
}","private HSSFFont transform (HSSFWorkbook workbookNew, XSSFFont fontOld) {
    HSSFFont fontNew = workbookNew.createFont ();
    fontNew.setBoldweight (fontOld.getBold());
    fontNew.setCharSet (fontOld.getCharSet ());
    fontNew.setColor (fontOld.getColor ());
    fontNew.setFontName(fontOld.getName ());
    fontNew.setFontHeight (fontOld.getHeight ());
    fontNew.setItalic (fontOld.getItalic ());
    fontNew.setStrikeout (fontOld.isStrikethrough ());
    fontNew.setTypeOffset (fontOld.getTypeOffset ());
    fontNew.setUnderline (fontOld.getUnderline ());
    return fontNew;
}",0
"public static void main (String [] args) {
    String output = """";
    Multiset < String > wordsMultiset = HashMultiset.create ();
    String [] words = ""AAABBBBCC"".split ("""");
    wordsMultiset.addAll (Arrays.asList (words));
    for (Entry < String > string : wordsMultiset.entrySet ()) {
        if (! string.getElement ().isEmpty ()) output += string.getCount () + """" + string.getElement ();
    }
    System.out.println (output);
}


 public static void main(String[] args) {
    String output = """";
    Multiset<String> wordsMultiset = EnumMultiset.create(Arrays.asList(""AAABBBBCC"".split("""")));
    for(String string : wordsMultiset.elementSet()) {
        if (! string.isEmpty()) output += wordsMultiset.count(string) + """" + string;
    }
    System.out.println(output);
}","public static void main (String [] args) {
    Address address = new Address ();
    address.setSomeCrap (null);
    Person person = new Person ();
    person.setAddress (address);
    long startTime = System.currentTimeMillis ();
    for (int i = 0;
    i < 1000000; i ++) {
        try {
            System.out.println (person.getAddress ().getSomeCrap ().getCrap ());
        } catch (NullPointerException npe) {
        }
    }
    long endTime = System.currentTimeMillis ();
    System.out.println ((endTime - startTime) / 1000F);
    long startTime1 = System.currentTimeMillis ();
    for (int i = 0;
    i < 1000000; i ++) {
        if (person != null) {
            Address address1 = person.getAddress ();
            if (address1 != null) {
                SomeCrap someCrap2 = address1.getSomeCrap ();
                if (someCrap2 != null) {
                    System.out.println (someCrap2.getCrap ());
                }
            }
        }
    }
    long endTime1 = System.currentTimeMillis ();
    System.out.println ((endTime1 - startTime1) / 1000F);
}


 public static void main(String[] args) {
    Address address = new Address();
    person.setAddress(address);
    long startTime = System.currentTimeMillis();
    for (int i = 0; i < 1000000; i++) {
        try {
            if (person.getAddress() != null && address.getSomeCrap() != null && address.getSomeCrap().getCrap() != null) {
                System.out.println(address.getSomeCrap().getCrap());
            }
    ",1
"public static void main (final String [] args) throws IOException {
    BufferedReader br = new BufferedReader (new InputStreamReader (System.in));
    System.out.println (""Enter some text, or '"" + EXIT_COMMAND + ""' to quit"");
    while (true) {
        System.out.print (""><![CDATA[ "");
        String input = br.readLine ();
        System.out.println (input);
        if (input.length () == EXIT_COMMAND.length () && input.toLowerCase ().equals (EXIT_COMMAND)) {
            System.out.println (""Exiting."");
            return;
        }
        System.out.println (""...response goes here..."");
    }
}","public static void main(final String[] args) throws IOException {
    BufferedReader br = new BufferedReader(new InputStreamReader(System.in));
    System.out.println(""Enter your command, or '"" + EXIT_COMMAND + ""' to quit"");
    while (true) {
        System.out.print(""><![CDATA[ "");
        String input = br.readLine();
        System.out.println(input);
        if (input.length() == EXIT_COMMAND.length() && input.toLowerCase().equals(EXIT_COMMAND)) {
            System.out.println(""Program is exiting."");
            return;
        }
        System.out.println(""...response goes here..."");
    }
}",0
"private HSSFFont transform (HSSFWorkbook workbookNew, XSSFFont fontOld) {
    HSSFFont fontNew = workbookNew.createFont ();
    fontNew.setBoldweight (fontOld.getBoldweight ());
    fontNew.setCharSet (fontOld.getCharSet ());
    fontNew.setColor (fontOld.getColor ());
    fontNew.setFontName (fontOld.getFontName ());
    fontNew.setFontHeight (fontOld.getFontHeight ());
    fontNew.setItalic (fontOld.getItalic ());
    fontNew.setStrikeout (fontOld.getStrikeout ());
    fontNew.setTypeOffset (fontOld.getTypeOffset ());
    fontNew.setUnderline (fontOld.getUnderline ());
    return fontNew;
}","private HSSFFont transform (HSSFWorkbook workbookNew, XSSFFont fontOld) {
    HSSFFont fontNew = workbookNew.createFont ();
    fontNew.setFontHeight(fontOld.getFontHeight());
    fontNew.setFontName(fontOld.getFontName());
    fontNew.setBoldweight(fontOld.getBoldweight());
    fontNew.setCharSet(fontOld.getCharSet());
    fontNew.setColor((short)fontOld.getColor());
    fontNew.setItalic(fontOld.getItalic());
    fontNew.setStrikeout(fontOld.getStrikeout());
    fontNew.setTypeOffset(fontOld.getTypeOffset());
    fontNew.setUnderline(fontOld.getUnderline());
    return fontNew;
}",0
"public static void main (String [] args) {
    int len = args.length;
    if (len <= 0) {
        System.out.println ("" ERROR: Please input a value of 1-5"");
        System.exit (0);
    }
    int j;
    for (int i = 0;
    i <= len; i ++) {
        for (j = 0; j <= i; j ++) System.out.print (""*"");
        System.out.println ("""");
    }
}


 //using do while loop
public static void main (String [] args) {
    int len = args.length;
    int j;
     
    if (len <= 0) {
        System.out.println ("" ERROR: Please input a value of 1-5"");
        System.exit (0);
    }
     
    int i = 0;
    do {
       j = 0;
       do {
          System.out.print(""*"");
          j++;
       }while (j <= i);
       System.out.println("""");
       i++;
    }while (i <= len);
}","public Object [] tokenizer (String value, String [] delimeters) {
    List < String > list = new ArrayList < String > ();
    for (String s : delimeters) {
        if (value.contains (s)) {
            String [] strArr = value.split (""\\"" + s);
            for (String str : strArr) {
                list.add (str);
                if (! list.contains (s)) {
                    list.add (s);
                }
            }
        }
    }
    Object [] newValues = list.toArray ();
    return newValues;
}





public Object[] tokenizer(String value, String[] delimeters){
    return Arrays.stream(delimeters)
                 .flatMap(del -> Arrays.stream(value.split(""\\"" + del)))
                 .distinct()
                 .toArray();
}",1
"public synchronized void run () {
    int i = 3;
    while (i < 50) {
        while (s.getState () != 2) {
            synchronized (s) {
                try {
                    s.wait ();
                } catch (InterruptedException e) {
                    e.printStackTrace ();
                }
            }
        }
        synchronized (s) {
            if (s.getState () == 2) System.out.println (""t3 "" + i);
            i = i + 3;
            s.setState (3);
            s.notifyAll ();
        }
    }
}





public synchronized void run () {
            int i = 3;
            while (i < 50) {
                while (s.getState () != 2) {
                    try {
                        s.wait ();
                    } catch (InterruptedException e) {
                        e.printStackTrace ();
                    }
                }
                printAndNotify(s, i);
                i = i + 3;
            }
        }

        private void printAndNotify(MyClass s, int i) {
            if (s.getState () == 2) System.out.println (""t3 "" + i);
            s.setState(3);
            s.notifyAll();
}","public FileVisitResult visitFile (Path file, BasicFileAttributes attrs) throws IOException {
                System.out.println (file);
                return FileVisitResult.CONTINUE;
}


 public FileVisitResult visitFile (Path file, BasicFileAttributes attrs) throws IOException {
                Files.lines(file).forEach(System.out::println); 
                return FileVisitResult.CONTINUE;
}",1
"public static boolean isBalanced (String brackets) {
    Map < Character, Character > braces = new HashMap < > ();
    braces.put ('(', ')');
    braces.put ('[', ']');
    braces.put ('{', '}');
    if (brackets.length () % 2 != 0) {
        return false;
    }
    Stack < Character > halfBraces = new Stack ();
    for (char ch : brackets.toCharArray ()) {
        if (braces.containsKey (ch)) {
            halfBraces.push (braces.get (ch));
        } else if (halfBraces.isEmpty () || ch != halfBraces.pop ()) {
            return false;
        }
    }
    return halfBraces.isEmpty ();
}


public static boolean isBalanced (String brackets) {
    Map < Character, Character > braces = new HashMap < > ();
    braces.put ('(', ')');
    braces.put ('[', ']');
    braces.put ('{', '}');
    if (brackets.length () % 2 != 0) {
        return false;
    }
    Stack < Character > halfBraces = new Stack <> ();
    char [] bracketCharArray = brackets.toCharArray ();
    for (int i=0; i< bracketCharArray.length; i++) {
        char characters = bracketCharArray[i];
        if (braces.containsKey (characters)) {
            halfBraces.push (braces.get (characters));
        } else if (halfBraces.isEmpty () || characters != halfBraces.pop ()) {
            return false;
        }
    }
    return halfBraces.isEmpty ();
}","bool isPrime (int number) {
    if (number < 2) return false;
    if (number == 2) return true;
    if (number % 2 == 0) return false;
    for (int i = 3;
    (i * i) <= number; i += 2) {
        if (number % i == 0) return false;
    }
    return true;
}


bool isPrime (int number) {
    int limit; // Line 1

    if (number < 2) return false; // Line 2
    if (number == 2) return true;  // Line 3
    if (number % 2 == 0) return false; // Line 4
    limit = (int)sqrt(number); // Line 5
    for (int i = 3; i <= limit; i += 2) { // Line 6
        if (number % i == 0) return false; // Line 7
    }
    return true; // Line 8
}",1
"public int solution (int X, int [] A) {
    Set < Integer > leaves = new HashSet < > ();
    for (int i = 0;
    i < A.length; i ++) {
        leaves.add (A [i]);
        if (leaves.contains (X) && leaves.size () == X) return i;
    }
    return - 1;
}





public int solution(int X,int[] A){
   HashSet<Integer> leaves = new HashSet<>();
   for (int i = 0;i < A.length;i++){
       if (leaves.add(A[i]) && leaves.size()==X) return i;
   }
    return -1;
}","public void actionPerformed (ActionEvent e) {
    try {
        InputStream is = new BufferedInputStream (new FileInputStream (file));
        XMLDecoder xd = new XMLDecoder (is);
        model = (DefaultTableModel) xd.readObject ();
        table.setModel (model);
    } catch (IOException ex) {
        ex.printStackTrace ();
    }
}




public void actionPerformed(ActionEvent e) {
    try(Reader reader = new BufferedReader(new FileReader(file))) {
        XMLDecoder xd = new XMLDecoder(new FileInputStream(file));
        model = (DefaultTableModel) xd.readObject();
        table.setModel(model);
    } catch (IOException ex) {
        ex.printStackTrace ();
    }
}",1
"private static boolean isPermutation (String a, String b) {
    char [] aArray = a.toCharArray ();
    char [] bArray = b.toCharArray ();
    if (a.length () != b.length ()) {
        return false;
    }
    int found = 0;
    for (int i = 0;
    i < aArray.length; i ++) {
        char eachA = aArray [i];
        for (int k = 0;
        k < bArray.length; k ++) {
            if (eachA == bArray [k]) {
                found ++;
                bArray [k] = '\uFFFF';
                break;
            }
        }
    }
    return found == a.length ();
}


  private static boolean isPermutation(String a, String b) {
    if (a == null || b == null || a.length() != b.length()) 
        return false; 
  
    int[] counts = new int[256]; 
    for (int i = 0; i < a.length(); i++)  
        counts[a.charAt(i)]++; 
  
    for (int i = 0; i < b.length(); i++) { 
        counts[b.charAt(i)]--; 
          
        if (counts[b.charAt(i)] < 0) 
            return false; 
    } 
    return true; 
}","public static void main (String [] args) throws IOException {
    ZipOutputStream zos = new ZipOutputStream (new FileOutputStream (new File (""big.jar"")));
    zos.putNextEntry (new ZipEntry (""resource.txt""));
    zos.write (""not too much in here"".getBytes ());
    zos.closeEntry ();
    zos.putNextEntry (new ZipEntry (""largeFile.out""));
    for (int i = 0;
    i < 10000000; i ++) {
        zos.write ((int) (Math.round (Math.random () * 100) + 20));
    }
    zos.closeEntry ();
    zos.close ();
}




public static void main(String[] args) throws IOException {
    try(ZipOutputStream zos = new ZipOutputStream(new BufferedOutputStream(new FileOutputStream(""big.jar"")))){
        zos.putNextEntry(new ZipEntry(""resource.txt""));
        zos.write(""not too much in here"".getBytes());
        zos.putNextEntry(new ZipEntry(""largeFile.out""));
        ByteBuffer byteBuffer = ByteBuffer.allocate(10000000);
        byteBuffer.asIntBuffer().put(new Random().ints(10000000, 20, 120).toArray());
        zos.write(byteBuffer.array());
        zos.finish();
    }
}",1
"public static void main (String args []) {
    Scanner sc = new Scanner (System.in);
    ArrayList < Integer > l = new ArrayList < Integer > (10);
    for (int i = 0;
    i < 10; i ++) l.add (sc.nextInt ());
    Collections.shuffle (l);
    for (int j = 0;
    j < 10; j ++) System.out.println (l.get (j));
}


 public static void main (String args [])  {
    Random random = new Random(); 
    for (int i = 0; i < 10; i++) {
        int randomNumber = random.nextInt(10);
        arraylist.add(randomNumber);
    }
    Collections.shuffle(arraylist);
    for (int j = 0; j < 10; j++) {
        System.out.println(arraylist.get(j)); 
    }
}","public static String translateToEnglish (String phrase) {
    if (phrase == null) {
        return null;
    }
    String finished = phrase.replace ('4', 'a').replace ('1', 'l').replace ('2', 'z').replace ('5', 's').replace ('8', 'b').replace ('0', 'o').replace ('7', 't').replace (""|_|"", ""u"").replace (""3"", ""e"");
    finished = finished.replace ("" e "", "" 3 "");
    if (finished.startsWith (""e "")) {
        finished = ""3 "" + finished.substring (2);
    }
    if (finished.endsWith ("" e"")) {
        finished = finished.substring (0, finished.length () - 2) + "" 3"";
    }
    return finished;
}




public static String translateToEnglish(String phrase) {
    if (null == phrase) return null;
    else{
        String temp= phrase.replace('4','a').replace('1','l').replace('2','z').replace('5','s').replace('8','b').replace('0','o').replace('7','t').replace(""|_|"",""u"").replace(""3"",""e"");
        return temp.replace("" e "", "" 3 "");
    }
}",1
"public static void main (String [] args) throws IOException {
    JFrame myFrame = new JFrame (""myJfTitle"");
    myFrame.setLayout (new BorderLayout ());
    JButton myButton = new JButton (""Click me"");
    myButton.setAlignmentX (Component.CENTER_ALIGNMENT);
    JProgressBar myBar = new JProgressBar ();
    LayoutManager overlay = new OverlayLayout (myBar);
    myBar.setLayout (overlay);
    myBar.setValue (50);
    myBar.add (myButton);
    myFrame.add (myBar, BorderLayout.CENTER);
    myFrame.pack ();
    myFrame.setSize (new Dimension (300, 100));
    myFrame.setVisible (true);
}","public static void main (String [] args) throws IOException {JFrame myFrame = new JFrame (""myJfTitle"");
    myFrame.setLayout (new BoxLayout (myFrame, BoxLayout.X_AXIS));
    JButton myButton = new JButton (""Click me"");
    myButton.setAlignmentX (Component.RIGHT_ALIGNMENT);
    JProgressBar myBar = new JProgressBar ();
    LayoutManager overlay = new OverlayLayout (myBar);
    myBar.setLayout (overlay);
    myBar.setValue (50);
    myBar.add (myButton);
    myFrame.add (myBar, BorderLayout.CENTER);
    myFrame.pack ();
    myFrame.setSize (new Dimension (300, 250));
    myFrame.setVisible (true);
}",0
"public Node reverse (Node previous, Node current) {
    if (previous == null) return null;
    if (previous.equals (head)) previous.setNext (null);
    if (current == null) {
        head = previous;
        return head;
    } else {
        Node temp = current.getNext ();
        current.setNext (previous);
        reverse (current, temp);
    }
    return null;
}","public Node reverse(Node prev, Node curr) {
    //Base case
    if(prev == null) return null;
    //Check for head
    if(prev.equals(head)) prev.setNext(null);
    //Check for end of list
    if(curr == null) {
        head = prev;
        return head;
    } 
    //Save next node
    Node tmp = curr.getNext();
    //Reverse link 
    curr.setNext(prev);
    //Recursive
    reverse(current, tmp);
    return null;
}",0
"public static void countString (String str, char value) {
    String [] arr = str.split ("""");
    StringBuffer tempString = new StringBuffer ();
    for (String s : arr) {
        tempString.append (s);
        for (char ch : s.toCharArray ()) {
            System.out.println (""Number of Occurrence of "" + ch + "" is:"" + tempString.chars ().filter (i -> i == ch).count ());
        }
    }
    if (! (Character.toString (value).isEmpty ())) {
        StringBuffer tempString2 = new StringBuffer ();
        for (String s : arr) {
            tempString2.append (s);
            for (char ch : s.toCharArray ()) {
                if (ch == value) {
                    System.out.println (""Number of Occurrence of "" + ch + "" is:"" + tempString2.chars ().filter (i -> i == ch).count ());
                }
            }
        }
    }
}




public static void countString (String str, char value) {
    int count = str.length() - str.replace(String.valueOf(value), """").length();
    System.out.println (""Number of Occurrence of "" + value + "" is:"" + count);
}","private int sum (@NotNull
Index mainIndex,@NotNull
Index secondaryIndex) {
    int localSum = 0;
    while (mainIndex.index < array.length && secondaryIndex.sign.test (array [mainIndex.index])) {
        mainIndex.index ++;
    }
    if (mainIndex.index < array.length) {
        localSum += array [mainIndex.index ++];
    } else {
        for (; secondaryIndex.index < array.length; secondaryIndex.index ++) {
            if (secondaryIndex.sign.test (array [secondaryIndex.index])) {
                localSum += array [secondaryIndex.index];
            }
        }
    }
    return localSum;
}


//10
private int sum (@NotNull Index primaryIndex, @NotNull Index secondaryIndex) {
    for (;primaryIndex.index<array.length && secondaryIndex.sign.test(array[primaryIndex.index]);primaryIndex.index++);
    return primaryIndex.index < array.length ? array[primaryIndex.index++] :
            IntStream.range(secondaryIndex.index, array.length).filter(i -> secondaryIndex.sign.test(array[i])).sum();
}",1
"public static void main (String args []) {
    int ci, i, j, k, l = 0;
    String str, str1, result, subString;
    char c1, c2, ch;
    Scanner scan = new Scanner (System.in);
    System.out.print (""Enter a String : "");
    str = scan.nextLine ();
    i = str.length ();
    for (c1 = 'A'; c1 <= 'z'; c1 ++) {
        for (c2 = 'A'; c2 <= 'z'; c2 ++) {
            result = new String (new char [] {c1, c2});
            k = 0;
            for (j = 0; j < i - 1; j ++) {
                subString = str.substring (j, j + 2);
                if (result.equals (subString)) {
                    k ++;
                }
            }
            if (k > 0) {
                System.out.println ("""" + result + "": "" + k);
            }
        }
    }
}


 public static void main (String args []) {
    int ci, i, j, k, l = 0;
    String str, str1, result, subString;
    char c1, c2, ch;
    Scanner scan = new Scanner (System.in);
    System.out.print (""Enter a String : "");
    str = scan.nextLine();
    i = str.length();
    for (c1 = 'A'; c1 <= 'z'; c1 ++) {
        for (c2 = 'A'; c2 <= 'z'; c2 ++) {
            result = new String (new char [] {c1, c2});
            k = 0;
            char[] chars = str.toCharArray();
            for (int x = 0; x < chars.length-2; x +=2) {
                char first = chars[x];
                char second = chars[x+1];
                if (Character.valueOf(c1) == first && Character.valueOf(c2) == second ) {
                    k++;
                }
  ","public void run () {
    try {
        for (int i = 0;
        i < 2; i ++) {
            System.out.println (""tac"");
        }
    } catch (Exception e) {
        e.getStackTrace ();
    }
}


 public void run(){
    int loops = 2;
    for(int i=0; i<loops; ){
        try{
            System.out.println(""tac"");
            i++;
        }catch(Exception e){
            e.getStackTrace();
        }
    }
}",1
"public static void main (String [] args) {
    int temp = 0;
    out : for (int i = 0;
    i < 3; ++ i) {
        System.out.println (""I am here"");
        for (int j = 0;
        j < 20; ++ j) {
            if (temp == 0) {
                System.out.println (""j: "" + j);
                if (j == 1) {
                    temp = j;
                    continue out;
                }
            }
        }
    }
    System.out.println (""temp = "" + temp);
}





public static void main(String[] args) {
    int temp = 0;
    outer: for(int i = 0; i < 3; i++){
        System.out.println(""I am here"");
        for(int f = 0; f < 20; f++){
            System.out.println(""j: "" + f);
            if(f == 1){
                temp = f;
                break outer;
            }
        }
    }
    System.out.println(""Temp = "" + temp);
}","public static void main (String [] args) {
    Random ran = new Random ();
    int min, max;
    Scanner sc = new Scanner (System.in);
    System.out.println (""Enter min range:"");
    min = sc.nextInt ();
    System.out.println (""Enter max range:"");
    max = sc.nextInt ();
    int num = ran.nextInt (min);
    int num1 = ran.nextInt (max);
    System.out.println (""Random Number between given range is "" + num1);
}


 public static void main (String [] args) {
    Random ran = new Random ();
    int min, max, num;
    Scanner sc = new Scanner (System.in);
    System.out.println (""Enter lower limit:"");
    min = sc.nextInt ();
    System.out.println (""Enter upper limit:"");
    max = sc.nextInt ();
    num = ran.nextInt (max - min + 1) + min;
    System.out.println (""Random Number between given range is "" + num);
}",1
"public void run () {
    JFrame frame2 = new JFrame (""Frame 2"");
    frame2.setDefaultCloseOperation (JFrame.EXIT_ON_CLOSE);
    frame2.getContentPane ().add (new JLabel (""Hello in frame 2""));
    frame2.pack ();
    frame2.setLocation (200, 200);
    frame2.setVisible (true);
    isThereReallyEDT ();
}","public void run () {JFrame frame2 = new JFrame(""Frame 2"");
    frame2.setDefaultCloseOperation(JFrame.EXIT_ON_CLOSE);
    frame2.getContentPane().add(new JLabel(""Hello in Frame 2""));
    frame2.setSize(new Dimension(200,200));
    frame2.setLocation(200, 200);
    frame2.setVisible(true);
    isThereReallyEDT();
}",0
"public static void main (String args []) throws InterruptedException, IOException {
    List < String > command = new ArrayList < String > ();
    command.add (args [0]);
    ProcessBuilder builder = new ProcessBuilder (command);
    Map < String, String > environ = builder.environment ();
    final Process process = builder.start ();
    InputStream is = process.getInputStream ();
    InputStreamReader isr = new InputStreamReader (is);
    BufferedReader br = new BufferedReader (isr);
    String line;
    while ((line = br.readLine ()) != null) {
        System.out.println (line);
    }
    System.out.println (""Program terminated!"");
}","public static void main (String args []) throws InterruptedException, IOException {
    List<String> command = new ArrayList<String>();
    command.add(args[0]);
    ProcessBuilder builder = new ProcessBuilder(command);
    Map<String, String> environ = builder.environment();

    Process process = builder.start();

    InputStream is = process.getInputStream();
    InputStreamReader isr = new InputStreamReader(is);

    try (BufferedReader br = new BufferedReader(isr)) {
        String line;
        while ((line = br.readLine()) != null) {
            System.out.println(line);
        }
        System.out.println(""Program terminated!"");
    }
}",0
"public static final void main (String...args) {
    Node tree = new Node ();
    tree.value = ""root"";
    Node [] n = {new Node (), new Node ()};
    tree.nodes = n;
    tree.nodes [0].value = ""leftish"";
    tree.nodes [1].value = ""rightish-leafy"";
    Node [] nn = {new Node ()};
    tree.nodes [0].nodes = nn;
    tree.nodes [0].nodes [0].value = ""off-leftish-leaf"";
    System.out.println (Arrays.toString (list (tree, args [0]).toArray ()));
}","public static final void main (String...args) {
    Node tree = new Node ();
    tree.value = ""root"";
    Node [] n = {new Node (), new Node ()};
    tree.links = n;
    tree.links [0].value = ""leftish"";
    tree.links [1].value = ""rightish-leafy"";
    Node [] nn = {new Node ()};
    tree.links [0].links = nn;
    tree.links [0].links [0].value = ""off-leftish-leaf"";
    System.out.println (Arrays.toString (list (tree, args [0]).toArray ()));
}",0
"public void move (Container container) {
    if (x >= canvasWidth || x <= 0) {
        deltaX = - 1 * deltaX;
    }
    if (y >= canvasHeight || y <= 0) {
        deltaY = - 1 * deltaY;
    }
    x += deltaX;
    y += deltaY;
}


public void move (Container container) {
    if (x > canvasWidth || x < 0) {
        deltaX = - deltaX;
    }
    if (y > canvasHeight || y < 0) {
        deltaY = - deltaY;
    }
    x = x + deltaX;
    y = y + deltaY;
}","public static String getDurationBreakdown (long millis) {
    if (millis < 0) {
        throw new IllegalArgumentException (""Duration must be greater than zero!"");
    }
    long days = TimeUnit.MILLISECONDS.toDays (millis);
    millis -= TimeUnit.DAYS.toMillis (days);
    long hours = TimeUnit.MILLISECONDS.toHours (millis);
    millis -= TimeUnit.HOURS.toMillis (hours);
    long minutes = TimeUnit.MILLISECONDS.toMinutes (millis);
    millis -= TimeUnit.MINUTES.toMillis (minutes);
    long seconds = TimeUnit.MILLISECONDS.toSeconds (millis);
    StringBuilder sb = new StringBuilder (64);
    sb.append (days);
    sb.append ("" Days "");
    sb.append (hours);
    sb.append ("" Hours "");
    sb.append (minutes);
    sb.append ("" Minutes "");
    sb.append (seconds);
    sb.append ("" Seconds"");
    return (sb.toString ());
}


public static String getDurationBreakdown (long millis) {
    if (millis < 0) {
        throw new IllegalArgumentException(""Duration must be greater than zero!"");
    }
    long days = TimeUnit.MILLISECONDS.toDays(millis);
    millis = millis % TimeUnit.DAYS.toMillis(1);
    long hours = TimeUnit.MILLISECONDS.toHours(millis);
    millis = millis % TimeUnit.HOURS.toMillis(1);
    long minutes = TimeUnit.MILLISECONDS.toMinutes(millis);
    millis = millis % TimeUnit.MINUTES.toMillis(1);
    long seconds = TimeUnit.MILLISECONDS.toSeconds(millis);
    return (days + "" Days "" + hours + "" Hours "" + minutes + "" Minutes "" + seconds + "" Seconds"");
}",1
"public void primeFactor () {
    input = sc.nextInt ();
    for (num = 1; num <= input; num ++) {
        if (isPrime (num)) {
            if (divide (num)) {
                System.out.println (""Adding a new int..."");
                factors.add (num);
            }
        }
    }
    for (int element : factors) {
        System.out.println (element);
    }
}


 public void primeFactor () {
    input = sc.nextInt ();
    PriorityQueue<Integer> primeQ = new PriorityQueue<Integer>();
    for (num = 1; num <= input; num ++) {
        if (isPrime (num)) {
            if (divide (num)) {
                System.out.println (""Adding a new int..."");
                factors.add (num);
                primeQ.add(num);
            }
        }
    }
    int size = primeQ.size();
    for (int i = 0; i < size; i++) {
        System.out.println(primeQ.poll());
    }
}","public static void main (String [] args) {
    int [] [] matrix = new int [] [] {{1, 2, 2}, {2, 2, 3}, {0, 1, 2}};
    int result = 1;
    for (int i = 0;
    i < matrix.length; i ++) {
        result = result * matrix [i] [i];
    }
    System.out.println (""Result: "" + result);
}





public static void main (String [] args) {
    int [] [] data = {{1, 2, 2}, {2, 2, 3}, {0, 1, 2}};
    int sum = 1;
    for (int i = 0; i < data.length; i ++) {
        sum *= data [i] [i];
    }
    System.out.println (""Sum: "" + sum);
}",1
"public ListNode switchPairs () {
    if (this == null || this.next == null) return this;
    ListNode top = this.next;
    ListNode first = this;
    ListNode second = first.next;
    do {
        ListNode third = second.next;
        second.next = first;
        first.next = third;
        first = third;
        System.out.println (""@@@ "" + this.toString ());
        if (first != null) {
            second.next.next = first.next;
            second = first.next;
        }
    } while (first != null && second != null);
    return top;
}","public ListNode switchPairs () {
	if (this == null || this.next == null) 
	    return this;
	ListNode top = this;
	ListNode first = this;
	ListNode second = first.next;

	do {
	    ListNode third = second.next;
	    second.next = first;
	    first.next = third;
	    first = third;
	    System.out.println (""@@@ "" + this.toString ());
	    if (first != null && first.next != null && second !=null && second.next != null) {
		second.next.next = first.next;
		second = first.next;
	    }
	} while (first != null && first.next != null && second != null);
	return top;
}",0
"private void transform (HSSFWorkbook workbookOld, XSSFWorkbook workbookNew, HSSFCell cellOld, XSSFCell cellNew) {
    cellNew.setCellComment (cellOld.getCellComment ());
    Integer hash = cellOld.getCellStyle ().hashCode ();
    if (this.styleMap != null && ! this.styleMap.containsKey (hash)) {
        this.transform (workbookOld, workbookNew, hash, cellOld.getCellStyle (), (XSSFCellStyle) workbookNew.createCellStyle ());
    }
    cellNew.setCellStyle (this.styleMap.get (hash));
    switch (cellOld.getCellType ()) {
        case Cell.CELL_TYPE_BLANK :
            break;
        case Cell.CELL_TYPE_BOOLEAN :
            cellNew.setCellValue (cellOld.getBooleanCellValue ());
            break;
        case Cell.CELL_TYPE_ERROR :
            cellNew.setCellValue (cellOld.getErrorCellValue ());
            break;
        case Cell.CELL_TYPE_FORMULA :
            cellNew.setCellValue (cellOld.getCellFormula ());
            break;
        case Cell.CELL_TYPE_NUMERIC :
            cellNew.setCellValue (cellOld.getNumericCellValue ());
            break;
        case Cell.CELL_TYPE_STRING :
            cellNew.setCellValue (cellOld.getStringCellValue ());
            break;
        default :
            System.out.println (""transform: Unbekannter Zellentyp "" + cellOld.getCellType ());
    }
}


 private void transform(HSSFWorkbook workbookOld, XSSFWorkbook workbookNew, HSSFCell cellOld, XSSFCell cellNew) {
    // Get cell comment
    cellNew.setCellComment(cellOld.getCellComment()","public static String decrypt (final String msg) {
    final Pattern regex = Pattern.compile (""((\\d\\d)(#)|(\\d))"");
    final Matcher regexMatcher = regex.matcher (msg);
    final StringBuffer result = new StringBuffer ();
    String c;
    while (regexMatcher.find ()) {
        if (regexMatcher.group (2) == null) {
            c = regexMatcher.group (1);
        } else {
            c = regexMatcher.group (2);
        }
        result.append ((char) ((Integer.parseInt (c) + 'a') - 1));
    }
    return result.toString ();
}


 public static String decrypt(final String msg) {
    final Pattern pattern = Pattern.compile(""(#|(\\d\\d)|(\\d))"");
    final Matcher matcher = pattern.matcher(msg);
    StringBuffer stringBuffer = new StringBuffer();
    char decryptChar;
    while (matcher.find()) {
        if (matcher.group(2) == null) {
            decryptChar = (char) (Integer.parseInt(matcher.group(1)) + 'a' - 1);
        } else {
            decryptChar = (char) (Integer.parseInt(matcher.group(2)) + 'a' - 1);
        }
        stringBuffer.append(decryptChar);
    }
    return stringBuffer.toString();
}",1
"public void paintComponent (Graphics g) {
    super.paintComponent (g);
    Graphics2D gg = (Graphics2D) g;
    gg.setRenderingHint (RenderingHints.KEY_ANTIALIASING, RenderingHints.VALUE_ANTIALIAS_ON);
    Font font = new Font (""Arial"", Font.PLAIN, 15);
    String string = ""Distance (m)"";
    FontMetrics metrics = g.getFontMetrics (font);
    int width = metrics.stringWidth (string);
    int height = metrics.getHeight ();
    gg.setFont (font);
    gg.drawString (string, (getWidth () - width) / 2, 11);
}","public void paintComponent (Graphics g) {
    super.paintComponent (g);
    Graphics2D g2D = (Graphics2D) g;
    g2D.setRenderingHint (RenderingHints.KEY_ANTIALIASING, RenderingHints.VALUE_ANTIALIAS_ON);
    Font font = new Font (""Futura"", Font.ITALIC, 15);
    String string = ""Distance (m)"";
    FontMetrics metrics = g.getFontMetrics (font);
    int width = metrics.stringWidth (string);
    int height = metrics.getHeight ();
    g2D.setFont (font);
    g2D.drawString (string, (getWidth () - width) / 2, 50);
}",0
"public void start (Stage stage) {
    stage.setTitle (""TRON Synopsis"");
    Font.loadFont (CustomFontApp.class.getResource (""TRON.TTF"").toExternalForm (), 10);
    Label title = new Label (""TRON"");
    title.getStyleClass ().add (""title"");
    Label caption = new Label (""A sci-fi flick set in an alternate reality."");
    caption.getStyleClass ().add (""caption"");
    caption.setMaxWidth (220);
    caption.setWrapText (true);
    caption.setTextAlignment (TextAlignment.CENTER);
    VBox layout = new VBox (10);
    layout.setStyle (""-fx-padding: 20px; -fx-background-color: silver"");
    layout.setAlignment (Pos.CENTER);
    layout.getChildren ().setAll (title, new ImageView (new Image (""http://ia.media-imdb.com/images/M/MV5BMTY5NjM2MjAwOV5BMl5BanBnXkFtZTYwMTgyMzA5.V1.SY317.jpg"")), caption);
    final Scene scene = new Scene (layout);
    scene.getStylesheets ().add (getClass ().getResource (""custom-font-styles.css"").toExternalForm ());
    stage.setScene (scene);
    stage.show ();
}","public void start (Stage stage) {
    stage.setTitle (""TRON-The Digital Age Awaits"");
    Font.loadFont (CustomFontApp.class.getResource (""TRON.TTF"").toExternalForm (), 10);
    Label title = new Label (""TRON"");
    title.getStyleClass ().add (""title"");
    Label caption = new Label (""An intricate look into a journey through a bold new universe."");
    caption.getStyleClass ().add (""caption"");
    caption.setMaxWidth (220);
    caption.setWrapText (true);
    caption.setTextAlignment (TextAlignment.CENTER);
    VBox layout = new VBox (10);
    layout.setStyle (""-fx-padding: 20px; -fx-background-color: gray"");
    layout.setAlignment (Pos.CENTER);
    layout.getChildren ().setAll (title, new ImageView (new Image (""http://ia.media-imdb.com/images/M/MV5BMTY5NjM2MjAwOV5BMl5BanBnXkFtZTYwMTgyMzA5.V1.SY317.jpg"")), caption);
    final Scene scene = new Scene (layout);
    scene.getStylesheets ().add (getClass ().getResource (""custom-font-styles.css"").toExternalForm ());
    stage.setScene (scene);
    stage.show ();
}",0
"public static void main (String [] args) {
    final Scanner input = new Scanner (System.in);
    String inString;
    while (true) {
        System.out.println (""Enter a binary number: "");
        inString = input.nextLine ();
        if (inString.equals (""-1"")) break;
        System.out.println (Integer.parseInt (inString, 2));
    }
    System.out.println (""All set !"");
}


public static void main (String [] args) {
    final Scanner input = new Scanner (System.in);
    String inString;
    boolean loopTerminated = false;
    while (!loopTerminated) {
        System.out.println (""Enter a binary number: "");
        inString = input.nextLine ();
        if (inString.equals (""-1"")) loopTerminated = true;
        else System.out.println (Integer.parseInt (inString, 2));
    }
    System.out.println (""All set !"");
}","public CharSequence filter (CharSequence source, int start, int end, Spanned dest, int dstart, int dend) {
    String replacement = source.subSequence (start, end).toString ();
    String newVal = dest.subSequence (0, dstart).toString () + replacement + dest.subSequence (dend, dest.length ()).toString ();
    Matcher matcher = mPattern.matcher (newVal);
    if (matcher.matches ()) return null;
    if (TextUtils.isEmpty (source)) return dest.subSequence (dstart, dend);
    else return """";
}


public CharSequence filter(CharSequence source, int start, int end, Spanned dest, int dstart, int dend) {
    String replacement = source.subSequence (start, end).toString ();
    String newVal = dest.subSequence (0, dstart).toString () + replacement + dest.subSequence (dend, dest.length ()).toString ();
    Matcher matcher = mPattern.matcher (newVal);
    if (matcher.matches ()) return """";
    else if (TextUtils.isEmpty (source)) return dest.subSequence (dstart, dend);
    else return null;
}",1
"public void run () {
    try {
        for (int i = 0;
        i < 2; i ++) {
            System.out.println (""tic"");
        }
    } catch (Exception e) {
        e.getStackTrace ();
    }
}



public void run () {
    try {
        Integer[] numbers = {0, 1};
        Arrays.stream(numbers).forEach(i -> System.out.println(""tic""));   
    } catch (Exception e) {
        e.getStackTrace();
    }
}","public void dispatchEvent (Event event) {
    checkNotNull (event);
    CancellableEvent cancellableEvent = null;
    boolean cancellable;
    if (cancellable = event instanceof CancellableEvent) {
        cancellableEvent = (CancellableEvent) event;
        checkArgument (cancellableEvent.isCancelled ());
    }
    fireEvents (false, event, cancellableEvent, cancellable);
    fireEvents (true, event, cancellableEvent, cancellable);
}


public void dispatchEvent (Event event) {
    Objects.requireNonNull(event, ""Event can't be null"");
    CancellableEvent cancellableEvent = null;
    boolean flag;
    if (flag = (event instanceof CancellableEvent)) {
        cancellableEvent = (CancellableEvent) event;
        Assertions.checkArgument(cancellableEvent.isCancelled(), ""Event is not cancelled"");
    }
    fireEvents (false, event, cancellableEvent, flag);
    fireEvents (true, event, cancellableEvent, flag);
}",1
"public static void throwException (String className) throws CheckedException, UncheckedException {
    Class < ? > exceptionClass;
    try {
        exceptionClass = Class.forName (className);
    } catch (ClassNotFoundException e) {
        throw new IllegalArgumentException (e);
    }
    try {
        if (CheckedException.class.isAssignableFrom (exceptionClass)) {
            throw exceptionClass.asSubclass (CheckedException.class).newInstance ();
        } else if (UncheckedException.class.isAssignableFrom (exceptionClass)) {
            throw exceptionClass.asSubclass (UncheckedException.class).newInstance ();
        } else {
            throw new IllegalArgumentException (""Not a valid exception type: "" + exceptionClass.getName ());
        }
    } catch (InstantiationException | IllegalAccessException e) {
        throw new IllegalStateException (e);
    }
}


public static void throwException (String className) throws CheckedException, UncheckedException {
    Class<?> exceptionClass = getExceptionClass(className);
    if (CheckedException.class.isAssignableFrom (exceptionClass)) {
        throw getExceptionInstance (CheckedException.class, exceptionClass);
    } else if (UncheckedException.class.isAssignableFrom (exceptionClass)) {
        throw getExceptionInstance (UncheckedException.class, exceptionClass);
    } else {
        throw new IllegalArgumentException (""Not a valid exception type: "" + exceptionClass.getName ());
    }
}","public void onRequestPermissionsResult (int requestCode,@NonNull
String [] permissions,@NonNull
int [] grantResults) {
    if (requestCode == mRequestCode) {
        if (grantResults.length > 0) {
            for (int grantResult : grantResults) {
                if (grantResult != PackageManager.PERMISSION_GRANTED) {
                    mRequestPermissionListener.onFailed ();
                    return;
                }
            }
            mRequestPermissionListener.onSuccess ();
        } else {
            mRequestPermissionListener.onFailed ();
        }
    }
}


public void onRequestPermissionsResult(int reqCode, String[] perm, 
    int[] grantResults) {
    if (reqCode == mRequestCode) {
        if (grantResults.length == 0) {
            mRequestPermissionListener.onFailed();
            return;
        }
        for (int i = 0; i < grantResults.length; i++) {
            if (grantResults[i] != PackageManager.PERMISSION_GRANTED) {
                mRequestPermissionListener.onFailed();
                return;
            }
        }
        mRequestPermissionListener.onSuccess();
    }
}",1
"public static void main (String [] args) {
    String pass = ""admin"";
    Scanner input = new Scanner (System.in);
    System.out.print (""Insert the admin pass: "");
    String test = input.nextLine ();
    if (pass.equals (test)) {
        System.out.print (""Access granted"");
    } else {
        for (int i = 1;
        i < 3; i ++) {
            System.out.print (""You have "" + i + "" try(es): "");
            test = input.nextLine ();
            if (pass.equals (test)) {
                System.out.print (""Access granted"");
                break;
            } else if (i == 2) {
                System.out.print (""Access denied"");
            }
        }
    }
}


public static void main (String [] args) {
    String pass = ""admin"";
    Scanner input = new Scanner (System.in);
    System.out.print (""Insert the admin pass: "");
    String test = input.nextLine ();
    int tries = 0;
    do {
        tries++;
        if (pass.equals (test)) {
            System.out.print (""Access granted"");
            break;
        } else {
            System.out.print (""You have "" + tries + "" try(es): "");
            test = input.nextLine ();
            if (tries == 3) {
                System.out.print (""Access denied"");
            }
        }
    } while (tries < 3);
}","public static void main (String [] args) {
    if (args.length != 2) {
        System.out.println (""usage: ./zipf size skew"");
        System.exit (- 1);
    }
    ZipfGenerator zipf = new ZipfGenerator (Integer.valueOf (args [0]), Double.valueOf (args [1]));
    for (int i = 1;
    i <= 10; i ++) {
        System.out.println (i + "" "" + zipf.getProbability (i));
    }
    int hist [] = new int [12];
    for (int i = 0;
    i < 12; i ++) {
        hist [i] = 0;
    }
    System.out.println (""Testing the probability distribution:"");
    int sum = 0;
    for (int i = 1;
    i <= 1000000; i ++) {
        hist [zipf.next ()] ++;
    }
    for (int i = 0;
    i < 12; i ++) System.out.println (i + "" "" + hist [i] / 1000000.0);
}


public static void main (String [] args) {
    if (args.length != 2) {
        System.out.println (""usage: ./zipf size skew"");
        System.exit (- 1);
    }
    ZipfGenerator zipf = new ZipfGenerator (Integer.valueOf (args [0]), Double.valueOf (args [1]));
    int hist [] = new int [12];
    for (int i = 0;
    i < 12; i ++) {
        hist [i] = 0;
    }
    System.out.println (""Testing the probability distribution:"");
    for (int i = 0;
    i <= 1000000; i ++) {
        hist [zipf.next ()] ++;
    }
    for (int i = 0;
    i < 10; i ++) {
        System.out.println (i + "" Probability: "" + (double) hist[i]/1000000);
    }
}",1
"public static void main (String [] args) throws IOException {
    ZipOutputStream zos = new ZipOutputStream (new FileOutputStream (new File (""big.jar"")));
    zos.putNextEntry (new ZipEntry (""resource.txt""));
    zos.write (""not too much in here"".getBytes ());
    zos.closeEntry ();
    zos.putNextEntry (new ZipEntry (""largeFile.out""));
    for (int i = 0;
    i < 10000000; i ++) {
        zos.write ((int) (Math.round (Math.random () * 100) + 20));
    }
    zos.closeEntry ();
    zos.close ();
}","public static void main (String [] args) throws IOException {
    ZipOutputStream zos = new ZipOutputStream (new FileOutputStream (new File (""large.jar"")));
    zos.putNextEntry (new ZipEntry (""resource.txt""));
    zos.write (""not too much in here"".getBytes ());
    zos.closeEntry ();
    zos.putNextEntry (new ZipEntry (""bigFile.out""));
    for (int i = 0;
    i < 10000000; i ++) {
        zos.write ((int) (Math.round (Math.random () * 100) + 20));
    }
    zos.closeEntry ();
    zos.close ();
}",0
"public static int solution (int X, int [] A) {
    int [] counter = new int [X + 1];
    int ans = - 1;
    int x = 0;
    for (int i = 0;
    i < A.length; i ++) {
        if (counter [A [i]] == 0) {
            counter [A [i]] = A [i];
            x += 1;
            if (x == X) {
                return i;
            }
        }
    }
    return ans;
}","public static int solution(int X, int[] A) { 
   int[] counter = new int[X + 1]; 
   int ans = -1; 
   int x = 0; 
   for (int i = 0; i < A.length; i++) { 
       if (counter[A[i]]++ == 0) { 
           x += 1; 
           if (x == X) { 
               return i; 
           } 
       } 
   } 
   return ans; 
}",0
"public ListNode reverse (ListNode toBeNextNode, ListNode currentNode) {
    ListNode currentHead = currentNode;
    if ((currentNode == null || currentNode.next == null) && toBeNextNode == null) return currentHead;
    if (currentNode.next != null) currentHead = reverse (currentNode, currentNode.next);
    currentNode.next = toBeNextNode;
    return currentHead;
}


public ListNode reverse (ListNode toBeNextNode, ListNode currentNode) {
    ListNode currentHead = currentNode;
    if ((currentNode == null || currentNode.getNext() == null) && toBeNextNode == null) return currentHead;
    if (currentNode.getNext() != null) currentHead = reverse (currentNode, currentNode.getNext());
    currentNode.setNext(toBeNextNode);
    return currentHead;
}","public Node reverse (Node previous, Node current) {
    if (previous == null) return null;
    if (previous.equals (head)) previous.setNext (null);
    if (current == null) {
        head = previous;
        return head;
    } else {
        Node temp = current.getNext ();
        current.setNext (previous);
        reverse (current, temp);
    }
    return null;
}


public void reverse(Node previous, Node current) { 
    if (previous == null) {
        return;
    }
    if (previous.equals(head)) { 
        previous.setNext(null);
    }
    if (current == null) {
        head = previous;
        return;
    } else {
        Node temp = current.getNext(); 
        current.setNext(previous); 
        reverse(current, temp); 
    }
}",1
"public static void main (String [] args) {
    char cont = 'E';
    do {
        temp1 = getTemp ();
        scale1 = scaleOne ();
        scale2 = toScale ();
        System.out.print (""Your final temp is: "" + convert () + ' ' + scale2);
    } while (cont == 'N');
}





public class Main {
    public static void main(String[] args) {
        char cont = 'E';
        do {
            double temp1 = captureTemp();
            String scale1 = captureScale1();
            String scale2 = captureScale2();
            System.out.print (""Your final temp is: "" + convertTempValue(temp1, scale1, scale2) + ' ' + scale2);
        } while (cont == 'N');
    }
}","public int tortoiseMoves () {
    switch (tGen ()) {
        case 1 :
        case 2 :
        case 3 :
        case 4 :
        case 5 :
            return 3;
        case 6 :
        case 7 :
        case 8 :
            return 1;
        case 9 :
        case 10 :
            return - 6;
        default :
            return 0;
    }
}



 

public int tortoiseMoves() {
    int num = tGen();
    return ((num>=1 && num<=5) ? 3 : (num>=6 && num<=8) ? 1 : (num>=9 && num<=10) ? -6 : 0);
}",1
"public void run () {
            WhiteSpace ws = new WhiteSpace ();
            Container gui = ws.getGui ();
            JFrame f = new JFrame (""White (OK Red) Space"");
            f.add (gui);
            f.setDefaultCloseOperation (JFrame.DISPOSE_ON_CLOSE);
            f.setLocationByPlatform (true);
            f.setResizable (false);
            f.pack ();
            f.setVisible (true);
}","public void run(){
		WhiteSpace ws = new WhiteSpace();
		Container gui = ws.getGui();
		JFrame f = new JFrame(""White (OK Red) Space"");
		f.add(gui);
		f.setDefaultCloseOperation(JFrame.DO_NOTHING_ON_CLOSE);
		f.setLocationByPlatform(true);
		f.setResizable(false);
		f.pack();
		f.setVisible(true);
}",0
"public static void main (String [] args) {
    State s = new State ();
    Thread t1 = new Thread (new T1 (s));
    Thread t2 = new Thread (new T2 (s));
    Thread t3 = new Thread (new T3 (s));
    t1.start ();
    t2.start ();
    t3.start ();
}


public static void main (String [] args) {
    State s = new State ();
    Thread t1 = new Thread (new T1 (s));
    t1.start ();
    Thread t2 = new Thread (new T2 (s));
    t2.start ();
    Thread t3 = new Thread (new T3 (s));
    t3.start ();
}","public static void main (String [] args) {
    Map < String, Integer > unique = new LinkedHashMap < String, Integer > ();
    for (String string : ""House, House, House, Dog, Dog, Dog, Dog"".split ("", "")) {
        if (unique.get (string) == null) unique.put (string, 1);
        else unique.put (string, unique.get (string) + 1);
    }
    String uniqueString = join (unique.keySet (), "", "");
    List < Integer > value = new ArrayList < Integer > (unique.values ());
    System.out.println (""Output = "" + uniqueString);
    System.out.println (""Values = "" + value);
}


public static void main (String [] args){
    Map < String, Integer > uniqueStore = new LinkedHashMap < String, Integer > ();
    for (String word : ""House, House, House, Dog, Dog, Dog, Dog"".split ("", "")) {
        if (uniqueStore.get (word) == null) {
            uniqueStore.put (word, 1);
        } else {
            uniqueStore.put (word, uniqueStore.get (word) + 1);
        }
    }
    String newString = join (uniqueStore.keySet (), "", "");
    List < Integer > repeats = new ArrayList < Integer > (uniqueStore.values ());
    System.out.println (""Output = "" + newString);
    System.out.println (""Values = "" + repeats);
}",1
"public boolean equals (Object other) {
    boolean result;
    if ((other == null) || (getClass () != other.getClass ())) {
        result = false;
    } else {
        People otherPeople = (People) other;
        result = name.equals (otherPeople.name) && age == otherPeople.age;
    }
    return result;
}



public boolean equals (Object other) {
    return other instanceof People && name.equals(((People) other).name) && age == ((People) other).age;
}","static String shuffle (String text) {
    if (text.length () <= 1) return text;
    int split = text.length () / 2;
    String temp1 = shuffle (text.substring (0, split));
    String temp2 = shuffle (text.substring (split));
    if (Math.random () > 0.5) return temp1 + temp2;
    else return temp2 + temp1;
}


 static String shuffle (String text) {
    if (text.length () <= 1) return text;
    int split = text.length() / 8;
    String temp1 = shuffle (text.substring (0, split));
    String temp2 = shuffle (text.substring (split, split * 2));
    String temp3 = shuffle (text.substring (split * 2, split * 3));
    String temp4 = shuffle (text.substring (split * 3, split * 4));
    String temp5 = shuffle (text.substring (split * 4, split * 5));
    String temp6 = shuffle (text.substring (split * 5, split * 6));
    String temp7 = shuffle (text.substring (split * 6, split * 7));
    String temp8 = shuffle (text.substring (split * 7));
    if(Math.random () > 0.5) return temp1 + temp2 + temp3 + temp4 + temp5 + temp6 + temp7 + temp8; 
    else return temp8 + temp7 + temp6 + temp5 + temp4 + temp3 + temp2 + temp1; 
}",1
"public int solution (int X, int [] A) {
    int size = A.length;
    int [] check = new int [X];
    int cmp = 0;
    int time = - 1;
    for (int x = 0;
    x < size; x ++) {
        int temp = A [x];
        if (temp <= X) {
            if (check [temp - 1] > 0) {
                continue;
            }
            check [temp - 1] ++;
            cmp ++;
        }
        if (cmp == X) {
            time = x;
            break;
        }
    }
    return time;
}","public int solution (int X, int [] A) {
    int size = A.length;
    int [] check = new int [X];
    int cmp = 0;
    int time = - 1;
    for (int x = 0;
    x < size; x ++) {
        int temp = A [x];
        if (temp <= X) {
            if (check [temp - 1] == 0) {
                check [temp - 1] = 1;
                cmp ++;
            }
        }
        if (cmp == X) {
            time = x;
            break;
        }
    }
    return time;
}",0
"public static void main (String...args) {
    processor = new DefaultProcessor ();
    long [] values = new long [] {0, 4, 10, 12, 100, 108, 299, 1000, 1003, 2040, 45213, 100000, 100005, 100010, 202020, 202022, 999999, 1000000, 1000001, 10000000, 10000007, 99999999, Long.MAX_VALUE, Long.MIN_VALUE};
    String [] strValues = new String [] {""0"", ""1.30"", ""0001.00"", ""3.141592""};
    for (long val : values) {
        System.out.println (val + "" = "" + processor.getName (val));
    }
    for (String strVal : strValues) {
        System.out.println (strVal + "" = "" + processor.getName (strVal));
    }
    StringBuilder bigNumber = new StringBuilder ();
    for (int d = 0;
    d < 66; d ++) {
        bigNumber.append ((char) ((Math.random () * 10) + '0'));
    }
    bigNumber.append (""."");
    for (int d = 0;
    d < 26; d ++) {
        bigNumber.append ((char) ((Math.random () * 10) + '0'));
    }
    System.out.println (bigNumber.toString () + "" = "" + processor.getName (bigNumber.toString ()));
}","public static void Perform (String...args) { 
    processor = new DefaultProcessor ();
    long [] values = new long [] {0, 4, 10, 12, 100, 108, 299, 1000, 1003, 2040, 45213, 100000, 100005, 100010, 202020, 202022, 999999, 1000000, 1000001, 10000000, 10000007, 99999999, Long.MAX_VALUE, Long.MIN_VALUE};
    String [] strValues = new String [] {""0"", ""1.30"", ""0001.00"", ""3.141592""};
    for (long val : values) {
        System.out.println (val + "" = "" + processor.getName (val));
    }
    for (String strVal : strValues) {
        System.out.println (strVal + "" = "" + processor.getName (strVal));
    }
    StringBuilder bigNumber = new StringBuilder ();
    for (int d = 0;
    d < 66; d ++) {
        bigNumber.append ((char) ((Math.random () * 10) + '0'));
    }
    bigNumber.append (""."");
    for (int d = 0;
    d < 26; d ++) {
        bigNumber.append ((char) ((Math.random () * 10) + '0'));
    }
    System.out.println (bigNumber.toString () + "" = "" + processor.getName (bigNumber.toString ()));
}",0
"public static void main (String [] args) throws Exception {
    AuthMethod auth = new TokenAuthMethod (API_KEY, API_SECRET);
    NexmoClient client = new NexmoClient (auth);
    TextMessage message = new TextMessage (FROM_NUMBER, TO_NUMBER, ""Hello from Nexmo!"");
    SmsSubmissionResult [] responses = client.getSmsClient ().submitMessage (message);
    for (SmsSubmissionResult response : responses) {
        System.out.println (response);
    }
}





public static void main(String[] args) throws Exception {
    AuthMethod auth = new TokenAuthMethod(API_KEY, API_SECRET);
    NexmoClient nClient = new NexmoClient(auth);
    TextMessage tMsg = new TextMessage(FROM_NUMBER, TO_NUMBER, ""Hola from Nexmo"");
    Arrays.stream(nClient.getSmsClient().submitMessage(tMsg)).forEach(result -> System.out.println(result));
}","public static void main (String [] args) throws IOException {
    ZipOutputStream zos = new ZipOutputStream (new FileOutputStream (new File (""big.jar"")));
    zos.putNextEntry (new ZipEntry (""resource.txt""));
    zos.write (""not too much in here"".getBytes ());
    zos.closeEntry ();
    zos.putNextEntry (new ZipEntry (""largeFile.out""));
    for (int i = 0;
    i < 10000000; i ++) {
        zos.write ((int) (Math.round (Math.random () * 100) + 20));
    }
    zos.closeEntry ();
    zos.close ();
}




public static void main (String [] args) {
    try {
        ZipOutputStream zos = new ZipOutputStream(new FileOutputStream(""big.jar""));
        try {
            zos.putNextEntry(new ZipEntry(""resource.txt""));
            zos.write(""not too much in here"".getBytes());
            zos.closeEntry();
            zos.putNextEntry(new ZipEntry(""largeFile.out""));
            for (int i = 0; i < 10000000; i++) {
                zos.write((int) (Math.round(Math.random() * 100) + 20));
            }
            zos.closeEntry();
        } finally {
            zos.close();
        }
    } catch (IOException e) {
        e.printStackTrace();
    }
}",1
"public ListNode switchPairs () {
    if (this == null || this.next == null) return this;
    ListNode top = this.next;
    ListNode first = this;
    ListNode second = first.next;
    do {
        ListNode third = second.next;
        second.next = first;
        first.next = third;
        first = third;
        System.out.println (""@@@ "" + this.toString ());
        if (first != null) {
            second.next.next = first.next;
            second = first.next;
        }
    } while (first != null && second != null);
    return top;
}


 public ListNode switchPairs () {
	if (this == null || this.next == null) 
	    return this;
	ListNode top = this.next;
	ListNode current = this;

	while (current != null && current.next != null) {
	    ListNode temp = current; 
	    current = current.next;
	    temp.next = current.next; 
	    current.next = temp;
	    if (temp.next != null) {
		current = temp.next;
	    }
	    System.out.println (""@@@ "" + this.toString ());
	}
	return top; 
}","public static final int gcd (int a, int b) {
    if (a == Integer.MIN_VALUE) {
        if (b == Integer.MIN_VALUE) throw new IllegalArgumentException (""gcd() is greater than Integer.MAX_VALUE"");
        return 1 << Integer.numberOfTrailingZeros (Math.abs (b));
    }
    if (b == Integer.MIN_VALUE) return 1 << Integer.numberOfTrailingZeros (Math.abs (a));
    a = Math.abs (a);
    b = Math.abs (b);
    if (a == 0) return b;
    if (b == 0) return a;
    int factorsOfTwoInA = Integer.numberOfTrailingZeros (a), factorsOfTwoInB = Integer.numberOfTrailingZeros (b), commonFactorsOfTwo = Math.min (factorsOfTwoInA, factorsOfTwoInB);
    a>>= factorsOfTwoInA;
    b>>= factorsOfTwoInB;
    while (a != b) {
        if (a > b) {
            a = (a - b);
            a>>= Integer.numberOfTrailingZeros (a);
        } else {
            b = (b - a);
            b>>= Integer.numberOfTrailingZeros (b);
        }
    }
    return a << commonFactorsOfTwo;
}


 public static final int gcd(int a, int b) {
        if (a == Integer.MIN_VALUE) {
            if (b == Integer.MIN_VALUE) throw new IllegalArgumentException(""gcd() is greater than Integer.MAX_VALUE"");
            int x = Math.abs(b);
            return x;
        }
        if (b == Integer.MIN_VALUE) {
            int x = Math.abs(a);
            return x;
        }
        a = Math.abs(a);
        b = Math.abs(b);

        if (a == 0) return b;
        if (b == 0) return a;

        int factorsOfTwoInA = Integer.numberOfTrailingZeros(a);
",1
"public int tortoiseMoves () {
    switch (tGen ()) {
        case 1 :
        case 2 :
        case 3 :
        case 4 :
        case 5 :
            return 3;
        case 6 :
        case 7 :
        case 8 :
            return 1;
        case 9 :
        case 10 :
            return - 6;
        default :
            return 0;
    }
}


public int tortoiseMoves () {
    int ret;
    if (tGen () == 1 || tGen () == 2 || tGen () == 3 || tGen () == 4 || tGen () == 5) {
        ret = 3;
    }
    else if (tGen () == 6 || tGen () == 7 || tGen () == 8) {
        ret = 1;
    }
    else if (tGen () == 9 || tGen () == 10) {
        ret = - 6;
    }
    else {
        ret = 0;
    }
    return ret;
}","public static void main (String [] args) {
    String str = ""abcdabghplhhnfl"".toLowerCase ();
    Integer [] ar = new Integer [26];
    for (int i = 0;
    i < str.length (); i ++) {
        int j = str.charAt (i) - 'a';
        if (ar [j] == null) {
            ar [j] = 1;
        } else {
            ar [j] += 1;
        }
    }
    for (int i = 0;
    i < ar.length; i ++) {
        if (ar [i] != null && ar [i] > 1) {
            char c = (char) (97 + i);
            System.out.println (""'"" + c + ""' comes "" + ar [i] + "" times."");
        }
    }
}


public static void main (String [] args) {
    String str = ""abcdabghplhhnfl"".toLowerCase ();
    int[][] ar = new int[26][2];
    for (int i = 0;
    i < str.length (); i ++) {
        int j = str.charAt (i) - 'a';
        if (ar [j][0] == 0) {
            ar [j][0] = 1;
            ar [j][1] = j;
        } else {
            ar [j][0] += 1;
        }
    }
    for (int i = 0;
    i < ar.length; i ++) {
        if (ar [i][0] != 0 && ar [i][0] > 1) {
            char c = (char) (97 + ar[i][1]);
            System.out.println (""'"" + c + ""' comes "" + ar [i][0] + "" times."");
        }
    }
}",1
"public static void main (String [] args) {
    Scanner scn = new Scanner (System.in);
    ArrayList < Integer > integers = new ArrayList < > ();
    System.out.println (""Enter number 1"");
    integers.add (scn.nextInt ());
    System.out.println (""Enter number 2"");
    integers.add (scn.nextInt ());
    System.out.println (""Enter number 3"");
    integers.add (scn.nextInt ());
    System.out.println (""Enter number 4"");
    integers.add (scn.nextInt ());
    System.out.println (""Enter number 5"");
    integers.add (scn.nextInt ());
    Collections.sort (integers, Comparator.comparingInt (Math :: abs));
    System.out.println (""The number near zero 0 is"" + integers.get (0));
}","public static void main (String [] args) {
        List <Integer> figure = new ArrayList <> ();
        Scanner v = new Scanner (System.in);
        System.out.println (""Enter number 1"");
        figure.add (v.nextInt ());
        System.out.println (""Enter number 2"");
        figure.add (v.nextInt ());
        System.out.println (""Enter number 3"");
        figure.add (v.nextInt ());
        System.out.println (""Enter number 4"");
        figure.add (v.nextInt ());
        System.out.println (""Enter number 5"");
        figure.add (v.nextInt ());
        Collections.sort (figure, Comparator.comparingInt (Math::abs));
        System.out.println (""The number near zero 0 is"" + figure.get(0));
}",0
"public VV remove (String key) {
    synchronized (lock) {
        Item < VV > item = cache.remove (key);
        if (item != null) {
            return item.payload;
        } else {
            return null;
        }
    }
}



 

public VV remove(String key) {
    synchronized(lock) {
        return cache.containsKey(key) ? cache.remove(key).payload : null;
    }
}","public void copyFolder (File src, File dest) throws IOException {
    try (Stream < Path > stream = Files.walk (src.toPath ())) {
        stream.forEachOrdered (sourcePath -> {
            try {
                Files.copy (sourcePath, src.toPath ().resolve (dest.toPath ().relativize (sourcePath)));
            } catch (Exception e) {
                e.printStackTrace ();
            }
        });
    }
}





public void copyFolder(File sourceFolder, File destinationFolder) throws IOException {
    if (!destinationFolder.exists()) destinationFolder.mkdirs();
    for (File sourceFile : sourceFolder.listFiles()) {
        File destinationFile = new File(destinationFolder, sourceFile.getName());
        Files.copy(sourceFile.toPath(), destinationFile.toPath(), StandardCopyOption.REPLACE_EXISTING);
    }
}",1
"public static void main (String [] args) {
    long throwCatchTime = 0, newExceptionTime = 0, newObjectTime = 0, noStackExceptionTime = 0;
    for (int i = 0;
    i < 30; i ++) {
        throwCatchTime += throwCatchLoop ();
        newExceptionTime += newExceptionLoop ();
        newObjectTime += newObjectLoop ();
        noStackExceptionTime += newNoStackExceptionLoop ();
    }
    System.out.println (""throwCatchTime = "" + throwCatchTime / 30);
    System.out.println (""newExceptionTime = "" + newExceptionTime / 30);
    System.out.println (""newStringTime = "" + newObjectTime / 30);
    System.out.println (""noStackExceptionTime = "" + noStackExceptionTime / 30);
}


	public static void main (String [] args) {
    long throwCatchTime = 0, newExceptionTime = 0, newObjectTime = 0, noStackExceptionTime = 0;
    int limit = 10;
    try
    {
        for (int i = 0; i < limit; i++)
        {
            throwCatchTime += throwCatchLoop ();
         	newExceptionTime += newExceptionLoop ();
           	
           	if(i == limit/2)
           	{
           		limit = 20;
				newObjectTime += newObjectLoop ();
            	noStackExceptionTime += newNoStackExceptionLoop ();
           	}
        }
    }
   	catch (Exception e)
   	{
     	e.printStackTrace();
   	}
    System.out.println (""throwCatchTime = "" + throwCatchTime/30);
    System.out.println (""newExceptionTime = "" + newExceptionTime/30);
    System.out.println (""newStringTime = "" + newObjectTime/30);
    System.out.println (""n","public String getLongestSubstring (String s) {
    if (s.length () == 0) return null;
    char currentChar = s.charAt (0);
    String longestString = """" + currentChar;
    String runningString = """" + currentChar;
    int currentLongestLength = 1;
    for (int i = 1;
    i < s.length (); i ++) {
        if (s.charAt (i) == currentChar) {
            runningString = runningString + currentChar;
            if (runningString.length () > longestString.length ()) {
                currentLongestLength ++;
                longestString = runningString;
            }
        } else {
            runningString = """" + s.charAt (i);
        }
    }
    return longestString;
}


  public String getLongestSubstring (String s) {
    if (s.length() == 0) return null;
    char currChar = s.charAt(0);
    int startIndex = 0;
    int endIndex = 0;
    String longestString = """" + currChar;
    int longestLength = 1;
    for (int i = 1; i < s.length(); i++) {
        if (s.charAt(i) == currChar) {
            endIndex = i;
            String subString = s.substring(startIndex, endIndex+1);
            if (subString.length() > longestLength) {
                longestLength = subString.length();
                longestString = subString;
            }
        } else {
            currChar = s.charAt(i);
            startIndex = i;
        }
    }
    return longestString;
}",1
"public static void main (String...args) {
    processor = new DefaultProcessor ();
    long [] values = new long [] {0, 4, 10, 12, 100, 108, 299, 1000, 1003, 2040, 45213, 100000, 100005, 100010, 202020, 202022, 999999, 1000000, 1000001, 10000000, 10000007, 99999999, Long.MAX_VALUE, Long.MIN_VALUE};
    String [] strValues = new String [] {""0"", ""1.30"", ""0001.00"", ""3.141592""};
    for (long val : values) {
        System.out.println (val + "" = "" + processor.getName (val));
    }
    for (String strVal : strValues) {
        System.out.println (strVal + "" = "" + processor.getName (strVal));
    }
    StringBuilder bigNumber = new StringBuilder ();
    for (int d = 0;
    d < 66; d ++) {
        bigNumber.append ((char) ((Math.random () * 10) + '0'));
    }
    bigNumber.append (""."");
    for (int d = 0;
    d < 26; d ++) {
        bigNumber.append ((char) ((Math.random () * 10) + '0'));
    }
    System.out.println (bigNumber.toString () + "" = "" + processor.getName (bigNumber.toString ()));
}","public static void Process (String...args) { 
    processor = new DefaultProcessor (); 
    long [] values = new long [] {0, 4, 10, 12, 100, 108, 299, 1000, 1003, 2040, 45213, 100000, 100005, 100010, 202020, 202022, 999999, 1000000, 1000001, 10000000, 10000007, 99999999, Long.MAX_VALUE, Long.MIN_VALUE};
    String [] strValues = new String [] {""0"", ""1.30"", ""0001.00"", ""3.141592""};
    for (long val : values) {
        System.out.println (val + "" = "" + processor.getName (val));
    }
    for (String strVal : strValues) {
        System.out.println (strVal + "" = "" + processor.getName (strVal));
    }
    StringBuilder bigNumber = new StringBuilder ();
    for (int d = 0;
    d < 66; d ++) {
        bigNumber.append ((char) ((Math.random () * 10) + '0'));
    }
    bigNumber.append (""."");
    for (int d = 0;
    d < 26; d ++) {
        bigNumber.append ((char) ((Math.random () * 10) + '0'));
    }
    System.out.println (bigNumber.toString () + "" = "" + processor.getName (bigNumber.toString ()));
}",0
"public static String toHexString (byte [] bytes) {
    StringBuilder hexString = new StringBuilder ();
    for (int i = 0;
    i < bytes.length; i ++) {
        String hex = Integer.toHexString (0xFF & bytes [i]);
        if (hex.length () == 1) {
            hexString.append ('0');
        }
        hexString.append (hex);
    }
    return hexString.toString ();
}","public static String toHexString(byte[] bytes) {
        StringBuilder hexString = new StringBuilder();
        for (int i = 0; i < bytes.length; i++){
            int num = bytes[i] & 0xFF;
            String hex = Integer.toHexString(num);
            if (hex.length() == 1){
                hexString.append('0');
            }
            hexString.append(hex);
        }
        return hexString.toString();
}",0
"public String getName (String value) {
    StringBuilder buffer = new StringBuilder ();
    String high, low;
    if (value.length () < getPartDivider ()) {
        high = """";
        low = value;
    } else {
        int index = value.length () - getPartDivider ();
        high = value.substring (0, index);
        low = value.substring (index);
    }
    String highName = getHighProcessor ().getName (high);
    String lowName = getLowProcessor ().getName (low);
    if (! """".equals (highName)) {
        buffer.append (highName);
        buffer.append (SEPARATOR);
        buffer.append (getToken ());
        if (! """".equals (lowName)) {
            buffer.append (SEPARATOR);
        }
    }
    if (! """".equals (lowName)) {
        buffer.append (lowName);
    }
    return buffer.toString ();
}","public String getName (String value) {
    StringBuilder buffer = new StringBuilder ();
    String high, low;
    if (value.length () < getPartDivider ()) {
        high = """";
        low = value;
    } else {
        int index = value.length () - getNameDivider ();
        high = value.substring (0, index);
        low = value.substring (index);
    }
    String highName = getHighProcessor ().getName (high);
    String lowName = getLowProcessor ().getName (low);
    if (! """".equals (highName)) {
        buffer.append (highName);
        buffer.append (SEPARATOR);
        buffer.append (getNameToken ());
        if (! """".equals (lowName)) {
            buffer.append (SEPARATOR);
        }
    }
    if (! """".equals (lowName)) {
        buffer.append (lowName);
    }
    return buffer.toString ();
}",0
"public void onRequestPermissionsResult (int requestCode,@NonNull
String [] permissions,@NonNull
int [] grantResults) {
    if (requestCode == mRequestCode) {
        if (grantResults.length > 0) {
            for (int grantResult : grantResults) {
                if (grantResult != PackageManager.PERMISSION_GRANTED) {
                    mRequestPermissionListener.onFailed ();
                    return;
                }
            }
            mRequestPermissionListener.onSuccess ();
        } else {
            mRequestPermissionListener.onFailed ();
        }
    }
}



public void onRequestPermissionsResult (int requestCode,@NonNull String [] permissions,@NonNull int [] grantResults){
    if(requestCode == mRequestCode){
        if (grantResults.length > 0) {
            for(int grantResult : grantResults){
                if(grantResult != PackageManager.PERMISSION_GRANTED){
                    mRequestPermissionListener.onFailed ();
                }
                else mRequestPermissionListener.onSuccess ();
            }
        } else mRequestPermissionListener.onFailed();
    }
}","public static void pack (String sourceDirPath, String zipFilePath) throws IOException {
    Path p = Files.createFile (Paths.get (zipFilePath));
    try (ZipOutputStream zs = new ZipOutputStream (Files.newOutputStream (p))) {
        Path pp = Paths.get (sourceDirPath);
        Files.walk (pp).filter (path -> ! Files.isDirectory (path)).forEach (path -> {
            ZipEntry zipEntry = new ZipEntry (pp.relativize (path).toString ());
            try {
                zs.putNextEntry (zipEntry);
                Files.copy (path, zs);
                zs.closeEntry ();
            } catch (IOException e) {
                System.err.println (e);
            }
        });
    }
}


 public static void pack(String sourceDirPath, String zipFilePath) throws IOException{
    Path zipOutput = Files.createFile(Paths.get(zipFilePath));
    try(ZipOutputStream zs = new ZipOutputStream(Files.newOutputStream(zipOutput))){
        Files.walk(Paths.get(sourceDirPath)).filter(Files::isRegularFile).forEach(path -> {
            try{
                ZipEntry zipEntry = new ZipEntry(path.getFileName().toString());
                zs.putNextEntry(zipEntry);
                Files.copy(path, zs);
                zs.closeEntry();
            } catch (IOException e) {
                e.printStackTrace();
            }
        });
    }
}",1
"public ZonedDateTime parseToZonedDateTime (String date, String dateFormat) {
    DateTimeFormatter formatter = DateTimeFormatter.ofPattern (dateFormat);
    ZonedDateTime zonedDateTime = null;
    try {
        zonedDateTime = ZonedDateTime.parse (date, formatter);
    } catch (DateTimeException e) {
        LocalDateTime localDateTime = LocalDateTime.parse (date, formatter);
        zonedDateTime = localDateTime.atZone (ZoneId.systemDefault ());
    }
    return zonedDateTime;
}","public ZonedDateTime parseToZonedDateTime (String date, String dateFormat) {		
    DateTimeFormatter formatter = DateTimeFormatter.ofPattern (dateFormat);		
    ZonedDateTime zonedDateTime = null;		
    try {		
        zonedDateTime = ZonedDateTime.of(LocalDateTime.parse(date, formatter), ZoneId.of(""Europe/Paris""));		
    } catch (DateTimeException e) {		
        LocalDateTime localDateTime = LocalDateTime.parse (date, formatter);		
        zonedDateTime = localDateTime.atZone (ZoneOffset.UTC);		
    }		
    return zonedDateTime;		
}",0
"public static void main (String...args) {
    processor = new DefaultProcessor ();
    long [] values = new long [] {0, 4, 10, 12, 100, 108, 299, 1000, 1003, 2040, 45213, 100000, 100005, 100010, 202020, 202022, 999999, 1000000, 1000001, 10000000, 10000007, 99999999, Long.MAX_VALUE, Long.MIN_VALUE};
    String [] strValues = new String [] {""0"", ""1.30"", ""0001.00"", ""3.141592""};
    for (long val : values) {
        System.out.println (val + "" = "" + processor.getName (val));
    }
    for (String strVal : strValues) {
        System.out.println (strVal + "" = "" + processor.getName (strVal));
    }
    StringBuilder bigNumber = new StringBuilder ();
    for (int d = 0;
    d < 66; d ++) {
        bigNumber.append ((char) ((Math.random () * 10) + '0'));
    }
    bigNumber.append (""."");
    for (int d = 0;
    d < 26; d ++) {
        bigNumber.append ((char) ((Math.random () * 10) + '0'));
    }
    System.out.println (bigNumber.toString () + "" = "" + processor.getName (bigNumber.toString ()));
}","public static void main (String...args) {
    processor = new DefaultProcessor ();
    long [] values = new long [] {0, 4, 10, 12, 100, 108, 299, 1000, 1003, 2040, 45213, 100000, 100005, 100010, 202020, 202022, 999999, 1000000, 1000001, 10000000, 10000007, 99999999, Long.MIN_VALUE};
    String [] strValues = new String [] {""0"", ""1.30"", ""0001.00"", ""3.141592""};
    for (long val : values) {
        System.out.println (val + "" = "" + processor.getName (val));
    }
    for (String strVal : strValues) {
        System.out.println (strVal + "" = "" + processor.getName (strVal));
    }
    StringBuilder bigNumber = new StringBuilder ();
    for (int d = 0;
    d < 62; d ++) {
        bigNumber.append ((char) ((Math.random () * 10) + '0'));
    }
    bigNumber.append (""."");
    for (int d = 0;
    d < 28; d ++) {
        bigNumber.append ((char) ((Math.random () * 10) + '0'));
    }
    System.out.println (bigNumber.toString () + "" = "" + processor.getName (bigNumber.toString ()));
}",0
"private void transform (HSSFCell cellOld, XSSFCell cellNew) {
    cellNew.setCellComment (cellOld.getCellComment ());
    Integer hash = cellOld.getCellStyle ().hashCode ();
    if (! this.styleMap.containsKey (hash)) {
        this.transform (hash, cellOld.getCellStyle (), this.workbookNew.createCellStyle ());
    }
    cellNew.setCellStyle (this.styleMap.get (hash));
    switch (cellOld.getCellType ()) {
        case Cell.CELL_TYPE_BLANK :
            break;
        case Cell.CELL_TYPE_BOOLEAN :
            cellNew.setCellValue (cellOld.getBooleanCellValue ());
            break;
        case Cell.CELL_TYPE_ERROR :
            cellNew.setCellValue (cellOld.getErrorCellValue ());
            break;
        case Cell.CELL_TYPE_FORMULA :
            cellNew.setCellValue (cellOld.getCellFormula ());
            break;
        case Cell.CELL_TYPE_NUMERIC :
            cellNew.setCellValue (cellOld.getNumericCellValue ());
            break;
        case Cell.CELL_TYPE_STRING :
            cellNew.setCellValue (cellOld.getStringCellValue ());
            break;
        default :
            System.out.println (""transform: Unbekannter Zellentyp "" + cellOld.getCellType ());
    }
}","private void tranform(HSSFCell cellOld, XSSFCell cellNew) {
        cellNew.setCellComment(cellOld.getCellComment());
        Integer hash = cellOld.getCellStyle().hashCode();
        if (!this.styleMap.containsKey(hash)) {
            this.transform(hash, cellOld.getCellStyle(), this.workbookNew.createCellStyle());
        }
        cellNew.setCellStyle(this.styleMap.get(hash));
        switch(cellOld.getCellType()) {
            case Cell.CELL_TYPE_BLANK:
                break;
            case Cell.CELL_TYPE_BOOLEAN:
                cellNew.setCellValue(cellOld.getBooleanCellValue());
                break;
            case Cell.CELL_TYPE_ERROR:
                cellNew.setCellValue(cellOld.getErrorCellValue());
                break;
            case Cell.CELL_TYPE_FORMULA:
                cellNew.setCellValue(cellOld.getCellFormula());
                break;
            case Cell.CELL_TYPE_NUMERIC:
                cellNew.setCellValue(cellOld.getNumericCellValue());
                break;
            case Cell.CELL_TYPE_STRING:
                cellNew.setCellValue(cellOld.getStringCellValue());
                break;
            default:
                System.out.println(""transform: Unbekannter Zellentyp"" + cellOld.getCellType());
        }
}",0
"public void run () {
    System.out.println (""Thread "" + Thread.currentThread ().getId () + "" starting"");
    synchronized (BadRunnable.class) {
        System.out.println (""Thread "" + Thread.currentThread ().getId () + "" acquired the monitor on BadRunnable.class"");
        latch.countDown ();
        while (true) {
            try {
                latch.await ();
            } catch (InterruptedException ex) {
                continue;
            }
            break;
        }
    }
    System.out.println (""Thread "" + Thread.currentThread ().getId () + "" released the monitor on BadRunnable.class"");
    System.out.println (""Thread "" + Thread.currentThread ().getId () + "" ending"");
}","public void run () {
    System.out.println (""Thread "" + Thread.currentThread ().getId () + "" starting"");
    synchronized (BadRunnable.class) {
        System.out.println (""Thread "" + Thread.currentThread ().getId () + "" acquired the monitor on BadRunnable.class"");
        latch.countDown ();
        while (true) {
            try {
                latch.await (3000, TimeUnit.MILLISECONDS);
            } catch (InterruptedException | TimeoutException ex) {
                continue;
            }
            break;
        }
    }
    System.out.println (""Thread "" + Thread.currentThread ().getId () + "" released the monitor on BadRunnable.class"");
    System.out.println (""Thread "" + Thread.currentThread ().getId () + "" ending"");
}",0
"public int add (Distance newDistance) {
    int newDistanceFeet = newDistance.getFeet ();
    int newDistanceInches = newDistance.getInches ();
    int sumInches = newDistanceInches + this.getInches ();
    int sumFeet = newDistanceFeet + this.getFeet ();
    sumInches += (sumInches % 12);
    sumFeet += (sumInches / 12);
    this.setFeet (sumFeet);
    this.setInches (sumInches);
}","public int add (Distance newDistance) {
    int newDistanceFeet = newDistance.getFeet ();
    int newDistanceInches = newDistance.getInches ();
    int sumInches = newDistanceInches + this.getInches ();
    int sumFeet = newDistanceFeet + this.getFeet ();
    int resultFeet = (sumInches/12) + sumFeet;
    int totalInches = resultFeet * 12 + sumInches;
    this.setFeet (resultFeet);
    this.setInches (totalInches);
}",0
"static GenericType parse (StreamTokenizer tokenizer) throws IOException {
    String baseName = tokenizer.sval;
    tokenizer.nextToken ();
    List < GenericType > params = new ArrayList < > ();
    if (tokenizer.ttype == '<') {
        do {
            tokenizer.nextToken ();
            params.add (parse (tokenizer));
        } while (tokenizer.ttype == ',');
        tokenizer.nextToken ();
    }
    return new GenericType (baseName, params);
}





static GenericType parse(StreamTokenizer tokenizer) throws IOException {
    String baseName = tokenizer.sval;
    List<GenericType> params = new LinkedList<>();
    tokenizer.nextToken();
    if (tokenizer.ttype == '<') {
        while (tokenizer.ttype != '>') {
            params.add(parse(tokenizer));
            if (tokenizer.nextToken() != ',') break;
            tokenizer.nextToken();
        }
        tokenizer.nextToken();
    }
    return new GenericType(baseName, params);
}","public void run () {
    try {
        for (int i = 0;
        i < 2; i ++) {
            System.out.println (""toe"");
        }
    } catch (Exception e) {
        e.getStackTrace ();
    }
}


 public void run () {
	  try {
	      for (int i = 0;
	      i < 2; i++) {
		  System.out.print(""toe"" + (i+1) + "" "");
	      }
	       System.out.println();
	  } catch (Exception e) {
	      e.printStackTrace();
	  }
}",1
"public static boolean isNumber (String str) {
    int i = 0, len = str.length ();
    boolean a = false, b = false, c = false, d = false;
    if (i < len && (str.charAt (i) == '+' || str.charAt (i) == '-')) i ++;
    while (i < len && isDigit (str.charAt (i))) {
        i ++;
        a = true;
    }
    if (i < len && (str.charAt (i) == '.')) i ++;
    while (i < len && isDigit (str.charAt (i))) {
        i ++;
        b = true;
    }
    if (i < len && (str.charAt (i) == 'e' || str.charAt (i) == 'E') && (a || b)) {
        i ++;
        c = true;
    }
    if (i < len && (str.charAt (i) == '+' || str.charAt (i) == '-') && c) i ++;
    while (i < len && isDigit (str.charAt (i))) {
        i ++;
        d = true;
    }
    return i == len && (a || b) && (! c || (c && d));
}





public static boolean isNumber(String str) {
    return str.matches(""^[-+]?\\d+(\\.\\d+)?$"");
}","boolean isPrime (int x) {
    for (int i = 2;
    i * i <= x; i ++) {
        if (x % i == 0) {
            return false;
        }
    }
    return true;
}


 boolean isPrime (int x) {
    for (int i = 2; i * i <= x - 1; i ++) {
        if (x % i == 0)
            return false;
     }
    return true;
}",1
"public static void main (String [] args) {
    double rate = 0;
    CurrencyConverter w = new CurrencyConverter ();
    w.print ();
    System.out.print (""Choose the input currency: "");
    Scanner sc = new Scanner (System.in);
    int choice = sc.nextInt ();
    if (choice < 1 || choice > 12) {
        System.out.println (""404 not found XD"");
        sc.close ();
        return;
    }
    System.out.print (""Choose the output currency: "");
    int output = sc.nextInt ();
    Currency first = Currency.values () [choice - 1];
    Currency second = Currency.values () [output - 1];
    System.out.printf (""Now enter the input in "" + first.getFullName () + "": "");
    double input = sc.nextDouble ();
    if (choice == output) System.out.println (""Troller ._. pabobo"");
    rate = (input * first.getRate ()) / second.getRate ();
    System.out.print (""The conversion of "" + first.toString () + "" to "" + second.toString () + "" = "" + rate);
    sc.close ();
}","public static void main (String [] args) {
    double rate2 = 0;
    CurrencyConverter obj = new CurrencyConverter ();
    obj.print ();
    System.out.print (""Choose the input currency: "");
    Scanner scanner = new Scanner (System.in);
    int option = scanner.nextInt ();
    if (option < 1 || option > 12) {
        System.out.println (""404 not found XD"");
        scanner.close ();
        return;
    }
    System.out.print (""Choose the output currency: "");
    int output2 = scanner.nextInt ();
    Currency one = Currency.values () [option - 1];
    Currency two = Currency.values () [output2 - 1];
    System.out.printf (""Now enter the input in "" + one.getFullName () + "": "");
    double input2 = scanner.nextDouble ();
    if (option == output2) System.out.println (""Troller ._. pabobo"");
    rate2 = (input2 * one.getRate ()) / two.getRate ();
    System.out.print (""The conversion of "" + one.toString () + "" to "" + two.toString () + "" = "" + rate2);
    scanner.close ();
}",0
"private String capitalize (String s) {
    if (s == null || s.length () == 0) {
        return """";
    }
    char first = s.charAt (0);
    if (Character.isUpperCase (first)) {
        return s;
    } else {
        return Character.toUpperCase (first) + s.substring (1);
    }
}


 private String capitalize(String s) {
	  if (s == null || s.equals("""")) {
	    return s;
	  }

	  char[] chars = s.toCharArray();
	  chars[0] = Character.toUpperCase(chars[0]);

	  return new String(chars);
}","public void run () {
            new Game ();
}


 public void run(){
    Game game = new Game();
    game.launch();
}",1
"public void start (Stage stage) throws Exception {
    URL location = getClass ().getResource (""Main.fxml"");
    FXMLLoader fxmlLoader = new FXMLLoader ();
    fxmlLoader.setLocation (location);
    fxmlLoader.setBuilderFactory (new JavaFXBuilderFactory ());
    Parent root = (Parent) fxmlLoader.load (location.openStream ());
    Scene scene = new Scene (root);
    stage.setScene (scene);
    MainController mainController = fxmlLoader.getController ();
    mainController.setStage (stage);
    mainController.showStage ();
}


 public void start(Stage stage) throws Exception {
    try {
        FXMLLoader loader = new FXMLLoader();
        loader.setLocation(getClass().getResource(""Main.fxml""));
        loader.setBuilderFactory(new JavaFXBuilderFactory());
        Parent root = loader.load();
        Scene scene = new Scene(root);
        stage.setScene(scene);
        MainController mainController = loader.getController();
        mainController.setStage(stage);
        mainController.showStage();
        stage.show();
    } catch (IOException e) {
        e.printStackTrace();
    }

}","public void actionPerformed (ActionEvent ae) {
    if (count < charsTiming.size ()) {
        highlightNextWord ();
        ((Timer) ae.getSource ()).setInitialDelay (charsTiming.get (count));
        ((Timer) ae.getSource ()).restart ();
    } else {
        reset ();
        ((Timer) ae.getSource ()).stop ();
    }
    count ++;
}





public void actionPerformed(ActionEvent ae) {
    Timer timer = (Timer) ae.getSource();
    if(count < charsTiming.size()) {
        highlightNextWord();
        timer.setInitialDelay(charsTiming.get(count));
        timer.restart();
    }
    else {
        timer.stop();
        reset();
    }
    count++;
}",1
"public static void main (String [] args) {
    HashMap < A, String > map = new HashMap < A, String > (4);
    map.put (new A (), ""abc"");
    map.put (new A (), ""def"");
    Class clazz = map.getClass ();
    Field table = clazz.getDeclaredField (""table"");
    table.setAccessible (true);
    Map.Entry < Integer, String > [] realTable = (Map.Entry < Integer, String > []) table.get (map);
    for (int i = 0;
    i < realTable.length; i ++) {
        System.out.println (String.format (""Bucket : %d, Entry: %s"", i, bucketToString (realTable [i])));
    }
}","public static void main (String [] args) {
    HashMap < A, String > map = new HashMap < A, String > (4);
    map.put (new A (), ""jkl"");
    map.put (new A (), ""mno"");
    Class clazz = map.getClass ();
    Field table = clazz.getDeclaredField (""table"");
    table.setAccessible (true);
    Map.Entry < Integer, String > [] realTable = (Map.Entry < Integer, String > []) table.get (map);
    for (int i = 0;
    i < realTable.length; i ++) {
        System.out.println (String.format (""Bucket : %d, Entry: %s"", i, bucketToString (realTable [i])));
    }
}",0
"public static void main (String [] args) {
    List < Object > lc = Arrays.asList (new Object [] {'A', 'B', 'C', 'D'});
    List < Object > lC = Arrays.asList (new Object [] {'a', 'b', 'c'});
    List < Object > li = Arrays.asList (new Object [] {1, 2, 3, 4});
    List < List < Object > > llo = new ArrayList < List < Object > > ();
    llo.add (lc);
    llo.add (lC);
    llo.add (li);
    CartesianIterable < Object > ci = new CartesianIterable < Object > (llo);
    for (List < Object > lo : ci) show (lo);
}","public static void main (String [] args) {
    List < Object > lc = Arrays.asList (new Object [] {'A', 'B', 'C', 'D'});
    List < String > lC = Arrays.asList (new String [] {""a"", ""b"", ""c""});
    List < Integer > li = Arrays.asList (new Integer [] {1, 2, 3, 4});
    List < List < Object > > llo = new ArrayList < List < Object > > ();
    llo.add (lc);
    llo.add (lC);
    llo.add (li);
    CartesianIterable < Object > ci = new CartesianIterable < Object > (llo);
    for (List < Object > lo : ci) show (lo);
}",0
"protected void onCreate (Bundle savedInstanceState) {
    super.onCreate (savedInstanceState);
    setContentView (R.layout.activity_main);
    Window window = this.getWindow ();
    window.addFlags (WindowManager.LayoutParams.FLAG_DISMISS_KEYGUARD);
    window.addFlags (WindowManager.LayoutParams.FLAG_SHOW_WHEN_LOCKED);
    window.addFlags (WindowManager.LayoutParams.FLAG_TURN_SCREEN_ON);
    txtMessage = (TextView) findViewById (R.id.txtMesssage);
    Button buttonOne = (Button) findViewById (R.id.block1);
    Button buttonTwo = (Button) findViewById (R.id.block2);
    Button buttonThree = (Button) findViewById (R.id.block3);
    Button buttonFour = (Button) findViewById (R.id.block4);
    Button buttonFive = (Button) findViewById (R.id.block5);
    Button buttonSix = (Button) findViewById (R.id.block6);
    buttonOne.setOnClickListener (this);
    buttonTwo.setOnClickListener (this);
    buttonThree.setOnClickListener (this);
    buttonFour.setOnClickListener (this);
    buttonFive.setOnClickListener (this);
    buttonSix.setOnClickListener (this);
}","protected void onCreate (Bundle savedInstanceState) {
    super.onCreate(savedInstanceState);
    setContentView(R.layout.activity_main);
    Window window = this.getWindow();
    window.addFlags(WindowManager.LayoutParams.FLAG_NOT_TOUCHABLE);
    window.addFlags(WindowManager.LayoutParams.FLAG_SHOW_WHEN_LOCKED);
    window.addFlags(WindowManager.LayoutParams.FLAG_KEEP_SCREEN_ON);
    txtMessage = (TextView) findViewById(R.id.txtMesssage);
    Button buttonOne = (Button) findViewById(R.id.block1);
    Button buttonTwo = (Button) findViewById(R.id.block2);
    Button buttonThree = (Button) findViewById(R.id.block3);
    Button buttonFour = (Button) findViewById(R.id.block4);
    Button buttonFive = (Button) findViewById(R.id.block5);
    Button buttonSix = (Button) findViewById(R.id.block6);
    buttonOne.setOnClickListener(this);
    buttonTwo.setOnClickListener(this);
    buttonThree.setOnClickListener(this);
    buttonFour.setOnClickListener(this);
    buttonFive.setOnClickListener(this);
    buttonSix.setOnClickListener(this);
}",0
"public static void printTable (String [] countries, int [] populations) {
    if (countries.length != 0) {
        int longestNameInput = countries [0].length ();
        int longestPopInput = String.valueOf (populations [0]).length ();
        for (int i = 0;
        i < countries.length; i ++) {
            int countLength = countries [i].length ();
            int popLength = String.valueOf (populations [i]).length ();
            if (countLength > longestNameInput) longestNameInput = countLength;
            if (popLength > longestPopInput) longestPopInput = popLength;
        }
        for (int i = 0;
        i < countries.length; i ++) {
            System.out.print (countries [i]);
            for (int j = 0;
            j < (longestNameInput - countries [i].length ()); j ++) System.out.print ("" "");
            System.out.print ("" | "");
            for (int k = 0;
            k < (longestPopInput - String.valueOf (populations [i]).length ()); k ++) System.out.print ("" "");
            System.out.println (populations [i]);
        }
    }
}


public static void printTable (String [] countries, int [] populations) {
    if (countries.length != 0) {
        int longestNameInput = countries[0].length();
        int longestPopInput = String.valueOf(populations[0]).length();
        for (int i = 0; i < countries.length; i++) {
            int countLength = countries[i].length();
            int popLength = String.valueOf(populations[i]).length();
            if (countLength >","public static int countLines (String str) {
    if (str == null || str.isEmpty ()) {
        return 0;
    }
    int lines = 1;
    int pos = 0;
    while ((pos = str.indexOf (""\n"", pos) + 1) != 0) {
        lines ++;
    }
    return lines;
}


public static int countLines (String str) {
    int lines = 1;

    if(str == null || str.isEmpty()){
        return 0;
    }

    for(int pos = 0; pos < str.length()-1; pos++){
        char c = str.charAt(pos);
        if(c == '\n') {
            lines++;
        }
    }
    
    return lines;
}",1
"public static void main (String args []) {
    int n, max = Integer.MIN_VALUE, min = Integer.MAX_VALUE;
    System.out.println (""Enter the number of elements: "");
    Scanner sc = new Scanner (System.in);
    int [] arr = new int [sc.nextInt ()];
    System.out.println (""Enter the elements: "");
    for (int i = 0;
    i < arr.length; i ++) {
        int next = sc.nextInt ();
        arr [i] = next;
    }
    for (int j = 0;
    j < arr.length; j ++) {
        if (arr [j] > max) max = arr [j];
        else if (arr [j] < min) min = arr [j];
    }
    System.out.println (""Highest Value in array: "" + max);
    System.out.println (""Smallest Value in array: "" + min);
}","public static void main (String args []) {
    int n, maxNumber = Integer.MIN_VALUE, lowestNumber = Integer.MAX_VALUE;
    System.out.println (""Enter the number of elements: "");
    Scanner sc = new Scanner (System.in);
    int arrayLength = sc.nextInt ();
    int [] arrayFull = new int [arrayLength];
    System.out.println (""Enter the elements: "");
    for (int i = 0;
    i < arrayFull.length; i ++) {
        arrayFull [i] = sc.nextInt ();
    }
    for (int j = 0; j < arrayFull.length; j ++) {
        if (arrayFull [j] > maxNumber) 
            maxNumber = arrayFull [j];
        else if (arrayFull [j] < lowestNumber) 
            lowestNumber = arrayFull [j];
    }
    System.out.println (""Highest Value in array: "" + maxNumber);
    System.out.println (""Smallest Value in array: "" + lowestNumber);
}",0
"static void throwException (final String exClassName) throws CheckedException, UncheckedException {
    Class < ? > clazz;
    try {
        clazz = Class.forName (exClassName);
    } catch (ClassNotFoundException cnfe) {
        throw new InternalError (exClassName, cnfe);
    }
    if (CheckedException.class.isAssignableFrom (clazz)) {
        throw newException (clazz.asSubclass (CheckedException.class));
    } else if (UncheckedException.class.isAssignableFrom (clazz)) {
        throw newException (clazz.asSubclass (UncheckedException.class));
    } else {
        throw new InternalError (exClassName + "" is not a valid exception"");
    }
}



static void throwException (final String exClassName) throws CheckedException, UncheckedException {
    Class < ? > clazz;
    try {
        clazz = Class.forName (exClassName);
    } catch (ClassNotFoundException cnfe) {
        throw new InternalError (exClassName, cnfe);
    }
    
    if (CheckedException.class.isAssignableFrom (clazz) 
        && UncheckedException.class.isAssignableFrom (clazz))
    {
        throw newException (clazz.asSubclass (CheckedException.class));
    } else {
        throw new InternalError (exClassName + "" is not a valid exception"");
    }
}","int findCombinationsCount (int amount, int coins []) {
    if (coins.length == 1) {
        return amount % coins [0] == 0 ? 1 : 0;
    } else {
        int total = 0;
        int [] subCoins = arrayOfCoinsExceptTheFirstOne (coins);
        for (int i = 0;
        i * coins [0] <= amount; ++ i) {
            total += findCombinationsCount (amount - i * coins [0], subCoins);
        }
        return total;
    }
}


int findCombinationsCount (int amount, int coins []) {
    if (coins.length == 1) {
        return amount % coins [0] == 0 ? 1 : 0;
    } else {
        int total = 0;
        int [] subCoins = arrayOfCoinsExceptTheLargestOne (coins);
        int maxCoin = coins[0];
        for (int i=1; i<coins.length;i++) {
            if (coins[i] > maxCoin) {
                maxCoin = coins[i];
            }
        }
        for (int i = 0;
        i * maxCoin <= amount; ++ i) {
            total += findCombinationsCount (amount - i * maxCoin, subCoins);
        }
        return total;
    }
}",1
"int findCombinationsCount (int amount, int coins [], int checkFromIndex) {
    if (amount == 0) return 1;
    else if (amount < 0 || coins.length == checkFromIndex) return 0;
    else {
        int withFirstCoin = findCombinationsCount (amount - coins [checkFromIndex], coins, checkFromIndex);
        int withoutFirstCoin = findCombinationsCount (amount, coins, checkFromIndex + 1);
        return withFirstCoin + withoutFirstCoin;
    }
}","int findCombosCount (int sum, int coins [], int checkIndex) {
    if (sum == 0) return 1;
    else if (sum < 0 || coins.length == checkIndex) return 0;
    else {
        int withFirstCoin = findCombosCount (sum - coins [checkIndex], coins, checkIndex);
        int withoutFirstCoin = findCombosCount (sum, coins, checkIndex + 1);
        return withFirstCoin + withoutFirstCoin;
    }
}",0
"public Component getTableCellRendererComponent (JTable table, Object value, boolean isSelected, boolean hasFocus, int row, int column) {
    super.getTableCellRendererComponent (table, value, isSelected, hasFocus, row, column);
    setToolTipText (""Row "" + row + "" Column "" + column + ""\nUsed to display a 'Tip' for a Component. "" + ""Typically components provide api to automate the process of "" + ""using ToolTips. For example, any Swing component can use the "" + ""JComponent  setToolTipText method to specify the text for a standard tooltip."");
    return this;
}


public Component getTableCellRendererComponent (JTable table, Object value, boolean isSelected, boolean hasFocus, int row, int column) {
    super.getTableCellRendererComponent (table, value, isSelected, hasFocus, row, column);
    setToolTipText (""Row "" + row + "" Column "" + column + ""\nUsed to display a 'Tip' for a Component."");
    return this;
}","public static String toHexString (byte bytes []) {
    if (bytes == null) {
        return null;
    }
    StringBuffer sb = new StringBuffer ();
    for (int iter = 0;
    iter < bytes.length; iter ++) {
        byte high = (byte) ((bytes [iter] & 0xf0)>> 4);
        byte low = (byte) (bytes [iter] & 0x0f);
        sb.append (nibble2char (high));
        sb.append (nibble2char (low));
    }
    return sb.toString ();
}


public static String toHexString (int bytes []) {
    if (bytes == null) {
        return null;
    }
    StringBuffer sb = new StringBuffer ();
    for (int iter = 0;
    iter < bytes.length; iter ++) {
        int high = (int) ((bytes [iter] & 0xf0)>> 4);
        int low = (int) (bytes [iter] & 0x0f);
        sb.append (nibble2char (high));
        sb.append (nibble2char (low));
    }
    return sb.toString ();
}",1
"public static int [] [] getRows (int i, int j, int [] [] array) {
    int [] [] another = new int [j - i + 1] [];
    while (i <= j) {
        for (int k = 0;
        k < another.length; k ++) {
            another [k] = array [i];
            i ++;
        }
    }
    return another;
}


 

public static int[][] getRows (int i, int j, int[][] array) {
    int[][] result = new int[j-i+1][];
    java.util.List<int[]> list = java.util.Arrays.asList(array).subList(i, j+1);
    return list.toArray(result);
}","public static void main (String args []) throws java.io.IOException {
    List < String > list = new ArrayList < String > ();
    list.add (""A"");
    list.add (""B"");
    list.add (""A"");
    list.add (""B"");
    list.add (""C"");
    list.add (""D"");
    Collections.sort (list);
    List < ArrayList < String > > arrays = new ArrayList < ArrayList < String > > ();
    int k = 0;
    for (int i = 0;
    i < list.size ();) {
        int count = Collections.frequency (list, list.get (i));
        arrays.add (new ArrayList < String > ());
        for (int j = 0;
        j < count; j ++) {
            arrays.get (k).add (list.get (i));
        }
        i += count;
        k ++;
    }
    for (ArrayList < String > arr : arrays) {
        for (String s : arr) {
            System.out.print (s + "" "");
        }
        System.out.println ();
    }
}


 public static void main (String args[]) throws java.io.IOException {
	// Use a HashSet to store the elements of the list
	Set<String> set = new HashSet<String>();
	for (String each : list) {
	    set.add(each);
	}
	// Create a HashMap for storing the frequency of each element
	Map<String, Integer> map = new HashMap<String, Integer>();
	for (String each : set) {
	    int count = 0;
	    for (String current : list) {
		if (each.equals(current))
		    count++;
	    }
	    map.put(each, count);
	}
	// Sort the list 
	Collections.sort(list);
	//Declare a list of ArrayLists
	List < ArrayList <String>> newList = new ArrayList <ArrayList<String>>()",1
"private static int solution (int N) {
    int gap = 0;
    String binaryStr = Integer.toBinaryString (N);
    String [] zeroArrays = binaryStr.split (""1"");
    System.out.println (Arrays.toString (zeroArrays));
    for (String zeroArray : zeroArrays) {
        gap = zeroArray.length () > gap ? zeroArray.length () : gap;
    }
    return gap;
}


private static int solution (int N) {
    int result = 0;
    String binaryStr = Integer.toBinaryString (N);
    String [] zeroArrays = binaryStr.split (""1"");
    System.out.println (binaryStr);

    for (String zeroArray : zeroArrays) {
        if (zeroArray.length() > result) 
            result = zeroArray.length();
    }

    return result;
}","private void type (char character) {
    handleSpecialCharacter (character);
    if (Character.isLowerCase (character)) {
        typeCharacter (Character.toUpperCase (character));
    }
    if (Character.isUpperCase (character)) {
        typeShiftCharacter (character);
    }
    if (Character.isDigit (character)) {
        typeCharacter (character);
    }
}


private void type (char character){
    handleSpecialCharacter (character);
    if (Character.isLowerCase (character)) {
        typeCharacter (Character.toUpperCase (character));
    }
    if (Character.isUpperCase (character) || Character.isDigit (character)) {
        typeShiftCharacter (character);
    }
}",1
"public static void main (String [] args) throws IOException {
    String ch;
    BufferedReader br = new BufferedReader (new InputStreamReader (System.in));
    System.out.print (""Enter the Statement:"");
    ch = br.readLine ();
    int count = 0, len = 0;
    do {
        try {
            char name [] = ch.toCharArray ();
            len = name.length;
            count = 0;
            for (int j = 0;
            j < len; j ++) {
                if ((name [0] == name [j]) && ((name [0] >= 65 && name [0] <= 91) || (name [0] >= 97 && name [0] <= 123))) count ++;
            }
            if (count != 0) System.out.println (name [0] + "" "" + count + "" Times"");
            ch = ch.replace ("""" + name [0], """");
        } catch (Exception ex) {
        }
    } while (len != 1);
}","public static void main (String [] args) throws IOException {
    String text;
    BufferedReader br = new BufferedReader (new InputStreamReader (System.in));
    System.out.println (""Enter the Statement:"");
    text = br.readLine ();
    int amount = 0, length = 0;
    do {
        try {
            char[] chArray = text.toCharArray ();
            length = chArray.length;
            amount = 0;
            for (int i = 0;
            i < length; i ++) {
                if ((chArray [0] == chArray [i]) && ((chArray [0] >= 'A' && chArray [0] <= 'Z') || (chArray [0] >= 'a' && chArray [0] <= 'z'))) amount ++;
            }
            if (amount != 0) System.out.println (chArray [0] + "" "" + amount + "" Times"");
            text = text.replace ("""" + chArray [0], """");
        } catch (Exception ex) {
        }
    } while (length != 1);
}",0
"public static void main (String [] args) {
    String string = ""aaabbbbbaccc"";
    int counter;
    String result = """";
    int i = 0;
    while (i < string.length ()) {
        counter = 1;
        for (int j = i + 1;
        j < string.length (); j ++) {
            System.out.println (""string length ="" + string.length ());
            if (string.charAt (i) == string.charAt (j)) {
                counter ++;
            }
        }
        result = result + string.charAt (i) + counter;
        string = string.replaceAll (String.valueOf (string.charAt (i)), """");
    }
    System.out.println (""result is = "" + result);
}


 public static void main (String [] args){
    String str = ""aaabbbbbaccc"";
    StringBuilder result = new StringBuilder();
    int count = 1;
    char lastChar = str.charAt(0);
    for(int i=1; i<str.length(); i++) {
        char currentChar = str.charAt(i);
        if(currentChar == lastChar) {
            count++;
        } else {
            result.append(lastChar);
            result.append(count);
            lastChar = currentChar;
            count = 1;
        }
    }
    result.append(lastChar);
    result.append(count);
    System.out.println(""result is =""+ result);
}","public String getName (String value) {
    boolean negative = false;
    if (value.startsWith (""-"")) {
        negative = true;
        value = value.substring (1);
    }
    int decimals = value.indexOf (""."");
    String decimalValue = null;
    if (0 <= decimals) {
        decimalValue = value.substring (decimals + 1);
        value = value.substring (0, decimals);
    }
    String name = processor.getName (value);
    if ("""".equals (name)) {
        name = ZERO_TOKEN;
    } else if (negative) {
        name = MINUS.concat (SEPARATOR).concat (name);
    }
    if (! (null == decimalValue || """".equals (decimalValue))) {
        String zeroDecimalValue = """";
        for (int i = 0;
        i < decimalValue.length (); i ++) {
            zeroDecimalValue = zeroDecimalValue + ""0"";
        }
        if (decimalValue.equals (zeroDecimalValue)) {
            name = name.concat (SEPARATOR).concat (UNION_AND).concat (SEPARATOR).concat (""zero"").concat (SEPARATOR).concat (SCALE.getName (- decimalValue.length ()));
        } else {
            name = name.concat (SEPARATOR).concat (UNION_AND).concat (SEPARATOR).concat (processor.getName (decimalValue)).concat (SEPARATOR).concat (SCALE.getName (- decimalValue.length ()));
        }
    }
    return name;
}


 

public String getName (String value) {
    boolean isNegative = false;
    if(value.startsWith(""-"")) {
        isNegative = true;
        value = value.substring(1);
    }
    int decimalPos = value.indexOf(""."");
    String decima",1
"public static void main (String [] args) {
    int sayThisManyTimes = 5;
    AtomicBoolean saidHello = new AtomicBoolean (false);
    MyThread mt = new MyThread (sayThisManyTimes, saidHello);
    mt.start ();
    for (int i = 0;
    i < sayThisManyTimes; i ++) {
        while (saidHello.get ()) {
        }
        System.out.println (""Hello "");
        saidHello.set (true);
    }
}


 public static void main (String [] args) {
    int sayThisManyTimes = 5;
    Boolean saidHello = false;
    MyThread mt = new MyThread (sayThisManyTimes, saidHello);
    mt.start ();
    for (int i = 0;
    i < sayThisManyTimes; i ++) {
        while (saidHello) {
        }
        System.out.println (""Hello "");
        saidHello = true;
    }
}","public void run () {
    try {
        for (int i = 0;
        i < 2; i ++) {
            System.out.println (""tac"");
        }
    } catch (Exception e) {
        e.getStackTrace ();
    }
}


  public void run () {
    try {
        int i = 0;
        while (i < 2) {
            System.out.println (""tac"");
            i++;
        }
    } catch (Exception e) {
        e.printStackTrace ();
    }
}",1
"public Object [] tokenizer (String value, String [] delimeters) {
    List < String > list = new ArrayList < String > ();
    for (String s : delimeters) {
        if (value.contains (s)) {
            String [] strArr = value.split (""\\"" + s);
            for (String str : strArr) {
                list.add (str);
                if (! list.contains (s)) {
                    list.add (s);
                }
            }
        }
    }
    Object [] newValues = list.toArray ();
    return newValues;
}","public Object [] tokenizer (String value, String [] delimiters) {
   List < String > results = new ArrayList < String > ();
   for (String s : delimiters) {
      if (value.contains (s)) {
         String [] tokens = value.split (""\\"" + s);
         for (String str : tokens) {
            results.add (str);
            if (! results.contains (s)) {
               results.add (s);
            }
         }
      }
   }
   Object [] newValues = results.toArray ();
   return newValues;
}",0
"public void move (Container container) {
    if (x >= canvasWidth || x <= 0) {
        deltaX = - 1 * deltaX;
    }
    if (y >= canvasHeight || y <= 0) {
        deltaY = - 1 * deltaY;
    }
    x += deltaX;
    y += deltaY;
}



public void move(Container container) {
    x = Math.abs(x) >= canvasWidth ? x - deltaX : x + deltaX;
    y = Math.abs(y) >= canvasHeight ? y - deltaY : y + deltaY;
}","public static void countString (String str, char value) {
    String [] arr = str.split ("""");
    StringBuffer tempString = new StringBuffer ();
    for (String s : arr) {
        tempString.append (s);
        for (char ch : s.toCharArray ()) {
            System.out.println (""Number of Occurrence of "" + ch + "" is:"" + tempString.chars ().filter (i -> i == ch).count ());
        }
    }
    if (! (Character.toString (value).isEmpty ())) {
        StringBuffer tempString2 = new StringBuffer ();
        for (String s : arr) {
            tempString2.append (s);
            for (char ch : s.toCharArray ()) {
                if (ch == value) {
                    System.out.println (""Number of Occurrence of "" + ch + "" is:"" + tempString2.chars ().filter (i -> i == ch).count ());
                }
            }
        }
    }
}




public static void countString (String str, char value) {
    int count = (int) str.chars().filter(ch -> ch == value).count();
    System.out.println (""Number of Occurrence of "" + value + "" is:"" + count);
}",1
"private void transform (Integer hash, HSSFCellStyle styleOld, XSSFCellStyle styleNew) {
    styleNew.setAlignment (styleOld.getAlignment ());
    styleNew.setBorderBottom (styleOld.getBorderBottom ());
    styleNew.setBorderLeft (styleOld.getBorderLeft ());
    styleNew.setBorderRight (styleOld.getBorderRight ());
    styleNew.setBorderTop (styleOld.getBorderTop ());
    styleNew.setDataFormat (this.transform (styleOld.getDataFormat ()));
    styleNew.setFillBackgroundColor (styleOld.getFillBackgroundColor ());
    styleNew.setFillForegroundColor (styleOld.getFillForegroundColor ());
    styleNew.setFillPattern (styleOld.getFillPattern ());
    styleNew.setFont (this.transform (styleOld.getFont (this.workbookOld)));
    styleNew.setHidden (styleOld.getHidden ());
    styleNew.setIndention (styleOld.getIndention ());
    styleNew.setLocked (styleOld.getLocked ());
    styleNew.setVerticalAlignment (styleOld.getVerticalAlignment ());
    styleNew.setWrapText (styleOld.getWrapText ());
    this.styleMap.put (hash, styleNew);
}","private void restructure(Integer hash, HSSFCellStyle styleOld, XSSFCellStyle styleNew) {
    styleNew.setAlignment(styleOld.getAlignment());
    styleNew.setBorderBottom(styleOld.getBorderBottom());
    styleNew.setBorderLeft(styleOld.getBorderLeft());
    styleNew.setBorderRight(styleOld.getBorderRight());
    styleNew.setBorderTop(styleOld.getBorderTop());
    styleNew.setDataFormat(convert(styleOld.getDataFormat()));
    styleNew.setFillBackgroundColor(styleOld.getFillBackgroundColor());
    styleNew.setFillForegroundColor(styleOld.getFillForegroundColor());
    styleNew.setFillPattern(styleOld.getFillPattern());
    styleNew.setFont(convert(styleOld.getFont(workbookOld)));
    styleNew.setHidden(styleOld.getHidden());
    styleNew.setIndention(styleOld.getIndention());
    styleNew.setLocked(styleOld.getLocked());
    styleNew.setVerticalAlignment(styleOld.getVerticalAlignment());
    styleNew.setWrapText(styleOld.getWrapText());
    styleMap.put(hash, styleNew);
}",0
"public static String merge (String...strings) {
    int maxLength = 0;
    StringBuilder sb = new StringBuilder ();
    for (String s : strings) if (s.length () > maxLength) maxLength = s.length ();
    for (int i = 0;
    i < maxLength; i ++) for (String s : strings) if (s.length () > i) sb.append (s.charAt (i));
    return sb.toString ();
}


  public static String merge(String... strings) {
    int maxLength = 0;
    StringBuilder sb = new StringBuilder();
    // find the max length string
    for (String s : strings)
        maxLength = Math.max(maxLength, s.length());
    // iterate through each string and append the characters to the string builder
    for (int i = 0; i < maxLength; i++)
        for (String s : strings)
            if (i < s.length())
                sb.append(s.charAt(i));
    return sb.toString();
}","public void shuffle (String input) {
    List < Character > characters = new ArrayList < Character > ();
    for (char c : input.toCharArray ()) {
        characters.add (c);
    }
    StringBuilder output = new StringBuilder (input.length ());
    while (characters.size () != 0) {
        int randPicker = (int) (Math.random () * characters.size ());
        output.append (characters.remove (randPicker));
    }
    System.out.println (output.toString ());
}


  public void shuffle (String input) {
    List < Character > characters = new ArrayList < Character > ();
    for (char c : input.toCharArray ()) {
        characters.add (c);
    }
    StringBuilder output = new StringBuilder (input.length ());
    while (characters.size () > 0) {
        int randPicker = (int) (Math.random () * (characters.size ()));
        output.append (characters.remove (randPicker));
    }
    System.out.println (output.reverse ().toString ());
}",1
"public static void main (String Args []) {
    JFrame testing = new JFrame ();
    testing.setDefaultCloseOperation (JFrame.EXIT_ON_CLOSE);
    testing.setSize (1000, 1000);
    testing.setVisible (true);
    JLabel countDownLabel = new JLabel ();
    countDownLabel.setText (""Now it's : "" + Globals.seconds);
    testing.add (countDownLabel);
    CountDown countdown = new CountDown (countDownLabel);
    Timer timer = new Timer (5000, countDown);
    timer.start ();
}","public static void main (String Args[]) {
	JFrame testing = new JFrame ();
	testing.setDefaultCloseOperation (JFrame.EXIT_ON_CLOSE);
	testing.setSize (1000, 1000);
	testing.setVisible (true);
	JLabel countDownLabel = new JLabel ();
	countDownLabel.setText (""Lapsing: "" + Globals.seconds);
	testing.add (countDownLabel);
	SlowingDown countdown = new SlowingDown (countDownLabel);
	Timer timer = new Timer (5000, countDown);
    timer.start ();
}",0
"public CharSequence filter (CharSequence source, int start, int end, Spanned dest, int dstart, int dend) {
    String lsStart = """";
    String lsInsert = """";
    String lsEnd = """";
    String lsText = """";
    Log.d (""debug"", moPattern.toString ());
    Log.d (""debug"", ""source: "" + source + "", start: "" + start + "", end:"" + end + "", dest: "" + dest + "", dstart: "" + dstart + "", dend: "" + dend);
    lsText = dest.toString ();
    if (lsText.length () > 0) {
        lsStart = lsText.substring (0, dstart);
        Log.d (""debug"", ""lsStart : "" + lsStart);
        if (source != """") {
            lsInsert = source.toString ();
            Log.d (""debug"", ""lsInsert: "" + lsInsert);
        }
        lsEnd = lsText.substring (dend);
        Log.d (""debug"", ""lsEnd   : "" + lsEnd);
        lsText = lsStart + lsInsert + lsEnd;
        Log.d (""debug"", ""lsText  : "" + lsText);
    }
    Matcher loMatcher = moPattern.matcher (lsText);
    Log.d (""debug"", ""loMatcher.matches(): "" + loMatcher.matches () + "", lsText: "" + lsText);
    if (! loMatcher.matches ()) {
        return """";
    }
    return null;
}


  public CharSequence filter (CharSequence source, int start, int end, Spanned dest, int dstart, int dend) {
    String lsStart = """"; 
    String lsInsert = """"; 
    String lsEnd = """"; 
    String lsText = """"; 
    Log.d (""debug"", moPattern.toString ()); 
    lsText = dest.toString (); 
    if (lsText.length () > 0) {
        lsStart = lsText.substring (0, dstart); 
        if (source != """") {
  ","public static String replace (String oldStr, String newStr, String input) {
    StringBuilder sb = new StringBuilder ();
    int i;
    int prev = 0;
    while ((i = input.indexOf (oldStr, prev)) >= 0) {
        sb.append (input.substring (prev, i)).append (newStr);
        prev = i + oldStr.length ();
    }
    sb.append (input.substring (prev));
    return sb.toString ();
}


 public static String replace (String oldStr, String newStr, String input) {
    StringBuilder sb = new StringBuilder();
    int startIndex = 0;
    int matchIndex = 0;
    
    while ((matchIndex = input.indexOf(oldStr, startIndex)) > 0) {
        sb.append(input, startIndex, matchIndex).append(newStr);
        startIndex = matchIndex + oldStr.length();
    }
    sb.append(input.substring(startIndex));
    return sb.toString();
}",1
"public int solution (int X, int [] A) {
    Set < Integer > set = new HashSet < Integer > ();
    int sum1 = 0, sum2 = 0;
    for (int i = 0;
    i <= X; i ++) {
        sum1 += i;
    }
    for (int i = 0;
    i < A.length; i ++) {
        if (set.contains (A [i])) continue;
        set.add (A [i]);
        sum2 += A [i];
        if (sum1 == sum2) return i;
    }
    return - 1;
}




public int solution(int X, int[] A) {
    Set<Integer> set = new HashSet<>();
    int sum1 = X * (X + 1) / 2, sum2 = 0;
    for (int i = 0; i < A.length; i++) {
        if(set.add(A[i])) {
            sum2 += A[i];
            if (sum1 == sum2 && set.size() == X) {
                return i;
            }
        }
    }
    return -1;
}","public static void main (String [] args) {
    Scanner scan = new Scanner (System.in);
    int numOfItems = 0;
    System.out.print (""Enter How Many Items: "");
    try {
        numOfItems = Integer.parseInt (scan.nextLine ().trim ());
    } catch (NumberFormatException e) {
        System.out.print (""Number of items you entered is invalid!"");
        System.exit (0);
    }
    Grocery grocery = new Grocery (numOfItems);
    for (int i = 0;
    i < numOfItems; i ++) {
        System.out.print (""Enter Item "" + (i + 1) + "" : "");
        if (! grocery.addItem (scan.nextLine ())) {
            System.out.println (""First Item Duplicate Detected!"");
            System.exit (0);
        }
    }
    scan.close ();
    System.out.println (grocery.toString ());
}





public static void main(String[] args) {
    Scanner input = new Scanner(System.in);
    System.out.println(""Enter the number of supermarket items: "");
    int num = retrieveNumber(input);
    ItemList itemList = new ItemList(num);
    addItems(itemList, input);
    input.close();
    System.out.println(itemList.toString());
}",1
"public static void main (String [] args) {
    String test = ""The quick brown fox jumped over the lazy dog."";
    int countA = 0, countO = 0, countSpace = 0, countDot = 0;
    for (int i = 0;
    i < test.length (); i ++) {
        switch (test.charAt (i)) {
            case 'a' :
            case 'A' :
                countA ++;
                break;
            case 'o' :
            case 'O' :
                countO ++;
                break;
            case ' ' :
                countSpace ++;
                break;
            case '.' :
                countDot ++;
                break;
        }
    }
    System.out.printf (""%s%d%n%s%d%n%s%d%n%s%d"", ""A: "", countA, ""O: "", countO, ""Space: "", countSpace, ""Dot: "", countDot);
}


	public static void main(String[] args) {
		String test = ""The quick brown fox jumped over the lazy dog."";
		int countA = 0, countO = 0, countSpace = 0, countDot = 0;
		for (int i = 0; i < test.length(); i++) {
			if (test.charAt(i) == 'a' || test.charAt(i) == 'A') {
				countA += 1;
			}
			else if (test.charAt(i) == 'o' || test.charAt(i) == 'O') {
				countO += 1;
			}
			else if (test.charAt(i) == ' ') {
				countSpace += 1;
			}
			else if (test.charAt(i) == '.') {
				countDot += 1;
			}
		}
		System.out.printf(""%s%d%n%s%d%n%s%d%n%s%d"", ""A: "", countA, ""O: "", countO, ""Space: "", countSpace, ""Dot: "", countDot);
}","public static Boolean isAnagram (String word, String anagram_word) {
    if (word.length () != anagram_word.length ()) {
        return false;
    }
    char [] words_char = word.toCharArray ();
    char [] anagram_word_char = anagram_word.toCharArray ();
    int words_char_num = 1;
    int anagram_word_num = 1;
    Map < Character, Integer > wordPrimeMap = wordPrimeMap ();
    for (int i = 0;
    i < words_char.length; i ++) {
        words_char_num *= wordPrimeMap.get (words_char [i]);
    }
    for (int i = 0;
    i < anagram_word_char.length; i ++) {
        anagram_word_num *= wordPrimeMap.get (anagram_word_char [i]);
    }
    return anagram_word_num == words_char_num;
}


 

public static boolean isAnagram(String word, String anagram){
            if(word.length() == anagram.length()) {
                return (sumOfChars(word)==sumOfChars(anagram)) ? true : false;
            }
            return false;
        }
        static int sumOfChars(String word){
            int sum=0;
            for(char ch : word.toCharArray()){
                sum += ch;
            }
            return sum;
}",1
"public static String validName (Scanner input, Scanner histogram) {
    String user = """";
    String name = input.next ();
    String tmp = """";
    boolean test = false;
    while (histogram.hasNext ()) {
        user = histogram.next ();
        tmp += user + "" "";
        if (name.equalsIgnoreCase (user)) {
            test = true;
            break;
        } else {
            test = false;
        }
    }
    if (! test) {
        System.out.println (""Name not found"");
        user = validName (input, new Scanner (tmp));
    }
    return user;
}","public static String validName (Scanner input, Scanner histogram) {
    String user = """";
    String name = input.next ();
    String tmp = """";
    boolean test = false;
    while (histogram.hasNext ()) {
        user = histogram.next ();
        tmp += user + "" "";
        if (name.equalsIgnoreCase (user)) {
            test = true;
            break;
        } else {
            test = false;
        }
    }
    if (! test) {
        System.out.println (""Name not found"");
        user = validName (input, histogram);
    }
    return user;
}",0
"public static void main (String [] args) {
    String str = ""AAABBBBCC"";
    int length = str.length ();
    StringBuilder sb = new StringBuilder ();
    int count = 1;
    for (int i = 0;
    i < length; i ++) {
        if (i == length - 1) {
            sb.append (str.charAt (i) + """" + count);
            break;
        }
        if (str.charAt (i) == str.charAt (i + 1)) {
            count ++;
        } else {
            sb.append (str.charAt (i) + """" + count);
            count = 1;
        }
    }
    System.out.println (sb.toString ());
}


 public static void main (String [] args) {
    String str = ""AAABBBBCC"";
    int length = str.length ();
 
    StringBuilder sb = new StringBuilder ();
    int count = 1;
    
    sb.append(str.charAt(0) + """" + count);
    for (int i=0; i<str.length() - 1; i++){
        if (str.charAt(i) == str.charAt(i + 1)){
            count ++;  
        } else {
            sb.append(str.charAt(i + 1) + """" + count);
            count = 1;
        }
    }
    
    System.out.println (sb.toString ());
}","public ListNode switchPairs () {
    if (this == null || this.next == null) return this;
    ListNode top = this.next;
    ListNode first = this;
    ListNode second = first.next;
    do {
        ListNode third = second.next;
        second.next = first;
        first.next = third;
        first = third;
        System.out.println (""@@@ "" + this.toString ());
        if (first != null) {
            second.next.next = first.next;
            second = first.next;
        }
    } while (first != null && second != null);
    return top;
}





public ListNode switchPairs() {
    if(this == null || this.next == null) return this;
    ListNode top = this.next;
    ListNode first = this;
    ListNode second = first.next;
    ListNode tmp;
    while(first != null && second != null) {
        tmp = second.next;
        second.next = first;
        first = tmp;
        if(tmp != null) {
            second.next.next = tmp.next;
            second = tmp.next;
        }
        System.out.println (""@@@ "" + this.toString());
    }
    return top;
}",1
"public static void copyFolder (Path src, Path dest) {
    try {
        Files.walk (src).forEach (s -> {
            try {
                Path d = dest.resolve (src.relativize (s));
                if (Files.isDirectory (s)) {
                    if (! Files.exists (d)) Files.createDirectory (d);
                    return;
                }
                Files.copy (s, d);
            } catch (Exception e) {
                e.printStackTrace ();
            }
        });
    } catch (Exception ex) {
        ex.printStackTrace ();
    }
}","public static void copyFolder (Path src, Path dest){
    try {
        Files.walk(src).forEach(s -> {
            try {
                Path d = dest.resolve(src.relativize(s));
                if (Files.isDirectory(s)){
                    if (!Files.exists(d)) Files.createDirectories(d);
                    return;
                }
                Files.copy(s, d, StandardCopyOption.REPLACE_EXISTING);
            } catch (Exception e) {
                e.printStackTrace();
            }
        });
    } catch (Exception ex) {
        ex.printStackTrace();
    }
}",0
"public int solution (int X, int [] A) {
    int size = A.length;
    int [] check = new int [X];
    int cmp = 0;
    int time = - 1;
    for (int x = 0;
    x < size; x ++) {
        int temp = A [x];
        if (temp <= X) {
            if (check [temp - 1] > 0) {
                continue;
            }
            check [temp - 1] ++;
            cmp ++;
        }
        if (cmp == X) {
            time = x;
            break;
        }
    }
    return time;
}","int solution(int X, int[] A) {
    int size = A.length;
    int[] check = new int[X];
    int cmp = 0;
    int time = -1;
    for (int x = 0; x < size; x++) {
        int temp = A[x];
        if (temp <= X) {
            if (check[temp - 1] > 0) {
                continue;
            }
            check[temp - 1] += 3;
            cmp++;
        }
        if (cmp == X) {
            time = x;
            break;
        }
    }
    return time;
}",0
"public static void setCursorColor (EditText view,@ColorInt
int color) {
    try {
        Field field = TextView.class.getDeclaredField (""mCursorDrawableRes"");
        field.setAccessible (true);
        int drawableResId = field.getInt (view);
        field = TextView.class.getDeclaredField (""mEditor"");
        field.setAccessible (true);
        Object editor = field.get (view);
        Drawable drawable = ContextCompat.getDrawable (view.getContext (), drawableResId);
        drawable.setColorFilter (color, PorterDuff.Mode.SRC_IN);
        Drawable [] drawables = {drawable, drawable};
        field = editor.getClass ().getDeclaredField (""mCursorDrawable"");
        field.setAccessible (true);
        field.set (editor, drawables);
    } catch (Exception ignored) {
    }
}","public static void setCursorColor (EditText view,@ColorInt int color) {
    try {
        Field field = TextView.class.getDeclaredField (""mCursorDrawableRes"");
        field.setAccessible (true);
        int drawableResId = field.getInt (view);
        field = TextView.class.getDeclaredField (""mEditor"");        
        field.setAccessible (true);
        Object editor = field.get (view);
        Drawable drawable = ContextCompat.getDrawable (view.getContext (), drawableResId); 
        drawable.setColorFilter (color, PorterDuff.Mode.XOR);
        Drawable [] drawables = {drawable, drawable};
        field = editor.getClass ().getDeclaredField (""mCursorDrawable"");
        field.setAccessible (true);
        field.set (editor, drawables);
    } catch (Exception ignored) {
    }
}",0
"public Node reverse (Node previous, Node current) {
    if (previous == null) return null;
    if (previous.equals (head)) previous.setNext (null);
    if (current == null) {
        head = previous;
        return head;
    } else {
        Node temp = current.getNext ();
        current.setNext (previous);
        reverse (current, temp);
    }
    return null;
}","public Node reverse( Node previous, Node current) {
    if (previous == null) return null;
    if(previous.equals(head)) previous.setNext(null);
    if (current == null) {
        head = previous;
        return head;
    } else {
        Node temp = current.getNext();
        reverse(temp ,current);
    }
    return null;
}",0
"public int read () throws IOException {
    if (currentFilePos <= 0 && currentBufferPos < 0 && currentLineReadPos < 0) {
        return - 1;
    }
    if (! lineBuffered) {
        fillLineBuffer ();
    }
    if (lineBuffered) {
        if (currentLineReadPos == 0) {
            lineBuffered = false;
        }
        return currentLine [currentLineReadPos --];
    }
    return 0;
}


public int read () throws IOException {
    if (currentFilePos <= 0 && currentBufferPos < 0 && currentLineReadPos < 0) {
        return - 1;
    }

    fillLineBuffer();
    if (lineBuffered) {
        if (currentLineReadPos > 0)
            return currentLine[currentLineReadPos--];
        else {
            lineBuffered = false;
            return 0;
        }
    }
    return 0;
}","public String getName (String value) {
    StringBuilder buffer = new StringBuilder ();
    String high, low;
    if (value.length () < getPartDivider ()) {
        high = """";
        low = value;
    } else {
        int index = value.length () - getPartDivider ();
        high = value.substring (0, index);
        low = value.substring (index);
    }
    String highName = getHighProcessor ().getName (high);
    String lowName = getLowProcessor ().getName (low);
    if (! """".equals (highName)) {
        buffer.append (highName);
        buffer.append (SEPARATOR);
        buffer.append (getToken ());
        if (! """".equals (lowName)) {
            buffer.append (SEPARATOR);
        }
    }
    if (! """".equals (lowName)) {
        buffer.append (lowName);
    }
    return buffer.toString ();
}


public String getName(String value) {
  StringBuilder buffer = new StringBuilder();
  String high, low;
  if (value.length() < getPartDivider()) {
    high = """";
    low = value;
  } else {
    int index = value.length() - getPartDivider();
    high = value.substring(0, index);
    low = value.substring(index);
  }
  String highName = """";
  if (getHighProcessor() != null)
    highName = getHighProcessor().getName(high);
  String lowName = """";
  if (getLowProcessor() != null)
    lowName = getLowProcessor().getName(low);
  if (!"""".equals(highName)) {
    buffer.append(highName);
    buffer.append(SEPARATOR);
    buffer.append(getToken());
    if (!"""".equals(lowName))
      buffer.appen",1
"public static void main (String [] args) {
    int len = args.length;
    if (len <= 0) {
        System.out.println ("" ERROR: Please input a value of 1-5"");
        System.exit (0);
    }
    int j;
    for (int i = 0;
    i <= len; i ++) {
        for (j = 0; j <= i; j ++) System.out.print (""*"");
        System.out.println ("""");
    }
}","public static void main (String [] args) {
    int len = args.length;
    if (len <= 0) {
        System.out.println ("" ERROR: Please input a value of 1-5"");
        System.exit (0);
    }
    int j;
    for (int i = 0;
    i <= len; i ++) {
        for (j = 0; j < i; j ++) System.out.print (""*"");
        System.out.println ("""");
    }
}",0
"private static int countZeros (int [] f) {
    int start = 0, end = 0, cnt = 0;
    for (int i = 1;
    i < f.length; i ++) {
        if (f [i - 1] != 0 && f [i] == 0) {
            start = i;
        } else if (f [i - 1] == 0 && f [i] != 0 && start > 0) {
            end = i;
            cnt += end - start;
        }
    }
    return cnt;
}



private static int countZeros (int [] f) {
    int count = 0;
    for (int i = 0; i < f.length; i ++) {
        if (f [i] == 0) count++;
    }
    return count;
}","public static void countString (String str, char value) {
    String [] arr = str.split ("""");
    StringBuffer tempString = new StringBuffer ();
    for (String s : arr) {
        tempString.append (s);
        for (char ch : s.toCharArray ()) {
            System.out.println (""Number of Occurrence of "" + ch + "" is:"" + tempString.chars ().filter (i -> i == ch).count ());
        }
    }
    if (! (Character.toString (value).isEmpty ())) {
        StringBuffer tempString2 = new StringBuffer ();
        for (String s : arr) {
            tempString2.append (s);
            for (char ch : s.toCharArray ()) {
                if (ch == value) {
                    System.out.println (""Number of Occurrence of "" + ch + "" is:"" + tempString2.chars ().filter (i -> i == ch).count ());
                }
            }
        }
    }
}



 public static void countString (String str, char value) {
    int count = 0;
    for (int i = 0; i < str.length(); i++) {
        if (str.charAt(i) == value) count++;
    }
    System.out.println(""Number of Occurrence of "" + value + "" is: "" + count);
}",1
"public void type (String text) {
    char c;
    for (int ii = 0;
    ii < text.length (); ii ++) {
        c = text.charAt (ii);
        if (c <= 31 || c == 129) {
            pressControlKey (c);
        } else {
            typeAsciiCode (c);
        }
    }
}


public void type (String text) {
    char c;
    for (int ii = 0;
    ii < text.length (); ii ++) {
        c = text.charAt (ii);
        if (c <= 31) {
            pressControlKey (c);
        } else if (c == 129) {
            pressCommandKey (c);
        } else {
            typeAsciiCode (c);
        }
    }
}","public void actionPerformed (ActionEvent e) {
    switch (direction) {
        case UP :
            draw.incrementY (false);
            break;
        case DOWN :
            draw.incrementY (true);
            break;
        case LEFT :
            draw.incrementX (false);
            break;
        case RIGHT :
            draw.incrementX (true);
            break;
        default :
            break;
    }
}


public void actionPerformed (ActionEvent e) {
    switch (direction) {
        case UP :
            draw.moveUp ();
            break;
        case DOWN :
            draw.moveDown ();
            break;
        case LEFT :
            draw.moveLeft ();
            break;
        case RIGHT :
            draw.moveRight ();
            break;
        default :
            break;
    }
}",1
"public static void main (String [] args) {
    String test = ""The quick brown fox jumped over the lazy dog."";
    int countA = 0, countO = 0, countSpace = 0, countDot = 0;
    for (int i = 0;
    i < test.length (); i ++) {
        switch (test.charAt (i)) {
            case 'a' :
            case 'A' :
                countA ++;
                break;
            case 'o' :
            case 'O' :
                countO ++;
                break;
            case ' ' :
                countSpace ++;
                break;
            case '.' :
                countDot ++;
                break;
        }
    }
    System.out.printf (""%s%d%n%s%d%n%s%d%n%s%d"", ""A: "", countA, ""O: "", countO, ""Space: "", countSpace, ""Dot: "", countDot);
}



public static void main (String [] args) {
    
    String test = ""The quick brown fox jumped over the lazy dog."";
    int countA = 0, countO = 0, countSpace = 0, countDot = 0;
    for(int i = 0; i < test.length(); i++) {
        char ch = test.charAt (i);
        if (ch == 'a' || ch == 'A') {
            countA ++;
        }
        else if (ch == 'o' || ch == 'O') {
            countO ++;
        }
        else if (ch == ' ') {
            countSpace ++;
        }
        else if (ch == '.') {
            countDot ++;
        }
    }

    System.out.printf (""%s%d%n%s%d%n%s%d%n%s%d"", ""A: "", countA, ""O: "", countO, ""Space: "", countSpace, ""Dot: "", countDot);
}","public void onRequestPermissionsResult (int requestCode, String permissions [], int [] grantResults) {
    super.onRequestPermissionsResult (requestCode, permissions, grantResults);
    if (grantResults.length == 0 || grantResults == null) {
    } else if (grantResults [0] == PackageManager.PERMISSION_GRANTED) {
    } else if (grantResults [0] == PackageManager.PERMISSION_DENIED) {
    }
}


public void onRequestPermissionsResult (int requestCode, String permissions [], int [] grantResults) {
    if (grantResults == null || grantResults.length == 0) {
    } else if (!(grantResults [0] == PackageManager.PERMISSION_GRANTED) && !(grantResults [0] == PackageManager.PERMISSION_DENIED)) {
    } else if (grantResults [0] == PackageManager.PERMISSION_GRANTED) {
    } else {
        // Denied
    }
}",1
"public void run () {
            WhiteSpace ws = new WhiteSpace ();
            Container gui = ws.getGui ();
            JFrame f = new JFrame (""White (OK Red) Space"");
            f.add (gui);
            f.setDefaultCloseOperation (JFrame.DISPOSE_ON_CLOSE);
            f.setLocationByPlatform (true);
            f.setResizable (false);
            f.pack ();
            f.setVisible (true);
}","public void run () {
                Container gui = WhiteSpace.getGui ();
                JFrame f = new JFrame (""White (OK Red) Space"");
                f.add (gui);
                f.setDefaultCloseOperation (WindowConstants.EXIT_ON_CLOSE);
                f.setLocationByPlatform (true);
                f.setSize(960,540);
                f.setResizable (false);
                f.setVisible(true);
}",0
"private static void printPath (int [] [] mat, int i, int j) {
    if (mat.length == 0 || mat [0].length == 0) {
        System.out.println (""Empty matrix"");
        return;
    }
    System.out.println (""("" + i + "","" + j + "")"");
    int rightValue = i >= 0 && i < mat.length - 1 && mat [i] [j] < mat [i + 1] [j] ? mat [i + 1] [j] : mat [i] [j];
    int belowValue = j >= 0 && j < mat [0].length - 1 && mat [i] [j] < mat [i] [j + 1] ? mat [i] [j + 1] : mat [i] [j];
    int aboveValue = i > 0 && i < mat.length - 1 && mat [i] [j] < mat [i - 1] [j] ? mat [i - 1] [j] : mat [i] [j];
    int leftValue = j > 0 && j < mat [0].length - 1 && mat [i] [j] < mat [i] [j - 1] ? mat [i] [j - 1] : mat [i] [j];
    if (rightValue > leftValue) {
        if (rightValue > belowValue) {
            if (rightValue > aboveValue) {
                printPath (mat, i + 1, j);
            } else {
                printPath (mat, i, j + 1);
            }
        } else {
            if (belowValue > aboveValue) {
                printPath (mat, i - 1, j);
            } else {
                printPath (mat, i, j + 1);
            }
        }
    } else {
        if (leftValue > belowValue) {
            if (leftValue > aboveValue) {
                printPath (mat, i - 1, j);
            } else {
                printPath (mat, i, j + 1);
            }
        } else {
            if (belowValue > aboveValue) {
                printPath (mat, i - 1, j);
            } else {
                printPath (mat, i, j","private static void printPath (int [] [] mat, int i, int j) {
    if (mat.length == 0 || mat [0].length == 0) {
        System.out.println (""Empty matrix"");
        return;
    }
    System.out.println (""("" + i + "","" + j + "")"");
    
    int rightValue = i >= 0 && i < mat.length - 1 && mat [i][j] < mat[i+1][j] ? mat[i+1][j] : mat [i][j];
    int leftValue = i > 0 && i < mat.length - 1 && mat [i][j] < mat[i-1][j] ? mat[i-1][j] : mat [i][j];
    int belowValue = j >= 0 && j < mat [0].length - 1 && mat [i][j] < mat[i][j+1] ? mat[i][j+1] : mat [i][j];
    int aboveValue = j > 0 && j < mat [0].length - 1 && mat [i][j] < mat[i][j-1] ? mat[i][j-1] : mat [i][j];
 
    if (rightValue > leftValue) {
        if (rightValue > belowValue) {
            if (rightValue > aboveValue) {
                printPath (mat, i + 1, j);
            }
            else {
                printPath (mat, i, j + 1);
            }
        }
        else {
            if (belowValue > aboveValue) {
                printPath (mat, i - 1, j);
            }
            else {
                printPath (mat, i, j + 1);
            }
        }
    }
    else {
        if (leftValue > belowValue) {
            if (leftValue > aboveValue) {
                printPath (mat, i - 1, j);
            }
            else {
                printPath (mat, i, j + 1);
            }
        }
        else {
            if (belowValue > aboveValue) {
                printPath (mat, i - 1, j);
            }
            else {
 ",0
"public ResponseEntity < ? > match (@PathVariable
String matchId,@RequestBody
String body, HttpServletRequest request, HttpServletResponse response) {
    Product p;
    try {
        p = service.getProduct (request.getProductId ());
    } catch (Exception ex) {
        return new ResponseEntity < String > (HttpStatus.BAD_REQUEST);
    }
    return new ResponseEntity (p, HttpStatus.OK);
}






public ResponseEntity<?> match(@PathVariable String matchId, @RequestBody String body, HttpServletRequest request, HttpServletResponse response) {
    Product p;
        p = service.getDatabase(request.getProductId());
    if(p == null) {
        return new ResponseEntity<>(HttpStatus.NO_CONTENT);
    }
    return new ResponseEntity<>(p, HttpStatus.OK);
}","public void run () {
            System.out.println (ARRAY_ELEMENTS [index]);
            index ++;
            if (index >= ARRAY_ELEMENTS.length) {
                utilTimer.cancel ();
            }
}


  public void run() {
        if(index < ARRAY_ELEMENTS.length) {
            System.out.println(ARRAY_ELEMENTS[index]);
            index++;
            utilTimer.schedule(this, 2000, 0);
        } else {
            utilTimer.cancel();
        }
}",1
"public static void main (String [] args) throws InterruptedException {
    MyThread mt = new MyThread ();
    mt.hello = hello;
    mt.world = world;
    mt.start ();
    for (int i = 0;
    i < 5; i ++) {
        hello.acquire ();
        System.out.println (""Hello"");
        world.release ();
    }
}","public static void main (String [] args) throws InterruptedException {
    MyThread mt = new MyThread ();
    mt.hello = hello;
    mt.world = world;
    mt.start ();
    for (int i = 0;
    i < 5; i ++) {
        hello.acquire ();
        System.out.println (""Hey"");
        world.release ();
    }
}",0
"public void start (Stage primaryStage) {
    double y1 = 15;
    ProgressBar p1 = new ProgressBar ();
    p1.setLayoutY (y1);
    HBox vb1 = new HBox (10);
    vb1.getChildren ().addAll (new Label (""Progressbar 1""), p1);
    double y2 = 15;
    ProgressBar p2 = new ProgressBar ();
    p2.setLayoutY (y2);
    HBox vb2 = new HBox (10);
    vb2.getChildren ().addAll (new Label (""Progressbar 2""), p2);
    double y3 = 15;
    ProgressBar p3 = new ProgressBar ();
    p3.setLayoutY (y3);
    HBox vb3 = new HBox (10);
    vb3.getChildren ().addAll (new Label (""Progressbar 3""), p3);
    TextChooser textChooser = new TextChooser (vb1, vb2, vb3);
    textChooser.setStyle (""-fx-font: 10px \""Verdana\"";"");
    StackPane root = new StackPane ();
    root.getChildren ().add (textChooser);
    Scene scene = new Scene (root, 300, 250);
    primaryStage.setTitle (""Hello World!"");
    primaryStage.setScene (scene);
    primaryStage.show ();
}","public void start (Stage primaryStage) {
    double y1 = 20;
    ProgressBar p1 = new ProgressBar ();
    p1.setLayoutY (y1);
    HBox vb1 = new HBox (15);
    vb1.getChildren ().addAll (new Label (""Progressbar 1""), p1);
    double y2 = 20;
    ProgressBar p2 = new ProgressBar ();
    p2.setLayoutY (y2);
    HBox vb2 = new HBox (15);
    vb2.getChildren ().addAll (new Label (""Progressbar 2""), p2);
    double y3 = 20;
    ProgressBar p3 = new ProgressBar ();
    p3.setLayoutY (y3);
    HBox vb3 = new HBox (15);
    vb3.getChildren ().addAll (new Label (""Progressbar 3""), p3);
    TextChooser textChooser = new TextChooser (vb1, vb2, vb3);
    textChooser.setStyle (""-fx-font: 12px \""Verdana\"";"");
    StackPane root = new StackPane ();
    root.getChildren ().add (textChooser);
    Scene scene = new Scene (root, 400, 350);
    primaryStage.setTitle (""Hello World!"");
    primaryStage.setScene (scene);
    primaryStage.show ();
}",0
"public static void main (String [] args) {
    for (int i = 0;
    i < 9; i ++) {
        for (int j = 0;
        j < 9; j ++) {
            for (int k = 0;
            k < 9; k ++) {
                if (condition1) {
                    System.out.println (""Breaking from Loop K and J"");
                    k = 9;
                    j = 9;
                }
                if (condition2) {
                    System.out.println (""Breaking from Loop K, J and I"");
                    k = 9;
                    j = 9;
                    i = 9;
                }
            }
        }
    }
    System.out.println (""End of I , J , K"");
}


public static void main (String [] args) {
    for (int i = 0;
    i < 9; i ++) {
        if (condition1) {
            System.out.println (""Breaking from Loop K and J"");
        }
        if (condition2) {
            System.out.println (""Breaking from Loop K, J and I"");
            i = 9;
        }
        for (int j = 0;
        j < 9; j ++) {
            for (int k = 0;
            k < 9; k ++) {
            }
        }
    }
    System.out.println (""End of I , J , K"");
}","public static void main (String...a) {
    System.out.print (""Enter the String"");
    Scanner sc = new Scanner (System.in);
    String st = sc.nextLine ();
    int [] ar = new int [256];
    for (int i = 0;
    i < st.length (); i ++) {
        ar [st.charAt (i)] = ar [st.charAt (i)] + 1;
    }
    for (int i = 0;
    i < 256; i ++) {
        char ch = (char) i;
        if (ar [i] > 0) {
            if (ar [i] == 1) {
                System.out.print (ch);
            } else {
                System.out.print (ch + """" + ar [i]);
            }
        }
    }
}


public static void main (String...a) {
    System.out.print (""Enter the String"");
    Scanner sc = new Scanner (System.in);
    String st = sc.nextLine ();
    int [] ar = new int [256];
    for (int i = 0;
    i < st.length (); i ++) {
        ar [st.charAt (i)]++;
    }
    for (int i = 0;
    i < 256; i ++) {
        char ch = (char) i;
        if (ar [i] > 0) {
            System.out.print (ch + """" + ar [i]);
        }
    }
}",1
"public static void main (String Args []) {
    JFrame testing = new JFrame ();
    testing.setDefaultCloseOperation (JFrame.EXIT_ON_CLOSE);
    testing.setSize (1000, 1000);
    testing.setVisible (true);
    JLabel countDownLabel = new JLabel ();
    countDownLabel.setText (""Now it's : "" + Globals.seconds);
    testing.add (countDownLabel);
    CountDown countdown = new CountDown (countDownLabel);
    Timer timer = new Timer (5000, countDown);
    timer.start ();
}","public static void main (String Args[]) {
	JFrame testingArea = new JFrame ();
	testingArea.setDefaultCloseOperation (JFrame.EXIT_ON_CLOSE);
	testingArea.setSize (2000, 2000);
	testingArea.setVisible (true);
	JLabel countLabel = new JLabel ();
	countLabel.setText (""Time is running : "" + Globals.seconds);
	testingArea.add (countLabel);
	ClockTicking countdown = new ClockTicking (countLabel);
	Timer timer = new Timer (5000, countDown);
    timer.start ();
}",0
"public static String getDurationBreakdown (long millis) {
    if (millis < 0) {
        throw new IllegalArgumentException (""Duration must be greater than zero!"");
    }
    long days = TimeUnit.MILLISECONDS.toDays (millis);
    millis -= TimeUnit.DAYS.toMillis (days);
    long hours = TimeUnit.MILLISECONDS.toHours (millis);
    millis -= TimeUnit.HOURS.toMillis (hours);
    long minutes = TimeUnit.MILLISECONDS.toMinutes (millis);
    millis -= TimeUnit.MINUTES.toMillis (minutes);
    long seconds = TimeUnit.MILLISECONDS.toSeconds (millis);
    StringBuilder sb = new StringBuilder (64);
    sb.append (days);
    sb.append ("" Days "");
    sb.append (hours);
    sb.append ("" Hours "");
    sb.append (minutes);
    sb.append ("" Minutes "");
    sb.append (seconds);
    sb.append ("" Seconds"");
    return (sb.toString ());
}


 

public static String getDurationBreakdown(long millis) {
    long hours, minutes, seconds;
    if (millis < 0) {
      throw new IllegalArgumentException();
    }

    hours = TimeUnit.MILLISECONDS.toHours(millis);
    millis -= TimeUnit.HOURS.toMillis(hours);
    minutes = TimeUnit.MILLISECONDS.toMinutes(millis);
    millis -= TimeUnit.MINUTES.toMillis(minutes);
    seconds = TimeUnit.MILLISECONDS.toSeconds(millis);

    return hours + "" Hours "" + minutes + "" Minutes "" + seconds + "" Seconds"";
}","private static int pow (int x, int n) {
    if (n == 0) return 1;
    if (n == 1) return x;
    if (n < 0) {
        if (x == 1 || (x == 2 && n == - 1)) return 1;
        else return 0;
    }
    if ((n & 1) == 0) {
        long num = pow (x * x, n / 2);
        if (num > Integer.MAX_VALUE) return Integer.MAX_VALUE;
        return (int) num;
    } else {
        long num = x * pow (x * x, n / 2);
        if (num > Integer.MAX_VALUE) return Integer.MAX_VALUE;
        return (int) num;
    }
}


 private static int pow (int x, int n) {
    if (n == 0) return 1;
    if (n == 1) return x;
    if (n < 0) {
        if (x == 1 || (x == 2 && n == - 1)) return 1;
            else return 0;
    }
    int result = x;
    while (n > 1) {
        result = result * x;
        n--;
    }
    return result;
}",1
"public String getName (String value) {
    boolean negative = false;
    if (value.startsWith (""-"")) {
        negative = true;
        value = value.substring (1);
    }
    int decimals = value.indexOf (""."");
    String decimalValue = null;
    if (0 <= decimals) {
        decimalValue = value.substring (decimals + 1);
        value = value.substring (0, decimals);
    }
    String name = processor.getName (value);
    if (name.isEmpty ()) {
        name = ZERO_TOKEN;
    } else if (negative) {
        name = MINUS.concat (SEPARATOR).concat (name);
    }
    if (! (null == decimalValue || decimalValue.isEmpty ())) {
        name = name.concat (SEPARATOR).concat (UNION_AND).concat (SEPARATOR).concat (processor.getName (decimalValue)).concat (SEPARATOR).concat (SCALE.getName (- decimalValue.length ()));
    }
    return name;
}


public String getName (String value) {
    boolean negative = false; 
    if (value.startsWith (""-"")) {
        negative = true;
        value = value.substring (1);
    }
    int decimals = value.indexOf ("".""); 
    String decimalValue = null;
    if (0 <= decimals) {
        decimalValue = value.substring (decimals + 1);
        value = value.substring (0, decimals);
    }
    String name;
    if (negative){
        name = MINUS.concat (SEPARATOR).concat (processor.getName(value));
    } else {
        name = processor.getName (value); 
        if (name.isEmpty()) {
            name = ZERO_TOKEN;
        }  
    }
    if (! (null == decimalValue ||","public static final void main (String...aArgs) {
    log (""Generating 10 random integers in range 1..10."");
    int START = 1;
    int END = 10;
    Random randomGenerator = new Random ();
    for (int idx = 1;
    idx <= 10; ++ idx) {
        showRandomInteger (START, END, randomGenerator);
    }
    log (""Done"");
}


public static final void main (String...aArgs) {
     log (""Generating 10 random integers in range 11..20."");
     int START = 11;
     int END = 20;
     Random randomGenerator = new Random ();
     for (int idx = 1;
     idx <= 10; ++ idx) {
         showRandomInteger (START, END, randomGenerator);
     }
     log (""Done"");
 }


//Type 3
public static final void main (String...aArgs){ 
    log (""Generating 10 random integers in range 1..10.""); 
    int START = 1, END = 10; 
    Random random = new Random(); 
    int idx = 1; 
    while (idx <= 10){ 
        showRandomInteger(START, END, random); 
        idx++; 
    } 
    log (""Done""); 
}",1
"public static int singleNumber (int [] nums) {
    int answer = 0;
    ArrayList al = new ArrayList ();
    for (int i = 0;
    i < nums.length; i ++) {
        al.add (nums [i]);
    }
    for (int i = 0;
    i < nums.length; i ++) {
        int test = nums [i];
        if (al.indexOf (test) == al.lastIndexOf (test)) {
            answer = nums [i];
        }
    }
    return answer;
}","public static int singleNumber (int [] nums) {
    int answer = 0;
    HashSet hs = new HashSet ();
    for (int i = 0;
    i < nums.length; i ++) {
        hs.add (nums [i]);
    }
    for (int i = 0;
    i < nums.length; i ++) {
        int test = nums [i];
        if (hs.contains (test)) {
            answer = nums [i];
        }
    }
    return answer;
}",0
"public static String shuffle (String text) {
    char [] characters = text.toCharArray ();
    for (int i = 0;
    i < characters.length; i ++) {
        int randomIndex = (int) (Math.random () * characters.length);
        char temp = characters [i];
        characters [i] = characters [randomIndex];
        characters [randomIndex] = temp;
    }
    return new String (characters);
}","public static String shuffle (String text) {
    char [] characters = text.toCharArray ();
    for (int i = 0;
    i < characters.length; i ++) {
        int randomPos = (int) (Math.random () * characters.length);
        char tempVar = characters [i];
        characters [i] = characters [randomPos];
        characters [randomPos] = tempVar;
    }

    return new String (characters);
}",0
"public static void main (String [] args) {
    JFrame frame = new JFrame (""New Message"");
    frame.setSize (100, 100);
    frame.setDefaultCloseOperation (JFrame.EXIT_ON_CLOSE);
    JTextArea textArea = new JTextArea ();
    frame.add (textArea, BorderLayout.CENTER);
    JPanel list = new JPanel ();
    list.setLayout (new BoxLayout (list, BoxLayout.Y_AXIS));
    frame.add (list, BorderLayout.NORTH);
    String [] labels = {""To: "", ""Cc: "", ""Bcc: "", ""Subject: ""};
    for (int i = 0;
    i < labels.length; i ++) {
        JLabel l = new JLabel (labels [i]);
        JTextField f = new JTextField ();
        JPanel p = new JPanel (new BorderLayout ());
        p.add (l, BorderLayout.WEST);
        p.add (f, BorderLayout.CENTER);
        list.add (p);
    }
    frame.pack ();
    frame.setVisible (true);
}","public static void main(String[] args) {
    JFrame frame = new JFrame(""New Message"");
    frame.setSize(100, 100);
    frame.setDefaultCloseOperation(JFrame.EXIT_ON_CLOSE);
    JTextArea textArea = new JTextArea();
    frame.add(textArea, BorderLayout.CENTER);
    JPanel list = new JPanel();
    list.setLayout(new FlowLayout(FlowLayout.LEFT));
    frame.add(list, BorderLayout.NORTH);
    String[] labels = { ""To: "", ""Cc: "", ""Bcc: "", ""Subject: "" };
    for (int i = 0; i < labels.length; i++) {
        JLabel l = new JLabel(labels[i]);
        JTextField f = new JTextField();
        list.add(l);
        list.add(f);
    }
    frame.pack();
    frame.setVisible(true);
}",0
"private static float getRandomNumberBetween (float numberOne, float numberTwo) throws Exception {
    if (numberOne == numberTwo) {
        throw new Exception (""Both the numbers can not be equal"");
    }
    float rand = (float) Math.random ();
    float highRange = Math.max (numberOne, numberTwo);
    float lowRange = Math.min (numberOne, numberTwo);
    float lowRand = (float) Math.floor (rand - 1);
    float highRand = (float) Math.ceil (rand + 1);
    float genRand = (highRange - lowRange) * ((rand - lowRand) / (highRand - lowRand)) + lowRange;
    return genRand;
}","private static float getRandomNumberBetween (float numberOne, float numberTwo) throws Exception {
    if (numberOne == numberTwo) {
        throw new Exception (""Both the numbers can not be equal"");
    }
    float randomNumber = (float) Math.random ();
    float upperRange = Math.max (numberOne, numberTwo);
    float lowerRange = Math.min (numberOne, numberTwo);
    float lowRand = (float) Math.floor (randomNumber - 1);
    float highRand = (float) Math.ceil (randomNumber + 1);
    float generatedRandomNumber = (upperRange - lowerRange) * ( (randomNumber - lowRand) / (highRand - lowRand)) + lowerRange;
    return generatedRandomNumber;
}",0
"public static final String deriveCurveName (PublicKey publicKey) throws GeneralSecurityException {
    if (publicKey instanceof java.security.interfaces.ECPublicKey) {
        final java.security.interfaces.ECPublicKey pk = (java.security.interfaces.ECPublicKey) publicKey;
        final ECParameterSpec params = pk.getParams ();
        return deriveCurveName (EC5Util.convertSpec (params, false));
    } else if (publicKey instanceof org.bouncycastle.jce.interfaces.ECPublicKey) {
        final org.bouncycastle.jce.interfaces.ECPublicKey pk = (org.bouncycastle.jce.interfaces.ECPublicKey) publicKey;
        return deriveCurveName (pk.getParameters ());
    } else throw new IllegalArgumentException (""Can only be used with instances of ECPublicKey (either jce or bc implementation)"");
}","public static final String deriveCurveName (PublicKey publicKey) throws GeneralSecurityException {
    if (publicKey instanceof java.security.interfaces.ECPublicKey) {
        final java.security.interfaces.ECPublicKey pk = (java.security.interfaces.ECPublicKey) publicKey;
        final ECParameterSpec param = pk.getParams ();
        return deriveCurveName (EC5Util.convertSpec (param, true));
    } else if (publicKey instanceof org.bouncycastle.jce.interfaces.ECPublicKey) {
        final org.bouncycastle.jce.interfaces.ECPublicKey pk = (org.bouncycastle.jce.interfaces.ECPublicKey) publicKey;
        return deriveCurveName (pk.getParameters ());
    } else throw new IllegalArgumentException (""Can only be used with instances of ECPublicKey (either jce or bc implementation)"");
}",0
"public static String [] tokenizer (String text, String [] delims) {
    for (String delim : delims) {
        int i = text.indexOf (delim);
        if (i >= 0) {
            String [] tail = tokenizer (text.substring (i + delim.length ()), delims);
            String [] list = new String [tail.length + 2];
            list [0] = text.substring (0, i);
            list [1] = delim;
            System.arraycopy (tail, 0, list, 2, tail.length);
            return list;
        }
    }
    return new String [] {text};
}


public static String [] tokenizer3 (String text, String [] delims) { 
    for (String delim : delims) { 
        int i = text.indexOf (delim); 
        if (i != -1) { 
            int size = delims.length + 2; 
            String [] tail = tokenizer3 (text.substring (i + delim.length ()), delims); 
            String [] list = new String [size]; 
            list [0] = text.substring (0, i); 
            list [1] = delim; 
            System.arraycopy (tail, 0, list, 2, tail.length); 
            return list; 
        } 
    } 
    return new String [] {text}; 
}","public void run () {
    System.out.println (ARRAY_ELEMENTS [index]);
    index ++;
    if (index >= ARRAY_ELEMENTS.length) {
        utilTimer.cancel ();
    }
}


public void run () {
    System.out.println (ARRAY_ELEMENTS [index]);
    index --;
    if (index < 0) {
        utilTimer.cancel ();
    }
}",1
"public static void main (String [] args) {
    Node root = null;
    DataInputStream reader = new DataInputStream (System.in);
    int op = 0;
    while (op != 6) {
        try {
            System.out.println (""Enter Option:\n1:Insert Front 2:Delete Front 3:Insert Rear 4:Delete Rear 5:Display List 6:Exit"");
            op = Integer.parseInt (reader.readLine ());
            switch (op) {
                case 1 :
                    System.out.println (""Enter Value: "");
                    int val = Integer.parseInt (reader.readLine ());
                    root = insertNodeFront (val, root);
                    display (root);
                    break;
                case 2 :
                    root = removeNodeFront (root);
                    display (root);
                    break;
                case 3 :
                    System.out.println (""Enter Value: "");
                    val = Integer.parseInt (reader.readLine ());
                    root = insertNodeRear (val, root);
                    display (root);
                    break;
                case 4 :
                    root = removeNodeRear (root);
                    display (root);
                    break;
                case 5 :
                    display (root);
                    break;
                default :
                    System.out.println (""Invalid Option"");
                    break;
            }
        } catch (Exception e) {
            e.printStackTrace ();
        }
    ","public static void main (String [] args) { 
    Node root = null; 
    Console console = System.console(); 
    int op = 0; 
    while (op != 6) { 
        try { 
            System.out.println(""Enter Option:\n1:Insert Front 2:Delete Front 3:Insert Rear 4:Delete Rear 5:Display List 6:Exit""); 
            op = Integer.parseInt(console.readLine()); 
            switch (op) { 
                case 1: 
                    System.out.println(""Enter Value: ""); 
                    int val = Integer.parseInt(console.readLine()); 
                    root = insertNodeFront(val, root); 
                    display(root); 
                    break; 
                case 2: 
                    root = removeNodeFront(root); 
                    display(root); 
                    break; 
                case 3: 
                    System.out.println(""Enter Value: ""); 
                    val = Integer.parseInt(console.readLine()); 
                    root = insertNodeRear(val, root); 
                    display(root); 
                    break; 
                case 4: 
                    root = removeNodeRear(root); 
                    display(root); 
                    break; 
                case 5: 
                    display(root); 
                    break; 
                default: 
                    System.out.println(""Invalid Option""); 
                    break; 
            } 
        } catch (Exception e) { 
            e.printStackTrace (); 
        } 
    } 
  ",0
"public static int count8 (int num) {
    int count = 0;
    boolean doubl = false;
    while (true) {
        int n = num % 10;
        num = num / 10;
        if (n == 8) {
            if (doubl) {
                count = count + 2;
            } else {
                count ++;
            }
            doubl = true;
        } else {
            doubl = false;
        }
        if (num == 0) break;
    }
    return count;
}","public static int count8 (int num) {
    int count = 0;
    boolean gotDouble8 = false;
    while (true) {
        int n = num % 10;
        num = num / 10;
        if (n == 8) {
            if (gotDouble8) {
                count = count + 2;
            } else {
                count ++;
            }
            gotDouble8 = true;
        } else {
            gotDouble8 = false;
        }
        if (num == 0) break;
    }
    return count;
}",0
"public static void countString (String str, char value) {
    String [] arr = str.split ("""");
    StringBuffer tempString = new StringBuffer ();
    for (String s : arr) {
        tempString.append (s);
        for (char ch : s.toCharArray ()) {
            System.out.println (""Number of Occurrence of "" + ch + "" is:"" + tempString.chars ().filter (i -> i == ch).count ());
        }
    }
    if (! (Character.toString (value).isEmpty ())) {
        StringBuffer tempString2 = new StringBuffer ();
        for (String s : arr) {
            tempString2.append (s);
            for (char ch : s.toCharArray ()) {
                if (ch == value) {
                    System.out.println (""Number of Occurrence of "" + ch + "" is:"" + tempString2.chars ().filter (i -> i == ch).count ());
                }
            }
        }
    }
}


public static void countString (String str, char value) {
    String [] arr = str.split ("""");
    StringBuffer tempString = new StringBuffer ();
    for (String s : arr) {
        tempString.append (s);
        for (char ch : s.toCharArray ()) {
            System.out.println(""Number of Occurrence of "" + ch + "" is:"" + tempString.chars().filter(i -> i == ch).count());
        }
        if (ch == value) {
            System.out.println(""Number of Occurrence of "" + ch + "" is:"" + tempString.chars().filter(i -> i == ch).count());
        }
    }
}","private static boolean hasDateExpired (int days, java.util.Date savedDate) throws ParseException {
    SimpleDateFormat dateFormatUtc = new SimpleDateFormat (""yyyy-MMM-dd HH:mm:ss"");
    dateFormatUtc.setTimeZone (TimeZone.getTimeZone (""UTC""));
    SimpleDateFormat dateFormatLocal = new SimpleDateFormat (""yyyy-MMM-dd HH:mm:ss"");
    savedDate = dateFormatLocal.parse (dateFormatUtc.format (savedDate));
    Date dateTimeNow = dateFormatLocal.parse (dateFormatUtc.format (new Date ()));
    long expires = dateTimeNow.getTime () + (DAY_IN_MS * days);
    Date expiresDate = new Date (expires);
    System.out.println (""savedDate \t\t"" + savedDate + ""\nexpiresDate \t"" + expiresDate);
    return savedDate.before (expiresDate);
}


private static boolean hasDateExpired (int days, java.util.Date savedDate) throws ParseException {
    SimpleDateFormat dateFormatUtc = new SimpleDateFormat (""yyyy-MMM-dd HH:mm:ss"");
    Date dateTimeNow = dateFormatUtc.parse (dateFormatUtc.format (new Date ()));
    long expires = dateTimeNow.getTime () + (DAY_IN_MS * days);
    Date expiresDate = new Date (expires);
    savedDate = dateFormatUtc.parse (dateFormatUtc.format (savedDate));
    System.out.println (""savedDate \t\t"" + savedDate + ""\nexpiresDate \t"" + expiresDate);
    return savedDate.before (expiresDate);
}",1
"public void actionPerformed (ActionEvent ae) {
    if (count < charsTiming.size ()) {
        highlightNextWord ();
        ((Timer) ae.getSource ()).setInitialDelay (charsTiming.get (count));
        ((Timer) ae.getSource ()).restart ();
    } else {
        reset ();
        ((Timer) ae.getSource ()).stop ();
    }
    count ++;
}","public void actionPerformed (ActionEvent ae) {
    if (count < wordsTiming.size ()) {
        highlightNextChar ();
        ((Timer) ae.getSource ()).setInitialDelay (wordsTiming.get (count));
        ((Timer) ae.getSource ()).restart ();
    } else {
        reset ();
        ((Timer) ae.getSource ()).stop ();
    }
    count ++;
}",0
"public void dispatchEvent (Event event) {
    checkNotNull (event);
    CancellableEvent cancellableEvent = null;
    boolean cancellable;
    if (cancellable = event instanceof CancellableEvent) {
        cancellableEvent = (CancellableEvent) event;
        checkArgument (cancellableEvent.isCancelled ());
    }
    fireEvents (false, event, cancellableEvent, cancellable);
    fireEvents (true, event, cancellableEvent, cancellable);
}


 public void dispatchEvent (Event event) {
    if (event != null) {
        CancellableEvent cancellableEvent = null;
        boolean cancellable = false;
        if (event instanceof CancellableEvent) {
            cancellableEvent = (CancellableEvent) event;
            if (cancellableEvent.isCancelled ()) {
                cancellable = true;
            } else {
                throw new IllegalArgumentException (""cancellable event must be cancelled"");
            }
        }
        fireEventsThen (true, event, cancellableEvent, cancellable);
        fireEventsThen (false, event, cancellableEvent, cancellable);
    } else {
        throw new IllegalArgumentException (""event cannot be null"");
    }
}","public int read (char [] cbuf, int off, int len) throws IOException {
    int read = super.read (cbuf, off, len);
    if (read == - 1) {
        return - 1;
    }
    int pos = off - 1;
    for (int readPos = off;
    readPos < off + read; readPos ++) {
        if (read == '@') {
            continue;
        } else {
            pos ++;
        }
        if (pos < readPos) {
            cbuf [pos] = cbuf [readPos];
        }
    }
    return pos - off + 1;
}




public int read9(char [] cbuf, int off, int len) throws IOException {
    int read = super.read(cbuf, off, len);
    if (read == -1) return -1;
    int pos = off;
    for (int i = off; i < off+read; i++) {
        if (cbuf[i] != '_') {
            cbuf[pos++] = cbuf[i];
        }
    }
    return pos - off;
}",1
